Genre,Series Name,Series URL,Episode Title,Broadcast Date,Audio Source / Link
Ace Williams,https://radioechoes.com/?page=series&genre=OTR-Adventure&series=Ace%20Williams,Duel With Don Carlos,1938.xx.xx,https://radioechoes.com/?page=play_download&mode=play&dl_mp3folder=A&dl_file=ace_williams_1938-xx-xx_duel_with_don_carlos.mp3&dl_series=Ace Williams&dl_title=Duel With Don Carlos&dl_date=1938.xx.xx&dl_size=3.24 MB
Ace Williams,https://radioechoes.com/?page=series&genre=OTR-Adventure&series=Ace%20Williams,The Tunis Terror,1938.xx.xx,https://radioechoes.com/?page=play_download&mode=play&dl_mp3folder=A&dl_file=ace_williams_1938-xx-xx_the_tunis_terror.mp3&dl_series=Ace Williams&dl_title=The Tunis Terror&dl_date=1938.xx.xx&dl_size=3.37 MB
Ace Williams,https://radioechoes.com/?page=series&genre=OTR-Adventure&series=Ace%20Williams,Ace To Duel Domingos,19xx.xx.xx,https://radioechoes.com/?page=play_download&mode=play&dl_mp3folder=A&dl_file=ace_williams_19xx-xx-xx_ace_to_duel_domingos.mp3&dl_series=Ace Williams&dl_title=Ace To Duel Domingos&dl_date=19xx.xx.xx&dl_size=6.8 MB
Ace Williams,https://radioechoes.com/?page=series&genre=OTR-Adventure&series=Ace%20Williams,Episode 10,19xx.xx.xx,https://radioechoes.com/?page=play_download&mode=play&dl_mp3folder=A&dl_file=ace_williams_19xx-xx-xx_episode_10.mp3&dl_series=Ace Williams&dl_title=Episode 10&dl_date=19xx.xx.xx&dl_size=6.45 MB
Ace Williams,https://radioechoes.com/?page=series&genre=OTR-Adventure&series=Ace%20Williams,Episode 5,19xx.xx.xx,https://radioechoes.com/?page=play_download&mode=play&dl_mp3folder=A&dl_file=ace_williams_19xx-xx-xx_episode_5.mp3&dl_series=Ace Williams&dl_title=Episode 5&dl_date=19xx.xx.xx&dl_size=6.72 MB
1001 Wives,https://radioechoes.com/?page=series&genre=OTR-Drama&series=1001%20Wives,Lori Odonnell,1939.09.07,https://radioechoes.com/?page=play_download&mode=play&dl_mp3folder=_num&dl_file=1001_wives_1939-09-07_lori_odonnell.mp3&dl_series=1001 Wives&dl_title=Lori Odonnell&dl_date=1939.09.07&dl_size=6.31 MB
Ace Williams,https://radioechoes.com/?page=series&genre=OTR-Adventure&series=Ace%20Williams,Duel With Don Carlos,1938.xx.xx,https://radioechoes.com/?page=play_download&mode=play&dl_mp3folder=A&dl_file=ace_williams_1938-xx-xx_duel_with_don_carlos.mp3&dl_series=Ace Williams&dl_title=Duel With Don Carlos&dl_date=1938.xx.xx&dl_size=3.24 MB
Ace Williams,https://radioechoes.com/?page=series&genre=OTR-Adventure&series=Ace%20Williams,The Tunis Terror,1938.xx.xx,https://radioechoes.com/?page=play_download&mode=play&dl_mp3folder=A&dl_file=ace_williams_1938-xx-xx_the_tunis_terror.mp3&dl_series=Ace Williams&dl_title=The Tunis Terror&dl_date=1938.xx.xx&dl_size=3.37 MB
Ace Williams,https://radioechoes.com/?page=series&genre=OTR-Adventure&series=Ace%20Williams,Ace To Duel Domingos,19xx.xx.xx,https://radioechoes.com/?page=play_download&mode=play&dl_mp3folder=A&dl_file=ace_williams_19xx-xx-xx_ace_to_duel_domingos.mp3&dl_series=Ace Williams&dl_title=Ace To Duel Domingos&dl_date=19xx.xx.xx&dl_size=6.8 MB
Ace Williams,https://radioechoes.com/?page=series&genre=OTR-Adventure&series=Ace%20Williams,Episode 10,19xx.xx.xx,https://radioechoes.com/?page=play_download&mode=play&dl_mp3folder=A&dl_file=ace_williams_19xx-xx-xx_episode_10.mp3&dl_series=Ace Williams&dl_title=Episode 10&dl_date=19xx.xx.xx&dl_size=6.45 MB
Ace Williams,https://radioechoes.com/?page=series&genre=OTR-Adventure&series=Ace%20Williams,Episode 5,19xx.xx.xx,https://radioechoes.com/?page=play_download&mode=play&dl_mp3folder=A&dl_file=ace_williams_19xx-xx-xx_episode_5.mp3&dl_series=Ace Williams&dl_title=Episode 5&dl_date=19xx.xx.xx&dl_size=6.72 MB
1001 Wives,https://radioechoes.com/?page=series&genre=OTR-Drama&series=1001%20Wives,Lori Odonnell,1939.09.07,https://radioechoes.com/?page=play_download&mode=play&dl_mp3folder=_num&dl_file=1001_wives_1939-09-07_lori_odonnell.mp3&dl_series=1001 Wives&dl_title=Lori Odonnell&dl_date=1939.09.07&dl_size=6.31 MB
The Whistler,https://radioechoes.com/?page=series&genre=OTR-Mystery&series=The%20Whistler,Retribution,1942.05.16,https://radioechoes.com/?page=play_download&mode=play&dl_mp3folder=T&dl_file=the_whistler_1942-05-16_retribution.mp3&dl_series=The Whistler&dl_title=Retribution&dl_date=1942.05.16&dl_size=6.97 MB
The Whistler,https://radioechoes.com/?page=series&genre=OTR-Mystery&series=The%20Whistler,Shrunken Head,1942.06.13,https://radioechoes.com/?page=play_download&mode=play&dl_mp3folder=T&dl_file=the_whistler_1942-06-13_shrunken_head.mp3&dl_series=The Whistler&dl_title=Shrunken Head&dl_date=1942.06.13&dl_size=6.98 MB
The Whistler,https://radioechoes.com/?page=series&genre=OTR-Mystery&series=The%20Whistler,Notes In The Night,1942.06.27,https://radioechoes.com/?page=play_download&mode=play&dl_mp3folder=T&dl_file=the_whistler_1942-06-27_notes_in_the_night.mp3&dl_series=The Whistler&dl_title=Notes In The Night&dl_date=1942.06.27&dl_size=6.76 MB
The Whistler,https://radioechoes.com/?page=series&genre=OTR-Mystery&series=The%20Whistler,Death Has A Thirst,1942.08.22,https://radioechoes.com/?page=play_download&mode=play&dl_mp3folder=T&dl_file=the_whistler_1942-08-22_death_has_a_thirst.mp3&dl_series=The Whistler&dl_title=Death Has A Thirst&dl_date=1942.08.22&dl_size=6.65 MB
The Whistler,https://radioechoes.com/?page=series&genre=OTR-Mystery&series=The%20Whistler,The Letter,1942.08.29,https://radioechoes.com/?page=play_download&mode=play&dl_mp3folder=T&dl_file=the_whistler_1942-08-29_the_letter.mp3&dl_series=The Whistler&dl_title=The Letter&dl_date=1942.08.29&dl_size=6.67 MB
The Whistler,https://radioechoes.com/?page=series&genre=OTR-Mystery&series=The%20Whistler,House Of Greed,1942.09.05,https://radioechoes.com/?page=play_download&mode=play&dl_mp3folder=T&dl_file=the_whistler_1942-09-05_house_of_greed.mp3&dl_series=The Whistler&dl_title=House Of Greed&dl_date=1942.09.05&dl_size=6.39 MB
The Whistler,https://radioechoes.com/?page=series&genre=OTR-Mystery&series=The%20Whistler,Mirage,1942.09.13,https://radioechoes.com/?page=play_download&mode=play&dl_mp3folder=T&dl_file=the_whistler_1942-09-13_mirage.mp3&dl_series=The Whistler&dl_title=Mirage&dl_date=1942.09.13&dl_size=6.74 MB
The Whistler,https://radioechoes.com/?page=series&genre=OTR-Mystery&series=The%20Whistler,Fog,1942.09.20,https://radioechoes.com/?page=play_download&mode=play&dl_mp3folder=T&dl_file=the_whistler_1942-09-20_fog.mp3&dl_series=The Whistler&dl_title=Fog&dl_date=1942.09.20&dl_size=6.76 MB
The Whistler,https://radioechoes.com/?page=series&genre=OTR-Mystery&series=The%20Whistler,Jealousy,1942.09.27,https://radioechoes.com/?page=play_download&mode=play&dl_mp3folder=T&dl_file=the_whistler_1942-09-27_jealousy.mp3&dl_series=The Whistler&dl_title=Jealousy&dl_date=1942.09.27&dl_size=6.69 MB
The Whistler,https://radioechoes.com/?page=series&genre=OTR-Mystery&series=The%20Whistler,Urge To Kill,1942.10.04,https://radioechoes.com/?page=play_download&mode=play&dl_mp3folder=T&dl_file=the_whistler_1942-10-04_urge_to_kill.mp3&dl_series=The Whistler&dl_title=Urge To Kill&dl_date=1942.10.04&dl_size=6.73 MB
The Whistler,https://radioechoes.com/?page=series&genre=OTR-Mystery&series=The%20Whistler,Malice,1942.10.11,https://radioechoes.com/?page=play_download&mode=play&dl_mp3folder=T&dl_file=the_whistler_1942-10-11_malice.mp3&dl_series=The Whistler&dl_title=Malice&dl_date=1942.10.11&dl_size=6.31 MB
The Whistler,https://radioechoes.com/?page=series&genre=OTR-Mystery&series=The%20Whistler,Death Comes At Midnight,1942.10.18,https://radioechoes.com/?page=play_download&mode=play&dl_mp3folder=T&dl_file=the_whistler_1942-10-18_death_comes_at_midnight.mp3&dl_series=The Whistler&dl_title=Death Comes At Midnight&dl_date=1942.10.18&dl_size=6.63 MB
The Whistler,https://radioechoes.com/?page=series&genre=OTR-Mystery&series=The%20Whistler,The Alibi,1942.10.25,https://radioechoes.com/?page=play_download&mode=play&dl_mp3folder=T&dl_file=the_whistler_1942-10-25_the_alibi.mp3&dl_series=The Whistler&dl_title=The Alibi&dl_date=1942.10.25&dl_size=6.66 MB
The Whistler,https://radioechoes.com/?page=series&genre=OTR-Mystery&series=The%20Whistler,Apparition,1942.11.15,https://radioechoes.com/?page=play_download&mode=play&dl_mp3folder=T&dl_file=the_whistler_1942-11-15_apparition.mp3&dl_series=The Whistler&dl_title=Apparition&dl_date=1942.11.15&dl_size=6.71 MB
The Whistler,https://radioechoes.com/?page=series&genre=OTR-Mystery&series=The%20Whistler,The Other Woman,1942.11.22,https://radioechoes.com/?page=play_download&mode=play&dl_mp3folder=T&dl_file=the_whistler_1942-11-22_the_other_woman.mp3&dl_series=The Whistler&dl_title=The Other Woman&dl_date=1942.11.22&dl_size=6.71 MB
The Whistler,https://radioechoes.com/?page=series&genre=OTR-Mystery&series=The%20Whistler,Avarice,1942.11.29,https://radioechoes.com/?page=play_download&mode=play&dl_mp3folder=T&dl_file=the_whistler_1942-11-29_avarice.mp3&dl_series=The Whistler&dl_title=Avarice&dl_date=1942.11.29&dl_size=6.57 MB
The Whistler,https://radioechoes.com/?page=series&genre=OTR-Mystery&series=The%20Whistler,The Accounting,1942.12.13,https://radioechoes.com/?page=play_download&mode=play&dl_mp3folder=T&dl_file=the_whistler_1942-12-13_the_accounting.mp3&dl_series=The Whistler&dl_title=The Accounting&dl_date=1942.12.13&dl_size=6.75 MB
The Whistler,https://radioechoes.com/?page=series&genre=OTR-Mystery&series=The%20Whistler,Double Cross,1942.12.27,https://radioechoes.com/?page=play_download&mode=play&dl_mp3folder=T&dl_file=the_whistler_1942-12-27_double_cross.mp3&dl_series=The Whistler&dl_title=Double Cross&dl_date=1942.12.27&dl_size=6.76 MB
The Whistler,https://radioechoes.com/?page=series&genre=OTR-Mystery&series=The%20Whistler,The Weakling,1943.01.03,https://radioechoes.com/?page=play_download&mode=play&dl_mp3folder=T&dl_file=the_whistler_1943-01-03_the_weakling.mp3&dl_series=The Whistler&dl_title=The Weakling&dl_date=1943.01.03&dl_size=6.86 MB
The Whistler,https://radioechoes.com/?page=series&genre=OTR-Mystery&series=The%20Whistler,The Nemesis,1943.01.10,https://radioechoes.com/?page=play_download&mode=play&dl_mp3folder=T&dl_file=the_whistler_1943-01-10_the_nemesis.mp3&dl_series=The Whistler&dl_title=The Nemesis&dl_date=1943.01.10&dl_size=6.85 MB
The Whistler,https://radioechoes.com/?page=series&genre=OTR-Mystery&series=The%20Whistler,The Thief,1943.01.17,https://radioechoes.com/?page=play_download&mode=play&dl_mp3folder=T&dl_file=the_whistler_1943-01-17_the_thief.mp3&dl_series=The Whistler&dl_title=The Thief&dl_date=1943.01.17&dl_size=6.76 MB
The Whistler,https://radioechoes.com/?page=series&genre=OTR-Mystery&series=The%20Whistler,Mind Over Matter,1943.01.24,https://radioechoes.com/?page=play_download&mode=play&dl_mp3folder=T&dl_file=the_whistler_1943-01-24_mind_over_matter.mp3&dl_series=The Whistler&dl_title=Mind Over Matter&dl_date=1943.01.24&dl_size=6.83 MB
The Whistler,https://radioechoes.com/?page=series&genre=OTR-Mystery&series=The%20Whistler,The Confession,1943.01.31,https://radioechoes.com/?page=play_download&mode=play&dl_mp3folder=T&dl_file=the_whistler_1943-01-31_the_confession.mp3&dl_series=The Whistler&dl_title=The Confession&dl_date=1943.01.31&dl_size=6.79 MB
The Whistler,https://radioechoes.com/?page=series&genre=OTR-Mystery&series=The%20Whistler,In The Dark,1943.02.07,https://radioechoes.com/?page=play_download&mode=play&dl_mp3folder=T&dl_file=the_whistler_1943-02-07_in_the_dark.mp3&dl_series=The Whistler&dl_title=In The Dark&dl_date=1943.02.07&dl_size=6.76 MB
The Whistler,https://radioechoes.com/?page=series&genre=OTR-Mystery&series=The%20Whistler,Legacy Of Death,1943.02.14,https://radioechoes.com/?page=play_download&mode=play&dl_mp3folder=T&dl_file=the_whistler_1943-02-14_legacy_of_death.mp3&dl_series=The Whistler&dl_title=Legacy Of Death&dl_date=1943.02.14&dl_size=6.74 MB
The Whistler,https://radioechoes.com/?page=series&genre=OTR-Mystery&series=The%20Whistler,Fool's Gold,1943.02.21,https://radioechoes.com/?page=play_download&mode=play&dl_mp3folder=T&dl_file=the_whistler_1943-02-21_fools_gold.mp3&dl_series=The Whistler&dl_title=Fool's Gold&dl_date=1943.02.21&dl_size=6.77 MB
The Whistler,https://radioechoes.com/?page=series&genre=OTR-Mystery&series=The%20Whistler,The Penalty,1943.03.28,https://radioechoes.com/?page=play_download&mode=play&dl_mp3folder=T&dl_file=the_whistler_1943-03-28_the_penalty.mp3&dl_series=The Whistler&dl_title=The Penalty&dl_date=1943.03.28&dl_size=6.71 MB
The Whistler,https://radioechoes.com/?page=series&genre=OTR-Mystery&series=The%20Whistler,The Killers,1943.05.01,https://radioechoes.com/?page=play_download&mode=play&dl_mp3folder=T&dl_file=the_whistler_1943-05-01_the_killers.mp3&dl_series=The Whistler&dl_title=The Killers&dl_date=1943.05.01&dl_size=6.7 MB
The Whistler,https://radioechoes.com/?page=series&genre=OTR-Mystery&series=The%20Whistler,Death Has A Thirst,1943.05.08,https://radioechoes.com/?page=play_download&mode=play&dl_mp3folder=T&dl_file=the_whistler_1943-05-08_death_has_a_thirst.mp3&dl_series=The Whistler&dl_title=Death Has A Thirst&dl_date=1943.05.08&dl_size=6.74 MB
The Whistler,https://radioechoes.com/?page=series&genre=OTR-Mystery&series=The%20Whistler,Death Has A Thirst,1943.05.08,https://radioechoes.com/?page=play_download&mode=play&dl_mp3folder=T&dl_file=the_whistler_1943-05-08_death_has_a_thirst.mp3&dl_series=The Whistler&dl_title=Death Has A Thirst&dl_date=1943.05.08&dl_size=6.75 MB
The Whistler,https://radioechoes.com/?page=series&genre=OTR-Mystery&series=The%20Whistler,The Man Who Waited,1943.05.15,https://radioechoes.com/?page=play_download&mode=play&dl_mp3folder=T&dl_file=the_whistler_1943-05-15_the_man_who_waited.mp3&dl_series=The Whistler&dl_title=The Man Who Waited&dl_date=1943.05.15&dl_size=6.72 MB
The Whistler,https://radioechoes.com/?page=series&genre=OTR-Mystery&series=The%20Whistler,Final Decree,1943.05.29,https://radioechoes.com/?page=play_download&mode=play&dl_mp3folder=T&dl_file=the_whistler_1943-05-29_final_decree.mp3&dl_series=The Whistler&dl_title=Final Decree&dl_date=1943.05.29&dl_size=6.12 MB
The Whistler,https://radioechoes.com/?page=series&genre=OTR-Mystery&series=The%20Whistler,Shadow Of A Mind,1943.06.05,https://radioechoes.com/?page=play_download&mode=play&dl_mp3folder=T&dl_file=the_whistler_1943-06-05_shadow_of_a_mind.mp3&dl_series=The Whistler&dl_title=Shadow Of A Mind&dl_date=1943.06.05&dl_size=6.73 MB
The Whistler,https://radioechoes.com/?page=series&genre=OTR-Mystery&series=The%20Whistler,Justice,1943.06.12,https://radioechoes.com/?page=play_download&mode=play&dl_mp3folder=T&dl_file=the_whistler_1943-06-12_justice.mp3&dl_series=The Whistler&dl_title=Justice&dl_date=1943.06.12&dl_size=6.73 MB
The Whistler,https://radioechoes.com/?page=series&genre=OTR-Mystery&series=The%20Whistler,House Of Fear,1943.06.19,https://radioechoes.com/?page=play_download&mode=play&dl_mp3folder=T&dl_file=the_whistler_1943-06-19_house_of_fear.mp3&dl_series=The Whistler&dl_title=House Of Fear&dl_date=1943.06.19&dl_size=6.73 MB
The Whistler,https://radioechoes.com/?page=series&genre=OTR-Mystery&series=The%20Whistler,The Blank Wall,1943.06.26,https://radioechoes.com/?page=play_download&mode=play&dl_mp3folder=T&dl_file=the_whistler_1943-06-26_the_blank_wall.mp3&dl_series=The Whistler&dl_title=The Blank Wall&dl_date=1943.06.26&dl_size=6.88 MB
The Whistler,https://radioechoes.com/?page=series&genre=OTR-Mystery&series=The%20Whistler,The Avengers,1943.07.02,https://radioechoes.com/?page=play_download&mode=play&dl_mp3folder=T&dl_file=the_whistler_1943-07-02_the_avengers.mp3&dl_series=The Whistler&dl_title=The Avengers&dl_date=1943.07.02&dl_size=6.73 MB
The Whistler,https://radioechoes.com/?page=series&genre=OTR-Mystery&series=The%20Whistler,An Eye For An Eye,1943.07.09,https://radioechoes.com/?page=play_download&mode=play&dl_mp3folder=T&dl_file=the_whistler_1943-07-09_an_eye_for_an_eye.mp3&dl_series=The Whistler&dl_title=An Eye For An Eye&dl_date=1943.07.09&dl_size=6.66 MB
The Whistler,https://radioechoes.com/?page=series&genre=OTR-Mystery&series=The%20Whistler,Death In The Air,1943.08.13,https://radioechoes.com/?page=play_download&mode=play&dl_mp3folder=T&dl_file=the_whistler_1943-08-13_death_in_the_air.mp3&dl_series=The Whistler&dl_title=Death In The Air&dl_date=1943.08.13&dl_size=6.87 MB
The Whistler,https://radioechoes.com/?page=series&genre=OTR-Mystery&series=The%20Whistler,Destiny,1943.09.03,https://radioechoes.com/?page=play_download&mode=play&dl_mp3folder=T&dl_file=the_whistler_1943-09-03_destiny.mp3&dl_series=The Whistler&dl_title=Destiny&dl_date=1943.09.03&dl_size=6.67 MB
The Whistler,https://radioechoes.com/?page=series&genre=OTR-Mystery&series=The%20Whistler,Tangled Web,1943.09.10,https://radioechoes.com/?page=play_download&mode=play&dl_mp3folder=T&dl_file=the_whistler_1943-09-10_tangled_web.mp3&dl_series=The Whistler&dl_title=Tangled Web&dl_date=1943.09.10&dl_size=6.49 MB
The Whistler,https://radioechoes.com/?page=series&genre=OTR-Mystery&series=The%20Whistler,Blind Alley,1943.09.24,https://radioechoes.com/?page=play_download&mode=play&dl_mp3folder=T&dl_file=the_whistler_1943-09-24_blind_alley.mp3&dl_series=The Whistler&dl_title=Blind Alley&dl_date=1943.09.24&dl_size=6.76 MB
The Whistler,https://radioechoes.com/?page=series&genre=OTR-Mystery&series=The%20Whistler,Mirage,1943.10.03,https://radioechoes.com/?page=play_download&mode=play&dl_mp3folder=T&dl_file=the_whistler_1943-10-03_mirage.mp3&dl_series=The Whistler&dl_title=Mirage&dl_date=1943.10.03&dl_size=6.71 MB
The Whistler,https://radioechoes.com/?page=series&genre=OTR-Mystery&series=The%20Whistler,Patients For The Doctor,1943.11.21,https://radioechoes.com/?page=play_download&mode=play&dl_mp3folder=T&dl_file=the_whistler_1943-11-21_patients_for_the_doctor.mp3&dl_series=The Whistler&dl_title=Patients For The Doctor&dl_date=1943.11.21&dl_size=6.86 MB
The Whistler,https://radioechoes.com/?page=series&genre=OTR-Mystery&series=The%20Whistler,The Twin,1943.12.05,https://radioechoes.com/?page=play_download&mode=play&dl_mp3folder=T&dl_file=the_whistler_1943-12-05_the_twin.mp3&dl_series=The Whistler&dl_title=The Twin&dl_date=1943.12.05&dl_size=7.17 MB
The Whistler,https://radioechoes.com/?page=series&genre=OTR-Mystery&series=The%20Whistler,Death Demands A Payment,1943.12.19,https://radioechoes.com/?page=play_download&mode=play&dl_mp3folder=T&dl_file=the_whistler_1943-12-19_death_demands_a_payment.mp3&dl_series=The Whistler&dl_title=Death Demands A Payment&dl_date=1943.12.19&dl_size=6.71 MB
The Whistler,https://radioechoes.com/?page=series&genre=OTR-Mystery&series=The%20Whistler,Murder In The Mind,1944.02.13,https://radioechoes.com/?page=play_download&mode=play&dl_mp3folder=T&dl_file=the_whistler_1944-02-13_murder_in_the_mind.mp3&dl_series=The Whistler&dl_title=Murder In The Mind&dl_date=1944.02.13&dl_size=6.04 MB
The Whistler,https://radioechoes.com/?page=series&genre=OTR-Mystery&series=The%20Whistler,The Doctor Prescribes Death,1944.06.11,https://radioechoes.com/?page=play_download&mode=play&dl_mp3folder=T&dl_file=the_whistler_1944-06-11_the_doctor_prescribes_death.mp3&dl_series=The Whistler&dl_title=The Doctor Prescribes Death&dl_date=1944.06.11&dl_size=6.78 MB
The Whistler,https://radioechoes.com/?page=series&genre=OTR-Mystery&series=The%20Whistler,Star Shadow,1944.07.22,https://radioechoes.com/?page=play_download&mode=play&dl_mp3folder=T&dl_file=the_whistler_1944-07-22_star_shadow.mp3&dl_series=The Whistler&dl_title=Star Shadow&dl_date=1944.07.22&dl_size=5.55 MB
The Whistler,https://radioechoes.com/?page=series&genre=OTR-Mystery&series=The%20Whistler,Last Of The Deveraux,1944.07.23,https://radioechoes.com/?page=play_download&mode=play&dl_mp3folder=T&dl_file=the_whistler_1944-07-23_last_of_the_deveraux.mp3&dl_series=The Whistler&dl_title=Last Of The Deveraux&dl_date=1944.07.23&dl_size=6.64 MB
The Whistler,https://radioechoes.com/?page=series&genre=OTR-Mystery&series=The%20Whistler,Till Death Do Us Part,1944.07.30,https://radioechoes.com/?page=play_download&mode=play&dl_mp3folder=T&dl_file=the_whistler_1944-07-30_till_death_do_us_part.mp3&dl_series=The Whistler&dl_title=Till Death Do Us Part&dl_date=1944.07.30&dl_size=6.33 MB
The Whistler,https://radioechoes.com/?page=series&genre=OTR-Mystery&series=The%20Whistler,Practically Foolproof,1944.09.03,https://radioechoes.com/?page=play_download&mode=play&dl_mp3folder=T&dl_file=the_whistler_1944-09-03_practically_foolproof.mp3&dl_series=The Whistler&dl_title=Practically Foolproof&dl_date=1944.09.03&dl_size=6.63 MB
The Whistler,https://radioechoes.com/?page=series&genre=OTR-Mystery&series=The%20Whistler,Local Storm,1944.09.10,https://radioechoes.com/?page=play_download&mode=play&dl_mp3folder=T&dl_file=the_whistler_1944-09-10_local_storm.mp3&dl_series=The Whistler&dl_title=Local Storm&dl_date=1944.09.10&dl_size=6.74 MB
The Whistler,https://radioechoes.com/?page=series&genre=OTR-Mystery&series=The%20Whistler,Black Magic,1944.09.18,https://radioechoes.com/?page=play_download&mode=play&dl_mp3folder=T&dl_file=the_whistler_1944-09-18_black_magic.mp3&dl_series=The Whistler&dl_title=Black Magic&dl_date=1944.09.18&dl_size=6.75 MB
The Whistler,https://radioechoes.com/?page=series&genre=OTR-Mystery&series=The%20Whistler,Married To Murder,1944.09.25,https://radioechoes.com/?page=play_download&mode=play&dl_mp3folder=T&dl_file=the_whistler_1944-09-25_married_to_murder.mp3&dl_series=The Whistler&dl_title=Married To Murder&dl_date=1944.09.25&dl_size=6.71 MB
The Whistler,https://radioechoes.com/?page=series&genre=OTR-Mystery&series=The%20Whistler,Not If I Kill You First,1944.10.02,https://radioechoes.com/?page=play_download&mode=play&dl_mp3folder=T&dl_file=the_whistler_1944-10-02_not_if_i_kill_you_first.mp3&dl_series=The Whistler&dl_title=Not If I Kill You First&dl_date=1944.10.02&dl_size=6.75 MB
The Whistler,https://radioechoes.com/?page=series&genre=OTR-Mystery&series=The%20Whistler,Finders Weepers,1944.10.09,https://radioechoes.com/?page=play_download&mode=play&dl_mp3folder=T&dl_file=the_whistler_1944-10-09_finders_weepers.mp3&dl_series=The Whistler&dl_title=Finders Weepers&dl_date=1944.10.09&dl_size=6.85 MB
The Whistler,https://radioechoes.com/?page=series&genre=OTR-Mystery&series=The%20Whistler,Tale Of The Dead Man Told,1944.10.16,https://radioechoes.com/?page=play_download&mode=play&dl_mp3folder=T&dl_file=the_whistler_1944-10-16_tale_of_the_dead_man_told.mp3&dl_series=The Whistler&dl_title=Tale Of The Dead Man Told&dl_date=1944.10.16&dl_size=6.84 MB
The Whistler,https://radioechoes.com/?page=series&genre=OTR-Mystery&series=The%20Whistler,Death Carries A Lunch Kit,1944.10.23,https://radioechoes.com/?page=play_download&mode=play&dl_mp3folder=T&dl_file=the_whistler_1944-10-23_death_carries_a_lunch_kit.mp3&dl_series=The Whistler&dl_title=Death Carries A Lunch Kit&dl_date=1944.10.23&dl_size=6.87 MB
The Whistler,https://radioechoes.com/?page=series&genre=OTR-Mystery&series=The%20Whistler,Beloved Fraud,1944.10.30,https://radioechoes.com/?page=play_download&mode=play&dl_mp3folder=T&dl_file=the_whistler_1944-10-30_beloved_fraud.mp3&dl_series=The Whistler&dl_title=Beloved Fraud&dl_date=1944.10.30&dl_size=6.64 MB
The Whistler,https://radioechoes.com/?page=series&genre=OTR-Mystery&series=The%20Whistler,Beware The Bridegroom,1944.11.13,https://radioechoes.com/?page=play_download&mode=play&dl_mp3folder=T&dl_file=the_whistler_1944-11-13_beware_the_bridegroom.mp3&dl_series=The Whistler&dl_title=Beware The Bridegroom&dl_date=1944.11.13&dl_size=6.69 MB
The Whistler,https://radioechoes.com/?page=series&genre=OTR-Mystery&series=The%20Whistler,Death Sees Double,1944.11.20,https://radioechoes.com/?page=play_download&mode=play&dl_mp3folder=T&dl_file=the_whistler_1944-11-20_death_sees_double.mp3&dl_series=The Whistler&dl_title=Death Sees Double&dl_date=1944.11.20&dl_size=6.65 MB
The Whistler,https://radioechoes.com/?page=series&genre=OTR-Mystery&series=The%20Whistler,Death Walks A Tightwire,1944.11.27,https://radioechoes.com/?page=play_download&mode=play&dl_mp3folder=T&dl_file=the_whistler_1944-11-27_death_walks_a_tightwire.mp3&dl_series=The Whistler&dl_title=Death Walks A Tightwire&dl_date=1944.11.27&dl_size=6.79 MB
The Whistler,https://radioechoes.com/?page=series&genre=OTR-Mystery&series=The%20Whistler,Doctor Operates In Crime,1944.12.04,https://radioechoes.com/?page=play_download&mode=play&dl_mp3folder=T&dl_file=the_whistler_1944-12-04_doctor_operates_in_crime.mp3&dl_series=The Whistler&dl_title=Doctor Operates In Crime&dl_date=1944.12.04&dl_size=6.71 MB
The Whistler,https://radioechoes.com/?page=series&genre=OTR-Mystery&series=The%20Whistler,The Doctor Operates In Crime,1944.12.04,https://radioechoes.com/?page=play_download&mode=play&dl_mp3folder=T&dl_file=the_whistler_1944-12-04_the_doctor_operates_in_crime.mp3&dl_series=The Whistler&dl_title=The Doctor Operates In Crime&dl_date=1944.12.04&dl_size=6.7 MB
The Whistler,https://radioechoes.com/?page=series&genre=OTR-Mystery&series=The%20Whistler,Lie Or Consequences,1944.12.11,https://radioechoes.com/?page=play_download&mode=play&dl_mp3folder=T&dl_file=the_whistler_1944-12-11_lie_or_consequences.mp3&dl_series=The Whistler&dl_title=Lie Or Consequences&dl_date=1944.12.11&dl_size=6.53 MB
The Whistler,https://radioechoes.com/?page=series&genre=OTR-Mystery&series=The%20Whistler,Windfall,1944.12.18,https://radioechoes.com/?page=play_download&mode=play&dl_mp3folder=T&dl_file=the_whistler_1944-12-18_windfall.mp3&dl_series=The Whistler&dl_title=Windfall&dl_date=1944.12.18&dl_size=6.62 MB
The Whistler,https://radioechoes.com/?page=series&genre=OTR-Mystery&series=The%20Whistler,Christmas Bonus,1944.12.25,https://radioechoes.com/?page=play_download&mode=play&dl_mp3folder=T&dl_file=the_whistler_1944-12-25_christmas_bonus.mp3&dl_series=The Whistler&dl_title=Christmas Bonus&dl_date=1944.12.25&dl_size=6.86 MB
The Whistler,https://radioechoes.com/?page=series&genre=OTR-Mystery&series=The%20Whistler,Two For The Money,1945.01.01,https://radioechoes.com/?page=play_download&mode=play&dl_mp3folder=T&dl_file=the_whistler_1945-01-01_two_for_the_money.mp3&dl_series=The Whistler&dl_title=Two For The Money&dl_date=1945.01.01&dl_size=6.68 MB
The Whistler,https://radioechoes.com/?page=series&genre=OTR-Mystery&series=The%20Whistler,The Body Wouldn't Stay In The Bay,1945.01.08,https://radioechoes.com/?page=play_download&mode=play&dl_mp3folder=T&dl_file=the_whistler_1945-01-08_the_body_wouldnt_stay_in_the_bay.mp3&dl_series=The Whistler&dl_title=The Body Wouldn't Stay In The Bay&dl_date=1945.01.08&dl_size=6.68 MB
The Whistler,https://radioechoes.com/?page=series&genre=OTR-Mystery&series=The%20Whistler,Murder Has A Signature,1945.01.15,https://radioechoes.com/?page=play_download&mode=play&dl_mp3folder=T&dl_file=the_whistler_1945-01-15_murder_has_a_signature.mp3&dl_series=The Whistler&dl_title=Murder Has A Signature&dl_date=1945.01.15&dl_size=6.68 MB
The Whistler,https://radioechoes.com/?page=series&genre=OTR-Mystery&series=The%20Whistler,Seascape,1945.01.22,https://radioechoes.com/?page=play_download&mode=play&dl_mp3folder=T&dl_file=the_whistler_1945-01-22_seascape.mp3&dl_series=The Whistler&dl_title=Seascape&dl_date=1945.01.22&dl_size=6.65 MB
The Whistler,https://radioechoes.com/?page=series&genre=OTR-Mystery&series=The%20Whistler,Murder On Paper,1945.01.29,https://radioechoes.com/?page=play_download&mode=play&dl_mp3folder=T&dl_file=the_whistler_1945-01-29_murder_on_paper.mp3&dl_series=The Whistler&dl_title=Murder On Paper&dl_date=1945.01.29&dl_size=6.71 MB
The Whistler,https://radioechoes.com/?page=series&genre=OTR-Mystery&series=The%20Whistler,Murder Is Legal,1945.02.05,https://radioechoes.com/?page=play_download&mode=play&dl_mp3folder=T&dl_file=the_whistler_1945-02-05_murder_is_legal.mp3&dl_series=The Whistler&dl_title=Murder Is Legal&dl_date=1945.02.05&dl_size=6.67 MB
The Whistler,https://radioechoes.com/?page=series&genre=OTR-Mystery&series=The%20Whistler,The Dead Man Laughed,1945.02.19,https://radioechoes.com/?page=play_download&mode=play&dl_mp3folder=T&dl_file=the_whistler_1945-02-19_the_dead_man_laughed.mp3&dl_series=The Whistler&dl_title=The Dead Man Laughed&dl_date=1945.02.19&dl_size=6.85 MB
The Whistler,https://radioechoes.com/?page=series&genre=OTR-Mystery&series=The%20Whistler,Gateway To Danger,1945.02.26,https://radioechoes.com/?page=play_download&mode=play&dl_mp3folder=T&dl_file=the_whistler_1945-02-26_gateway_to_danger.mp3&dl_series=The Whistler&dl_title=Gateway To Danger&dl_date=1945.02.26&dl_size=7.01 MB
The Whistler,https://radioechoes.com/?page=series&genre=OTR-Mystery&series=The%20Whistler,Danger Is A Beautiful Blond,1945.03.05,https://radioechoes.com/?page=play_download&mode=play&dl_mp3folder=T&dl_file=the_whistler_1945-03-05_danger_is_a_beautiful_blond.mp3&dl_series=The Whistler&dl_title=Danger Is A Beautiful Blond&dl_date=1945.03.05&dl_size=6.87 MB
The Whistler,https://radioechoes.com/?page=series&genre=OTR-Mystery&series=The%20Whistler,Death Marks The Double Cross,1945.03.12,https://radioechoes.com/?page=play_download&mode=play&dl_mp3folder=T&dl_file=the_whistler_1945-03-12_death_marks_the_double_cross.mp3&dl_series=The Whistler&dl_title=Death Marks The Double Cross&dl_date=1945.03.12&dl_size=6.86 MB
The Whistler,https://radioechoes.com/?page=series&genre=OTR-Mystery&series=The%20Whistler,Murder Will Shout,1945.03.19,https://radioechoes.com/?page=play_download&mode=play&dl_mp3folder=T&dl_file=the_whistler_1945-03-19_murder_will_shout.mp3&dl_series=The Whistler&dl_title=Murder Will Shout&dl_date=1945.03.19&dl_size=6.73 MB
The Whistler,https://radioechoes.com/?page=series&genre=OTR-Mystery&series=The%20Whistler,Return Of The Innocent,1945.04.02,https://radioechoes.com/?page=play_download&mode=play&dl_mp3folder=T&dl_file=the_whistler_1945-04-02_return_of_the_innocent.mp3&dl_series=The Whistler&dl_title=Return Of The Innocent&dl_date=1945.04.02&dl_size=6.75 MB
The Whistler,https://radioechoes.com/?page=series&genre=OTR-Mystery&series=The%20Whistler,The Return Of The Innocent,1945.04.02,https://radioechoes.com/?page=play_download&mode=play&dl_mp3folder=T&dl_file=the_whistler_1945-04-02_the_return_of_the_innocent.mp3&dl_series=The Whistler&dl_title=The Return Of The Innocent&dl_date=1945.04.02&dl_size=6.78 MB
The Whistler,https://radioechoes.com/?page=series&genre=OTR-Mystery&series=The%20Whistler,To Rent Danger,1945.04.16,https://radioechoes.com/?page=play_download&mode=play&dl_mp3folder=T&dl_file=the_whistler_1945-04-16_to_rent_danger.mp3&dl_series=The Whistler&dl_title=To Rent Danger&dl_date=1945.04.16&dl_size=6.77 MB
The Whistler,https://radioechoes.com/?page=series&genre=OTR-Mystery&series=The%20Whistler,Meet Mr. Death,1945.04.23,https://radioechoes.com/?page=play_download&mode=play&dl_mp3folder=T&dl_file=the_whistler_1945-04-23_meet_mr_death.mp3&dl_series=The Whistler&dl_title=Meet Mr. Death&dl_date=1945.04.23&dl_size=6.79 MB
The Whistler,https://radioechoes.com/?page=series&genre=OTR-Mystery&series=The%20Whistler,The Master's Tree,1945.04.30,https://radioechoes.com/?page=play_download&mode=play&dl_mp3folder=T&dl_file=the_whistler_1945-04-30_the_masters_tree.mp3&dl_series=The Whistler&dl_title=The Master's Tree&dl_date=1945.04.30&dl_size=6.84 MB
The Whistler,https://radioechoes.com/?page=series&genre=OTR-Mystery&series=The%20Whistler,Accident According To Plans,1945.05.07,https://radioechoes.com/?page=play_download&mode=play&dl_mp3folder=T&dl_file=the_whistler_1945-05-07_accident_according_to_plans.mp3&dl_series=The Whistler&dl_title=Accident According To Plans&dl_date=1945.05.07&dl_size=6.78 MB
The Whistler,https://radioechoes.com/?page=series&genre=OTR-Mystery&series=The%20Whistler,Friendly Case Of Blackmail,1945.05.14,https://radioechoes.com/?page=play_download&mode=play&dl_mp3folder=T&dl_file=the_whistler_1945-05-14_friendly_case_of_blackmail.mp3&dl_series=The Whistler&dl_title=Friendly Case Of Blackmail&dl_date=1945.05.14&dl_size=5.31 MB
The Whistler,https://radioechoes.com/?page=series&genre=OTR-Mystery&series=The%20Whistler,The Man Who Bought Death,1945.05.21,https://radioechoes.com/?page=play_download&mode=play&dl_mp3folder=T&dl_file=the_whistler_1945-05-21_the_man_who_bought_death.mp3&dl_series=The Whistler&dl_title=The Man Who Bought Death&dl_date=1945.05.21&dl_size=6.64 MB
The Whistler,https://radioechoes.com/?page=series&genre=OTR-Mystery&series=The%20Whistler,Escape To Danger,1945.05.28,https://radioechoes.com/?page=play_download&mode=play&dl_mp3folder=T&dl_file=the_whistler_1945-05-28_escape_to_danger.mp3&dl_series=The Whistler&dl_title=Escape To Danger&dl_date=1945.05.28&dl_size=6.63 MB
The Whistler,https://radioechoes.com/?page=series&genre=OTR-Mystery&series=The%20Whistler,Murder Is Blind,1945.06.04,https://radioechoes.com/?page=play_download&mode=play&dl_mp3folder=T&dl_file=the_whistler_1945-06-04_murder_is_blind.mp3&dl_series=The Whistler&dl_title=Murder Is Blind&dl_date=1945.06.04&dl_size=6.97 MB
The Whistler,https://radioechoes.com/?page=series&genre=OTR-Mystery&series=The%20Whistler,Death Pays A Visit,1945.06.11,https://radioechoes.com/?page=play_download&mode=play&dl_mp3folder=T&dl_file=the_whistler_1945-06-11_death_pays_a_visit.mp3&dl_series=The Whistler&dl_title=Death Pays A Visit&dl_date=1945.06.11&dl_size=6.97 MB
The Whistler,https://radioechoes.com/?page=series&genre=OTR-Mystery&series=The%20Whistler,Blueprint For Suicide,1945.06.18,https://radioechoes.com/?page=play_download&mode=play&dl_mp3folder=T&dl_file=the_whistler_1945-06-18_blueprint_for_suicide.mp3&dl_series=The Whistler&dl_title=Blueprint For Suicide&dl_date=1945.06.18&dl_size=6.73 MB
The Whistler,https://radioechoes.com/?page=series&genre=OTR-Mystery&series=The%20Whistler,Death Watch,1945.06.25,https://radioechoes.com/?page=play_download&mode=play&dl_mp3folder=T&dl_file=the_whistler_1945-06-25_death_watch.mp3&dl_series=The Whistler&dl_title=Death Watch&dl_date=1945.06.25&dl_size=6.99 MB
The Whistler,https://radioechoes.com/?page=series&genre=OTR-Mystery&series=The%20Whistler,Deadly Innocent,1945.07.02,https://radioechoes.com/?page=play_download&mode=play&dl_mp3folder=T&dl_file=the_whistler_1945-07-02_deadly_innocent.mp3&dl_series=The Whistler&dl_title=Deadly Innocent&dl_date=1945.07.02&dl_size=6.8 MB
The Whistler,https://radioechoes.com/?page=series&genre=OTR-Mystery&series=The%20Whistler,Highway Of Escape,1945.07.09,https://radioechoes.com/?page=play_download&mode=play&dl_mp3folder=T&dl_file=the_whistler_1945-07-09_highway_of_escape.mp3&dl_series=The Whistler&dl_title=Highway Of Escape&dl_date=1945.07.09&dl_size=6.77 MB
The Whistler,https://radioechoes.com/?page=series&genre=OTR-Mystery&series=The%20Whistler,Pattern For Terror,1945.07.16,https://radioechoes.com/?page=play_download&mode=play&dl_mp3folder=T&dl_file=the_whistler_1945-07-16_pattern_for_terror.mp3&dl_series=The Whistler&dl_title=Pattern For Terror&dl_date=1945.07.16&dl_size=6.54 MB
The Whistler,https://radioechoes.com/?page=series&genre=OTR-Mystery&series=The%20Whistler,Let George Do It,1945.07.23,https://radioechoes.com/?page=play_download&mode=play&dl_mp3folder=T&dl_file=the_whistler_1945-07-23_let_george_do_it.mp3&dl_series=The Whistler&dl_title=Let George Do It&dl_date=1945.07.23&dl_size=6.99 MB
The Whistler,https://radioechoes.com/?page=series&genre=OTR-Mystery&series=The%20Whistler,Summer Thunder,1945.07.30,https://radioechoes.com/?page=play_download&mode=play&dl_mp3folder=T&dl_file=the_whistler_1945-07-30_summer_thunder.mp3&dl_series=The Whistler&dl_title=Summer Thunder&dl_date=1945.07.30&dl_size=6.69 MB
The Whistler,https://radioechoes.com/?page=series&genre=OTR-Mystery&series=The%20Whistler,The Man Who Came To Murder,1945.08.06,https://radioechoes.com/?page=play_download&mode=play&dl_mp3folder=T&dl_file=the_whistler_1945-08-06_the_man_who_came_to_murder.mp3&dl_series=The Whistler&dl_title=The Man Who Came To Murder&dl_date=1945.08.06&dl_size=6.57 MB
The Whistler,https://radioechoes.com/?page=series&genre=OTR-Mystery&series=The%20Whistler,What Makes A Murderer,1945.08.13,https://radioechoes.com/?page=play_download&mode=play&dl_mp3folder=T&dl_file=the_whistler_1945-08-13_what_makes_a_murderer.mp3&dl_series=The Whistler&dl_title=What Makes A Murderer&dl_date=1945.08.13&dl_size=6.12 MB
The Whistler,https://radioechoes.com/?page=series&genre=OTR-Mystery&series=The%20Whistler,X Marks The Murderer,1945.08.20,https://radioechoes.com/?page=play_download&mode=play&dl_mp3folder=T&dl_file=the_whistler_1945-08-20_x_marks_the_murderer.mp3&dl_series=The Whistler&dl_title=X Marks The Murderer&dl_date=1945.08.20&dl_size=7.07 MB
The Whistler,https://radioechoes.com/?page=series&genre=OTR-Mystery&series=The%20Whistler,I'll Trade You Murder,1945.08.27,https://radioechoes.com/?page=play_download&mode=play&dl_mp3folder=T&dl_file=the_whistler_1945-08-27_lll_trade_you_murder.mp3&dl_series=The Whistler&dl_title=I'll Trade You Murder&dl_date=1945.08.27&dl_size=6.72 MB
The Whistler,https://radioechoes.com/?page=series&genre=OTR-Mystery&series=The%20Whistler,Ambition Perilous,1945.09.03,https://radioechoes.com/?page=play_download&mode=play&dl_mp3folder=T&dl_file=the_whistler_1945-09-03_ambition_perilous.mp3&dl_series=The Whistler&dl_title=Ambition Perilous&dl_date=1945.09.03&dl_size=6.63 MB
The Whistler,https://radioechoes.com/?page=series&genre=OTR-Mystery&series=The%20Whistler,Phone Call From Death,1945.09.10,https://radioechoes.com/?page=play_download&mode=play&dl_mp3folder=T&dl_file=the_whistler_1945-09-10_phone_call_from_death.mp3&dl_series=The Whistler&dl_title=Phone Call From Death&dl_date=1945.09.10&dl_size=6.86 MB
The Whistler,https://radioechoes.com/?page=series&genre=OTR-Mystery&series=The%20Whistler,Sing A Song Of Murder,1945.09.17,https://radioechoes.com/?page=play_download&mode=play&dl_mp3folder=T&dl_file=the_whistler_1945-09-17_sing_a_song_of_murder.mp3&dl_series=The Whistler&dl_title=Sing A Song Of Murder&dl_date=1945.09.17&dl_size=6.86 MB
The Whistler,https://radioechoes.com/?page=series&genre=OTR-Mystery&series=The%20Whistler,The Man Who Died Twice,1945.09.24,https://radioechoes.com/?page=play_download&mode=play&dl_mp3folder=T&dl_file=the_whistler_1945-09-24_the_man_who_died_twice.mp3&dl_series=The Whistler&dl_title=The Man Who Died Twice&dl_date=1945.09.24&dl_size=7.03 MB
The Whistler,https://radioechoes.com/?page=series&genre=OTR-Mystery&series=The%20Whistler,Death Wears A White Robe,1945.10.01,https://radioechoes.com/?page=play_download&mode=play&dl_mp3folder=T&dl_file=the_whistler_1945-10-01_death_wears_a_white_robe.mp3&dl_series=The Whistler&dl_title=Death Wears A White Robe&dl_date=1945.10.01&dl_size=6.31 MB
The Whistler,https://radioechoes.com/?page=series&genre=OTR-Mystery&series=The%20Whistler,Death Laughs Last,1945.10.08,https://radioechoes.com/?page=play_download&mode=play&dl_mp3folder=T&dl_file=the_whistler_1945-10-08_death_laughs_last.mp3&dl_series=The Whistler&dl_title=Death Laughs Last&dl_date=1945.10.08&dl_size=6.49 MB
The Whistler,https://radioechoes.com/?page=series&genre=OTR-Mystery&series=The%20Whistler,House On Sycamore Road,1945.10.15,https://radioechoes.com/?page=play_download&mode=play&dl_mp3folder=T&dl_file=the_whistler_1945-10-15_house_on_sycamore_road.mp3&dl_series=The Whistler&dl_title=House On Sycamore Road&dl_date=1945.10.15&dl_size=6.97 MB
The Whistler,https://radioechoes.com/?page=series&genre=OTR-Mystery&series=The%20Whistler,One Man Jury,1945.10.22,https://radioechoes.com/?page=play_download&mode=play&dl_mp3folder=T&dl_file=the_whistler_1945-10-22_one_man_jury.mp3&dl_series=The Whistler&dl_title=One Man Jury&dl_date=1945.10.22&dl_size=6.81 MB
The Whistler,https://radioechoes.com/?page=series&genre=OTR-Mystery&series=The%20Whistler,Final Return,1945.10.29,https://radioechoes.com/?page=play_download&mode=play&dl_mp3folder=T&dl_file=the_whistler_1945-10-29_final_return.mp3&dl_series=The Whistler&dl_title=Final Return&dl_date=1945.10.29&dl_size=6.97 MB
The Whistler,https://radioechoes.com/?page=series&genre=OTR-Mystery&series=The%20Whistler,Harvest Of Death,1945.11.05,https://radioechoes.com/?page=play_download&mode=play&dl_mp3folder=T&dl_file=the_whistler_1945-11-05_harvest_of_death.mp3&dl_series=The Whistler&dl_title=Harvest Of Death&dl_date=1945.11.05&dl_size=6.9 MB
The Whistler,https://radioechoes.com/?page=series&genre=OTR-Mystery&series=The%20Whistler,The Seeing Eye,1945.11.12,https://radioechoes.com/?page=play_download&mode=play&dl_mp3folder=T&dl_file=the_whistler_1945-11-12_the_seeing_eye.mp3&dl_series=The Whistler&dl_title=The Seeing Eye&dl_date=1945.11.12&dl_size=6.88 MB
The Whistler,https://radioechoes.com/?page=series&genre=OTR-Mystery&series=The%20Whistler,Coincidence,1945.11.19,https://radioechoes.com/?page=play_download&mode=play&dl_mp3folder=T&dl_file=the_whistler_1945-11-19_coincidence.mp3&dl_series=The Whistler&dl_title=Coincidence&dl_date=1945.11.19&dl_size=6.88 MB
The Whistler,https://radioechoes.com/?page=series&genre=OTR-Mystery&series=The%20Whistler,Stray Dream,1945.11.26,https://radioechoes.com/?page=play_download&mode=play&dl_mp3folder=T&dl_file=the_whistler_1945-11-26_stray_dream.mp3&dl_series=The Whistler&dl_title=Stray Dream&dl_date=1945.11.26&dl_size=6.87 MB
The Whistler,https://radioechoes.com/?page=series&genre=OTR-Mystery&series=The%20Whistler,The Stray Dream,1945.11.26,https://radioechoes.com/?page=play_download&mode=play&dl_mp3folder=T&dl_file=the_whistler_1945-11-26_the_stray_dream.mp3&dl_series=The Whistler&dl_title=The Stray Dream&dl_date=1945.11.26&dl_size=6.87 MB
The Whistler,https://radioechoes.com/?page=series&genre=OTR-Mystery&series=The%20Whistler,Poison Is Quicker,1945.12.03,https://radioechoes.com/?page=play_download&mode=play&dl_mp3folder=T&dl_file=the_whistler_1945-12-03_poison_is_quicker.mp3&dl_series=The Whistler&dl_title=Poison Is Quicker&dl_date=1945.12.03&dl_size=6.75 MB
The Whistler,https://radioechoes.com/?page=series&genre=OTR-Mystery&series=The%20Whistler,The Cistern,1945.12.10,https://radioechoes.com/?page=play_download&mode=play&dl_mp3folder=T&dl_file=the_whistler_1945-12-10_the_cistern.mp3&dl_series=The Whistler&dl_title=The Cistern&dl_date=1945.12.10&dl_size=6.77 MB
The Whistler,https://radioechoes.com/?page=series&genre=OTR-Mystery&series=The%20Whistler,Lucky Night,1945.12.17,https://radioechoes.com/?page=play_download&mode=play&dl_mp3folder=T&dl_file=the_whistler_1945-12-17_lucky_night.mp3&dl_series=The Whistler&dl_title=Lucky Night&dl_date=1945.12.17&dl_size=6.23 MB
The Whistler,https://radioechoes.com/?page=series&genre=OTR-Mystery&series=The%20Whistler,Miracle On 49th Street,1945.12.31,https://radioechoes.com/?page=play_download&mode=play&dl_mp3folder=T&dl_file=the_whistler_1945-12-31_miracle_on_49th_street.mp3&dl_series=The Whistler&dl_title=Miracle On 49th Street&dl_date=1945.12.31&dl_size=6.95 MB
The Whistler,https://radioechoes.com/?page=series&genre=OTR-Mystery&series=The%20Whistler,The Thin Line,1946.01.07,https://radioechoes.com/?page=play_download&mode=play&dl_mp3folder=T&dl_file=the_whistler_1946-01-07_the_thin_line.mp3&dl_series=The Whistler&dl_title=The Thin Line&dl_date=1946.01.07&dl_size=6.87 MB
The Whistler,https://radioechoes.com/?page=series&genre=OTR-Mystery&series=The%20Whistler,Hit And Run,1946.01.14,https://radioechoes.com/?page=play_download&mode=play&dl_mp3folder=T&dl_file=the_whistler_1946-01-14_hit_and_run.mp3&dl_series=The Whistler&dl_title=Hit And Run&dl_date=1946.01.14&dl_size=5.34 MB
The Whistler,https://radioechoes.com/?page=series&genre=OTR-Mystery&series=The%20Whistler,Treasure Hunt,1946.01.21,https://radioechoes.com/?page=play_download&mode=play&dl_mp3folder=T&dl_file=the_whistler_1946-01-21_treasure_hunt.mp3&dl_series=The Whistler&dl_title=Treasure Hunt&dl_date=1946.01.21&dl_size=6.66 MB
The Whistler,https://radioechoes.com/?page=series&genre=OTR-Mystery&series=The%20Whistler,The Strange Sisters,1946.01.28,https://radioechoes.com/?page=play_download&mode=play&dl_mp3folder=T&dl_file=the_whistler_1946-01-28_the_strange_sisters.mp3&dl_series=The Whistler&dl_title=The Strange Sisters&dl_date=1946.01.28&dl_size=6.56 MB
The Whistler,https://radioechoes.com/?page=series&genre=OTR-Mystery&series=The%20Whistler,Panic,1946.02.04,https://radioechoes.com/?page=play_download&mode=play&dl_mp3folder=T&dl_file=the_whistler_1946-02-04_panic.mp3&dl_series=The Whistler&dl_title=Panic&dl_date=1946.02.04&dl_size=6.71 MB
The Whistler,https://radioechoes.com/?page=series&genre=OTR-Mystery&series=The%20Whistler,Six Letter Word For Murder,1946.02.11,https://radioechoes.com/?page=play_download&mode=play&dl_mp3folder=T&dl_file=the_whistler_1946-02-11_six_letter_word_for_murder.mp3&dl_series=The Whistler&dl_title=Six Letter Word For Murder&dl_date=1946.02.11&dl_size=6.65 MB
The Whistler,https://radioechoes.com/?page=series&genre=OTR-Mystery&series=The%20Whistler,Murder In Haste,1946.02.25,https://radioechoes.com/?page=play_download&mode=play&dl_mp3folder=T&dl_file=the_whistler_1946-02-25_murder_in_haste.mp3&dl_series=The Whistler&dl_title=Murder In Haste&dl_date=1946.02.25&dl_size=6.94 MB
The Whistler,https://radioechoes.com/?page=series&genre=OTR-Mystery&series=The%20Whistler,Decision,1946.03.04,https://radioechoes.com/?page=play_download&mode=play&dl_mp3folder=T&dl_file=the_whistler_1946-03-04_decision.mp3&dl_series=The Whistler&dl_title=Decision&dl_date=1946.03.04&dl_size=6.8 MB
The Whistler,https://radioechoes.com/?page=series&genre=OTR-Mystery&series=The%20Whistler,Boomerang,1946.03.11,https://radioechoes.com/?page=play_download&mode=play&dl_mp3folder=T&dl_file=the_whistler_1946-03-11_boomerang.mp3&dl_series=The Whistler&dl_title=Boomerang&dl_date=1946.03.11&dl_size=6.94 MB
The Whistler,https://radioechoes.com/?page=series&genre=OTR-Mystery&series=The%20Whistler,The Master's Touch,1946.03.18,https://radioechoes.com/?page=play_download&mode=play&dl_mp3folder=T&dl_file=the_whistler_1946-03-18_the_masters_touch.mp3&dl_series=The Whistler&dl_title=The Master's Touch&dl_date=1946.03.18&dl_size=6.41 MB
The Whistler,https://radioechoes.com/?page=series&genre=OTR-Mystery&series=The%20Whistler,The Trigger Man,1946.03.25,https://radioechoes.com/?page=play_download&mode=play&dl_mp3folder=T&dl_file=the_whistler_1946-03-25_the_trigger_man.mp3&dl_series=The Whistler&dl_title=The Trigger Man&dl_date=1946.03.25&dl_size=6.85 MB
The Whistler,https://radioechoes.com/?page=series&genre=OTR-Mystery&series=The%20Whistler,Triggerman,1946.03.25,https://radioechoes.com/?page=play_download&mode=play&dl_mp3folder=T&dl_file=the_whistler_1946-03-25_triggerman.mp3&dl_series=The Whistler&dl_title=Triggerman&dl_date=1946.03.25&dl_size=6.85 MB
The Whistler,https://radioechoes.com/?page=series&genre=OTR-Mystery&series=The%20Whistler,Three Times A Sinner,1946.04.01,https://radioechoes.com/?page=play_download&mode=play&dl_mp3folder=T&dl_file=the_whistler_1946-04-01_three_times_a_sinner.mp3&dl_series=The Whistler&dl_title=Three Times A Sinner&dl_date=1946.04.01&dl_size=6.89 MB
The Whistler,https://radioechoes.com/?page=series&genre=OTR-Mystery&series=The%20Whistler,Terror Stricken,1946.04.08,https://radioechoes.com/?page=play_download&mode=play&dl_mp3folder=T&dl_file=the_whistler_1946-04-08_terror_stricken.mp3&dl_series=The Whistler&dl_title=Terror Stricken&dl_date=1946.04.08&dl_size=6.53 MB
The Whistler,https://radioechoes.com/?page=series&genre=OTR-Mystery&series=The%20Whistler,Smart Boy,1946.04.15,https://radioechoes.com/?page=play_download&mode=play&dl_mp3folder=T&dl_file=the_whistler_1946-04-15_smart_boy.mp3&dl_series=The Whistler&dl_title=Smart Boy&dl_date=1946.04.15&dl_size=6.81 MB
The Whistler,https://radioechoes.com/?page=series&genre=OTR-Mystery&series=The%20Whistler,Waterford Case,1946.04.22,https://radioechoes.com/?page=play_download&mode=play&dl_mp3folder=T&dl_file=the_whistler_1946-04-22_waterford_case.mp3&dl_series=The Whistler&dl_title=Waterford Case&dl_date=1946.04.22&dl_size=6.9 MB
The Whistler,https://radioechoes.com/?page=series&genre=OTR-Mystery&series=The%20Whistler,The Sellout,1946.04.29,https://radioechoes.com/?page=play_download&mode=play&dl_mp3folder=T&dl_file=the_whistler_1946-04-29_the_sellout.mp3&dl_series=The Whistler&dl_title=The Sellout&dl_date=1946.04.29&dl_size=6.79 MB
The Whistler,https://radioechoes.com/?page=series&genre=OTR-Mystery&series=The%20Whistler,Bright Horizon,1946.05.06,https://radioechoes.com/?page=play_download&mode=play&dl_mp3folder=T&dl_file=the_whistler_1946-05-06_bright_horizon.mp3&dl_series=The Whistler&dl_title=Bright Horizon&dl_date=1946.05.06&dl_size=5.47 MB
The Whistler,https://radioechoes.com/?page=series&genre=OTR-Mystery&series=The%20Whistler,Broken Chain,1946.05.20,https://radioechoes.com/?page=play_download&mode=play&dl_mp3folder=T&dl_file=the_whistler_1946-05-20_broken_chain.mp3&dl_series=The Whistler&dl_title=Broken Chain&dl_date=1946.05.20&dl_size=5.78 MB
The Whistler,https://radioechoes.com/?page=series&genre=OTR-Mystery&series=The%20Whistler,The Judas Face,1946.06.03,https://radioechoes.com/?page=play_download&mode=play&dl_mp3folder=T&dl_file=the_whistler_1946-06-03_the_judas_face.mp3&dl_series=The Whistler&dl_title=The Judas Face&dl_date=1946.06.03&dl_size=6.76 MB
The Whistler,https://radioechoes.com/?page=series&genre=OTR-Mystery&series=The%20Whistler,Quiet Sunday,1946.06.10,https://radioechoes.com/?page=play_download&mode=play&dl_mp3folder=T&dl_file=the_whistler_1946-06-10_quiet_sunday.mp3&dl_series=The Whistler&dl_title=Quiet Sunday&dl_date=1946.06.10&dl_size=6.34 MB
The Whistler,https://radioechoes.com/?page=series&genre=OTR-Mystery&series=The%20Whistler,Affair At Stoney Ridge,1946.06.17,https://radioechoes.com/?page=play_download&mode=play&dl_mp3folder=T&dl_file=the_whistler_1946-06-17_affair_at_stoney_ridge.mp3&dl_series=The Whistler&dl_title=Affair At Stoney Ridge&dl_date=1946.06.17&dl_size=6.76 MB
The Whistler,https://radioechoes.com/?page=series&genre=OTR-Mystery&series=The%20Whistler,Blind Bet,1946.06.24,https://radioechoes.com/?page=play_download&mode=play&dl_mp3folder=T&dl_file=the_whistler_1946-06-24_blind_bet.mp3&dl_series=The Whistler&dl_title=Blind Bet&dl_date=1946.06.24&dl_size=6.48 MB
The Whistler,https://radioechoes.com/?page=series&genre=OTR-Mystery&series=The%20Whistler,Solid Citizen,1946.07.01,https://radioechoes.com/?page=play_download&mode=play&dl_mp3folder=T&dl_file=the_whistler_1946-07-01_solid_citizen.mp3&dl_series=The Whistler&dl_title=Solid Citizen&dl_date=1946.07.01&dl_size=6.65 MB
The Whistler,https://radioechoes.com/?page=series&genre=OTR-Mystery&series=The%20Whistler,The Confession,1946.07.08,https://radioechoes.com/?page=play_download&mode=play&dl_mp3folder=T&dl_file=the_whistler_1946-07-08_the_confession.mp3&dl_series=The Whistler&dl_title=The Confession&dl_date=1946.07.08&dl_size=6.65 MB
The Whistler,https://radioechoes.com/?page=series&genre=OTR-Mystery&series=The%20Whistler,Custom Built Blonde,1946.07.15,https://radioechoes.com/?page=play_download&mode=play&dl_mp3folder=T&dl_file=the_whistler_1946-07-15_custom_built_blonde.mp3&dl_series=The Whistler&dl_title=Custom Built Blonde&dl_date=1946.07.15&dl_size=6.67 MB
The Whistler,https://radioechoes.com/?page=series&genre=OTR-Mystery&series=The%20Whistler,My Love Comes Home,1946.07.29,https://radioechoes.com/?page=play_download&mode=play&dl_mp3folder=T&dl_file=the_whistler_1946-07-29_my_love_comes_home.mp3&dl_series=The Whistler&dl_title=My Love Comes Home&dl_date=1946.07.29&dl_size=6.67 MB
The Whistler,https://radioechoes.com/?page=series&genre=OTR-Mystery&series=The%20Whistler,Bullet Proof,1946.08.05,https://radioechoes.com/?page=play_download&mode=play&dl_mp3folder=T&dl_file=the_whistler_1946-08-05_bullet_proof.mp3&dl_series=The Whistler&dl_title=Bullet Proof&dl_date=1946.08.05&dl_size=6.76 MB
The Whistler,https://radioechoes.com/?page=series&genre=OTR-Mystery&series=The%20Whistler,Stolen Murder,1946.08.12,https://radioechoes.com/?page=play_download&mode=play&dl_mp3folder=T&dl_file=the_whistler_1946-08-12_stolen_murder.mp3&dl_series=The Whistler&dl_title=Stolen Murder&dl_date=1946.08.12&dl_size=6.62 MB
The Whistler,https://radioechoes.com/?page=series&genre=OTR-Mystery&series=The%20Whistler,Delivery Guaranteed,1946.08.19,https://radioechoes.com/?page=play_download&mode=play&dl_mp3folder=T&dl_file=the_whistler_1946-08-19_delivery_guaranteed.mp3&dl_series=The Whistler&dl_title=Delivery Guaranteed&dl_date=1946.08.19&dl_size=6.7 MB
The Whistler,https://radioechoes.com/?page=series&genre=OTR-Mystery&series=The%20Whistler,Broken Chain East Coast,1946.08.21,https://radioechoes.com/?page=play_download&mode=play&dl_mp3folder=T&dl_file=the_whistler_1946-08-21_broken_chain_east_coast.mp3&dl_series=The Whistler&dl_title=Broken Chain East Coast&dl_date=1946.08.21&dl_size=6.72 MB
The Whistler,https://radioechoes.com/?page=series&genre=OTR-Mystery&series=The%20Whistler,The Broken Chain,1946.08.26,https://radioechoes.com/?page=play_download&mode=play&dl_mp3folder=T&dl_file=the_whistler_1946-08-26_the_broken_chain.mp3&dl_series=The Whistler&dl_title=The Broken Chain&dl_date=1946.08.26&dl_size=6.73 MB
The Whistler,https://radioechoes.com/?page=series&genre=OTR-Mystery&series=The%20Whistler,Stranger In The House,1946.09.02,https://radioechoes.com/?page=play_download&mode=play&dl_mp3folder=T&dl_file=the_whistler_1946-09-02_stranger_in_the_house.mp3&dl_series=The Whistler&dl_title=Stranger In The House&dl_date=1946.09.02&dl_size=7.14 MB
The Whistler,https://radioechoes.com/?page=series&genre=OTR-Mystery&series=The%20Whistler,Witness At The Fountain,1946.09.09,https://radioechoes.com/?page=play_download&mode=play&dl_mp3folder=T&dl_file=the_whistler_1946-09-09_witness_at_the_fountain.mp3&dl_series=The Whistler&dl_title=Witness At The Fountain&dl_date=1946.09.09&dl_size=6.76 MB
The Whistler,https://radioechoes.com/?page=series&genre=OTR-Mystery&series=The%20Whistler,A Brief Pause For Murder Chicago Broadcast,1946.09.11,https://radioechoes.com/?page=play_download&mode=play&dl_mp3folder=T&dl_file=the_whistler_1946-09-11_a_brief_pause_for_murder_chicago_broadcast.mp3&dl_series=The Whistler&dl_title=A Brief Pause For Murder Chicago Broadcast&dl_date=1946.09.11&dl_size=6.61 MB
The Whistler,https://radioechoes.com/?page=series&genre=OTR-Mystery&series=The%20Whistler,The Brass Ring,1946.09.16,https://radioechoes.com/?page=play_download&mode=play&dl_mp3folder=T&dl_file=the_whistler_1946-09-16_the_brass_ring.mp3&dl_series=The Whistler&dl_title=The Brass Ring&dl_date=1946.09.16&dl_size=6.82 MB
The Whistler,https://radioechoes.com/?page=series&genre=OTR-Mystery&series=The%20Whistler,A Present For Ricky,1946.10.07,https://radioechoes.com/?page=play_download&mode=play&dl_mp3folder=T&dl_file=the_whistler_1946-10-07_a_present_for_ricky.mp3&dl_series=The Whistler&dl_title=A Present For Ricky&dl_date=1946.10.07&dl_size=7.06 MB
The Whistler,https://radioechoes.com/?page=series&genre=OTR-Mystery&series=The%20Whistler,Weak Sister,1946.10.14,https://radioechoes.com/?page=play_download&mode=play&dl_mp3folder=T&dl_file=the_whistler_1946-10-14_weak_sister.mp3&dl_series=The Whistler&dl_title=Weak Sister&dl_date=1946.10.14&dl_size=7.02 MB
The Whistler,https://radioechoes.com/?page=series&genre=OTR-Mystery&series=The%20Whistler,Masquerade,1946.10.21,https://radioechoes.com/?page=play_download&mode=play&dl_mp3folder=T&dl_file=the_whistler_1946-10-21_masquerade.mp3&dl_series=The Whistler&dl_title=Masquerade&dl_date=1946.10.21&dl_size=7.11 MB
The Whistler,https://radioechoes.com/?page=series&genre=OTR-Mystery&series=The%20Whistler,Backfire,1946.10.28,https://radioechoes.com/?page=play_download&mode=play&dl_mp3folder=T&dl_file=the_whistler_1946-10-28_backfire.mp3&dl_series=The Whistler&dl_title=Backfire&dl_date=1946.10.28&dl_size=6.86 MB
The Whistler,https://radioechoes.com/?page=series&genre=OTR-Mystery&series=The%20Whistler,The Deadly Penny,1946.11.11,https://radioechoes.com/?page=play_download&mode=play&dl_mp3folder=T&dl_file=the_whistler_1946-11-11_the_deadly_penny.mp3&dl_series=The Whistler&dl_title=The Deadly Penny&dl_date=1946.11.11&dl_size=6.83 MB
The Whistler,https://radioechoes.com/?page=series&genre=OTR-Mystery&series=The%20Whistler,Two Year Plan,1946.11.25,https://radioechoes.com/?page=play_download&mode=play&dl_mp3folder=T&dl_file=the_whistler_1946-11-25_two_year_plan.mp3&dl_series=The Whistler&dl_title=Two Year Plan&dl_date=1946.11.25&dl_size=6.78 MB
The Whistler,https://radioechoes.com/?page=series&genre=OTR-Mystery&series=The%20Whistler,Blind Impulse,1946.12.02,https://radioechoes.com/?page=play_download&mode=play&dl_mp3folder=T&dl_file=the_whistler_1946-12-02_blind_impulse.mp3&dl_series=The Whistler&dl_title=Blind Impulse&dl_date=1946.12.02&dl_size=6.73 MB
The Whistler,https://radioechoes.com/?page=series&genre=OTR-Mystery&series=The%20Whistler,With My Own Eyes,1946.12.09,https://radioechoes.com/?page=play_download&mode=play&dl_mp3folder=T&dl_file=the_whistler_1946-12-09_with_my_own_eyes.mp3&dl_series=The Whistler&dl_title=With My Own Eyes&dl_date=1946.12.09&dl_size=6.11 MB
The Whistler,https://radioechoes.com/?page=series&genre=OTR-Mystery&series=The%20Whistler,Next Year Is Mine,1946.12.23,https://radioechoes.com/?page=play_download&mode=play&dl_mp3folder=T&dl_file=the_whistler_1946-12-23_next_year_is_mine.mp3&dl_series=The Whistler&dl_title=Next Year Is Mine&dl_date=1946.12.23&dl_size=6.54 MB
The Whistler,https://radioechoes.com/?page=series&genre=OTR-Mystery&series=The%20Whistler,Murder On Rourke Island,1946.12.30,https://radioechoes.com/?page=play_download&mode=play&dl_mp3folder=T&dl_file=the_whistler_1946-12-30_murder_on_rourke_island.mp3&dl_series=The Whistler&dl_title=Murder On Rourke Island&dl_date=1946.12.30&dl_size=6.84 MB
The Whistler,https://radioechoes.com/?page=series&genre=OTR-Mystery&series=The%20Whistler,Dear Roger,1947.01.06,https://radioechoes.com/?page=play_download&mode=play&dl_mp3folder=T&dl_file=the_whistler_1947-01-06_dear_roger.mp3&dl_series=The Whistler&dl_title=Dear Roger&dl_date=1947.01.06&dl_size=6.87 MB
The Whistler,https://radioechoes.com/?page=series&genre=OTR-Mystery&series=The%20Whistler,The Choice,1947.01.13,https://radioechoes.com/?page=play_download&mode=play&dl_mp3folder=T&dl_file=the_whistler_1947-01-13_the_choice.mp3&dl_series=The Whistler&dl_title=The Choice&dl_date=1947.01.13&dl_size=7.2 MB
The Whistler,https://radioechoes.com/?page=series&genre=OTR-Mystery&series=The%20Whistler,Last Curtain,1947.01.20,https://radioechoes.com/?page=play_download&mode=play&dl_mp3folder=T&dl_file=the_whistler_1947-01-20_last_curtain.mp3&dl_series=The Whistler&dl_title=Last Curtain&dl_date=1947.01.20&dl_size=6.23 MB
The Whistler,https://radioechoes.com/?page=series&genre=OTR-Mystery&series=The%20Whistler,Night Melody,1947.01.27,https://radioechoes.com/?page=play_download&mode=play&dl_mp3folder=T&dl_file=the_whistler_1947-01-27_night_melody.mp3&dl_series=The Whistler&dl_title=Night Melody&dl_date=1947.01.27&dl_size=6.9 MB
The Whistler,https://radioechoes.com/?page=series&genre=OTR-Mystery&series=The%20Whistler,Seven Steps To Murder,1947.02.03,https://radioechoes.com/?page=play_download&mode=play&dl_mp3folder=T&dl_file=the_whistler_1947-02-03_seven_steps_to_murder.mp3&dl_series=The Whistler&dl_title=Seven Steps To Murder&dl_date=1947.02.03&dl_size=4.93 MB
The Whistler,https://radioechoes.com/?page=series&genre=OTR-Mystery&series=The%20Whistler,Safety In Numbers,1947.02.10,https://radioechoes.com/?page=play_download&mode=play&dl_mp3folder=T&dl_file=the_whistler_1947-02-10_safety_in_numbers.mp3&dl_series=The Whistler&dl_title=Safety In Numbers&dl_date=1947.02.10&dl_size=6.75 MB
The Whistler,https://radioechoes.com/?page=series&genre=OTR-Mystery&series=The%20Whistler,Seven Steps To Murder East Coast Broadcast,1947.02.12,https://radioechoes.com/?page=play_download&mode=play&dl_mp3folder=T&dl_file=the_whistler_1947-02-12_seven_steps_to_murder_east_coast_broadcast.mp3&dl_series=The Whistler&dl_title=Seven Steps To Murder East Coast Broadcast&dl_date=1947.02.12&dl_size=4.93 MB
The Whistler,https://radioechoes.com/?page=series&genre=OTR-Mystery&series=The%20Whistler,A Woman's Priviledge,1947.02.17,https://radioechoes.com/?page=play_download&mode=play&dl_mp3folder=T&dl_file=the_whistler_1947-02-17_a_womans_priviledge.mp3&dl_series=The Whistler&dl_title=A Woman's Priviledge&dl_date=1947.02.17&dl_size=7.15 MB
The Whistler,https://radioechoes.com/?page=series&genre=OTR-Mystery&series=The%20Whistler,Eight To Twelve,1947.02.24,https://radioechoes.com/?page=play_download&mode=play&dl_mp3folder=T&dl_file=the_whistler_1947-02-24_eight_to_twelve.mp3&dl_series=The Whistler&dl_title=Eight To Twelve&dl_date=1947.02.24&dl_size=7.06 MB
The Whistler,https://radioechoes.com/?page=series&genre=OTR-Mystery&series=The%20Whistler,Blue Legend,1947.03.03,https://radioechoes.com/?page=play_download&mode=play&dl_mp3folder=T&dl_file=the_whistler_1947-03-03_blue_legend.mp3&dl_series=The Whistler&dl_title=Blue Legend&dl_date=1947.03.03&dl_size=6.73 MB
The Whistler,https://radioechoes.com/?page=series&genre=OTR-Mystery&series=The%20Whistler,Murder Of Byron Blake,1947.03.10,https://radioechoes.com/?page=play_download&mode=play&dl_mp3folder=T&dl_file=the_whistler_1947-03-10_murder_of_byron_blake.mp3&dl_series=The Whistler&dl_title=Murder Of Byron Blake&dl_date=1947.03.10&dl_size=6.76 MB
The Whistler,https://radioechoes.com/?page=series&genre=OTR-Mystery&series=The%20Whistler,Mavis Cameron Disappears,1947.03.17,https://radioechoes.com/?page=play_download&mode=play&dl_mp3folder=T&dl_file=the_whistler_1947-03-17_mavis_cameron_disappears.mp3&dl_series=The Whistler&dl_title=Mavis Cameron Disappears&dl_date=1947.03.17&dl_size=6.7 MB
The Whistler,https://radioechoes.com/?page=series&genre=OTR-Mystery&series=The%20Whistler,The Lady And The Knife,1947.03.24,https://radioechoes.com/?page=play_download&mode=play&dl_mp3folder=T&dl_file=the_whistler_1947-03-24_the_lady_and_the_knife.mp3&dl_series=The Whistler&dl_title=The Lady And The Knife&dl_date=1947.03.24&dl_size=7.04 MB
The Whistler,https://radioechoes.com/?page=series&genre=OTR-Mystery&series=The%20Whistler,The Blank Wall,1947.03.31,https://radioechoes.com/?page=play_download&mode=play&dl_mp3folder=T&dl_file=the_whistler_1947-03-31_the_blank_wall.mp3&dl_series=The Whistler&dl_title=The Blank Wall&dl_date=1947.03.31&dl_size=6.75 MB
The Whistler,https://radioechoes.com/?page=series&genre=OTR-Mystery&series=The%20Whistler,Seven Steps To Murder,1947.04.02,https://radioechoes.com/?page=play_download&mode=play&dl_mp3folder=T&dl_file=the_whistler_1947-04-02_seven_steps_to_murder.mp3&dl_series=The Whistler&dl_title=Seven Steps To Murder&dl_date=1947.04.02&dl_size=6.77 MB
The Whistler,https://radioechoes.com/?page=series&genre=OTR-Mystery&series=The%20Whistler,Sheriff Assistant,1947.04.07,https://radioechoes.com/?page=play_download&mode=play&dl_mp3folder=T&dl_file=the_whistler_1947-04-07_sheriff_assistant.mp3&dl_series=The Whistler&dl_title=Sheriff Assistant&dl_date=1947.04.07&dl_size=7.02 MB
The Whistler,https://radioechoes.com/?page=series&genre=OTR-Mystery&series=The%20Whistler,Maid Of Honor,1947.04.14,https://radioechoes.com/?page=play_download&mode=play&dl_mp3folder=T&dl_file=the_whistler_1947-04-14_maid_of_honor.mp3&dl_series=The Whistler&dl_title=Maid Of Honor&dl_date=1947.04.14&dl_size=6.77 MB
The Whistler,https://radioechoes.com/?page=series&genre=OTR-Mystery&series=The%20Whistler,Backlash,1947.04.21,https://radioechoes.com/?page=play_download&mode=play&dl_mp3folder=T&dl_file=the_whistler_1947-04-21_backlash.mp3&dl_series=The Whistler&dl_title=Backlash&dl_date=1947.04.21&dl_size=6.77 MB
The Whistler,https://radioechoes.com/?page=series&genre=OTR-Mystery&series=The%20Whistler,The Black Book,1947.04.28,https://radioechoes.com/?page=play_download&mode=play&dl_mp3folder=T&dl_file=the_whistler_1947-04-28_the_black_book.mp3&dl_series=The Whistler&dl_title=The Black Book&dl_date=1947.04.28&dl_size=6.79 MB
The Whistler,https://radioechoes.com/?page=series&genre=OTR-Mystery&series=The%20Whistler,Windfall,1947.05.05,https://radioechoes.com/?page=play_download&mode=play&dl_mp3folder=T&dl_file=the_whistler_1947-05-05_windfall.mp3&dl_series=The Whistler&dl_title=Windfall&dl_date=1947.05.05&dl_size=6.8 MB
The Whistler,https://radioechoes.com/?page=series&genre=OTR-Mystery&series=The%20Whistler,18 Bowden Lane,1947.05.12,https://radioechoes.com/?page=play_download&mode=play&dl_mp3folder=T&dl_file=the_whistler_1947-05-12_bowden_lane.mp3&dl_series=The Whistler&dl_title=18 Bowden Lane&dl_date=1947.05.12&dl_size=6.83 MB
The Whistler,https://radioechoes.com/?page=series&genre=OTR-Mystery&series=The%20Whistler,Hasty Conclusion,1947.05.19,https://radioechoes.com/?page=play_download&mode=play&dl_mp3folder=T&dl_file=the_whistler_1947-05-19_hasty_conclusion.mp3&dl_series=The Whistler&dl_title=Hasty Conclusion&dl_date=1947.05.19&dl_size=6.74 MB
The Whistler,https://radioechoes.com/?page=series&genre=OTR-Mystery&series=The%20Whistler,Fateful Friday,1947.05.26,https://radioechoes.com/?page=play_download&mode=play&dl_mp3folder=T&dl_file=the_whistler_1947-05-26_fateful_friday.mp3&dl_series=The Whistler&dl_title=Fateful Friday&dl_date=1947.05.26&dl_size=6.77 MB
The Whistler,https://radioechoes.com/?page=series&genre=OTR-Mystery&series=The%20Whistler,Caesar's Wife,1947.06.02,https://radioechoes.com/?page=play_download&mode=play&dl_mp3folder=T&dl_file=the_whistler_1947-06-02_caesars_wife.mp3&dl_series=The Whistler&dl_title=Caesar's Wife&dl_date=1947.06.02&dl_size=6.84 MB
The Whistler,https://radioechoes.com/?page=series&genre=OTR-Mystery&series=The%20Whistler,Juggernaut,1947.06.09,https://radioechoes.com/?page=play_download&mode=play&dl_mp3folder=T&dl_file=the_whistler_1947-06-09_juggernaut.mp3&dl_series=The Whistler&dl_title=Juggernaut&dl_date=1947.06.09&dl_size=6.88 MB
The Whistler,https://radioechoes.com/?page=series&genre=OTR-Mystery&series=The%20Whistler,Ambassador Of Death,1947.06.16,https://radioechoes.com/?page=play_download&mode=play&dl_mp3folder=T&dl_file=the_whistler_1947-06-16_ambassador_of_death.mp3&dl_series=The Whistler&dl_title=Ambassador Of Death&dl_date=1947.06.16&dl_size=6.8 MB
The Whistler,https://radioechoes.com/?page=series&genre=OTR-Mystery&series=The%20Whistler,The Gentle Way,1947.06.23,https://radioechoes.com/?page=play_download&mode=play&dl_mp3folder=T&dl_file=the_whistler_1947-06-23_the_gentle_way.mp3&dl_series=The Whistler&dl_title=The Gentle Way&dl_date=1947.06.23&dl_size=6.74 MB
The Whistler,https://radioechoes.com/?page=series&genre=OTR-Mystery&series=The%20Whistler,The Two Lives Of Colby Fletcher,1947.07.09,https://radioechoes.com/?page=play_download&mode=play&dl_mp3folder=T&dl_file=the_whistler_1947-07-09_the_two_lives_of_colby_fletcher.mp3&dl_series=The Whistler&dl_title=The Two Lives Of Colby Fletcher&dl_date=1947.07.09&dl_size=5.57 MB
The Whistler,https://radioechoes.com/?page=series&genre=OTR-Mystery&series=The%20Whistler,Beyond Reasonable Doubt,1947.07.16,https://radioechoes.com/?page=play_download&mode=play&dl_mp3folder=T&dl_file=the_whistler_1947-07-16_beyond_reasonable_doubt.mp3&dl_series=The Whistler&dl_title=Beyond Reasonable Doubt&dl_date=1947.07.16&dl_size=6.43 MB
The Whistler,https://radioechoes.com/?page=series&genre=OTR-Mystery&series=The%20Whistler,Borrowed Byline,1947.07.30,https://radioechoes.com/?page=play_download&mode=play&dl_mp3folder=T&dl_file=the_whistler_1947-07-30_borrowed_byline.mp3&dl_series=The Whistler&dl_title=Borrowed Byline&dl_date=1947.07.30&dl_size=6.91 MB
The Whistler,https://radioechoes.com/?page=series&genre=OTR-Mystery&series=The%20Whistler,Dark Future,1947.08.06,https://radioechoes.com/?page=play_download&mode=play&dl_mp3folder=T&dl_file=the_whistler_1947-08-06_dark_future.mp3&dl_series=The Whistler&dl_title=Dark Future&dl_date=1947.08.06&dl_size=6.91 MB
The Whistler,https://radioechoes.com/?page=series&genre=OTR-Mystery&series=The%20Whistler,Whispered Verdict,1947.08.13,https://radioechoes.com/?page=play_download&mode=play&dl_mp3folder=T&dl_file=the_whistler_1947-08-13_whispered_verdict.mp3&dl_series=The Whistler&dl_title=Whispered Verdict&dl_date=1947.08.13&dl_size=7 MB
The Whistler,https://radioechoes.com/?page=series&genre=OTR-Mystery&series=The%20Whistler,Whispered Verdict,1947.08.16,https://radioechoes.com/?page=play_download&mode=play&dl_mp3folder=T&dl_file=the_whistler_1947-08-16_whispered_verdict.mp3&dl_series=The Whistler&dl_title=Whispered Verdict&dl_date=1947.08.16&dl_size=7 MB
The Whistler,https://radioechoes.com/?page=series&genre=OTR-Mystery&series=The%20Whistler,Girl Next Door,1947.08.20,https://radioechoes.com/?page=play_download&mode=play&dl_mp3folder=T&dl_file=the_whistler_1947-08-20_girl_next_door.mp3&dl_series=The Whistler&dl_title=Girl Next Door&dl_date=1947.08.20&dl_size=6.71 MB
The Whistler,https://radioechoes.com/?page=series&genre=OTR-Mystery&series=The%20Whistler,Curtain Call,1947.08.27,https://radioechoes.com/?page=play_download&mode=play&dl_mp3folder=T&dl_file=the_whistler_1947-08-27_curtain_call.mp3&dl_series=The Whistler&dl_title=Curtain Call&dl_date=1947.08.27&dl_size=5.99 MB
The Whistler,https://radioechoes.com/?page=series&genre=OTR-Mystery&series=The%20Whistler,The Eleventh Hour,1947.09.03,https://radioechoes.com/?page=play_download&mode=play&dl_mp3folder=T&dl_file=the_whistler_1947-09-03_the_eleventh_hour.mp3&dl_series=The Whistler&dl_title=The Eleventh Hour&dl_date=1947.09.03&dl_size=6.79 MB
The Whistler,https://radioechoes.com/?page=series&genre=OTR-Mystery&series=The%20Whistler,Bridge On Black Mountain,1947.09.10,https://radioechoes.com/?page=play_download&mode=play&dl_mp3folder=T&dl_file=the_whistler_1947-09-10_bridge_on_black_mountain.mp3&dl_series=The Whistler&dl_title=Bridge On Black Mountain&dl_date=1947.09.10&dl_size=6.17 MB
The Whistler,https://radioechoes.com/?page=series&genre=OTR-Mystery&series=The%20Whistler,The Bridge On Black Mountain,1947.09.10,https://radioechoes.com/?page=play_download&mode=play&dl_mp3folder=T&dl_file=the_whistler_1947-09-10_the_bridge_on_black_mountain.mp3&dl_series=The Whistler&dl_title=The Bridge On Black Mountain&dl_date=1947.09.10&dl_size=6.58 MB
The Whistler,https://radioechoes.com/?page=series&genre=OTR-Mystery&series=The%20Whistler,Death And The Emperor,1947.09.17,https://radioechoes.com/?page=play_download&mode=play&dl_mp3folder=T&dl_file=the_whistler_1947-09-17_death_and_the_emperor.mp3&dl_series=The Whistler&dl_title=Death And The Emperor&dl_date=1947.09.17&dl_size=6.77 MB
The Whistler,https://radioechoes.com/?page=series&genre=OTR-Mystery&series=The%20Whistler,Sleep My Pretty One,1947.09.24,https://radioechoes.com/?page=play_download&mode=play&dl_mp3folder=T&dl_file=the_whistler_1947-09-24_sleep_my_pretty_one.mp3&dl_series=The Whistler&dl_title=Sleep My Pretty One&dl_date=1947.09.24&dl_size=6.91 MB
The Whistler,https://radioechoes.com/?page=series&genre=OTR-Mystery&series=The%20Whistler,Career Man,1947.10.08,https://radioechoes.com/?page=play_download&mode=play&dl_mp3folder=T&dl_file=the_whistler_1947-10-08_career_man.mp3&dl_series=The Whistler&dl_title=Career Man&dl_date=1947.10.08&dl_size=6.76 MB
The Whistler,https://radioechoes.com/?page=series&genre=OTR-Mystery&series=The%20Whistler,Man Of Distinction,1947.10.15,https://radioechoes.com/?page=play_download&mode=play&dl_mp3folder=T&dl_file=the_whistler_1947-10-15_man_of_distinction.mp3&dl_series=The Whistler&dl_title=Man Of Distinction&dl_date=1947.10.15&dl_size=6.77 MB
The Whistler,https://radioechoes.com/?page=series&genre=OTR-Mystery&series=The%20Whistler,A Case For Mister Carrington,1947.10.22,https://radioechoes.com/?page=play_download&mode=play&dl_mp3folder=T&dl_file=the_whistler_1947-10-22_a_case_for_mister_carrington.mp3&dl_series=The Whistler&dl_title=A Case For Mister Carrington&dl_date=1947.10.22&dl_size=4.67 MB
The Whistler,https://radioechoes.com/?page=series&genre=OTR-Mystery&series=The%20Whistler,The Back Door,1947.10.29,https://radioechoes.com/?page=play_download&mode=play&dl_mp3folder=T&dl_file=the_whistler_1947-10-29_the_back_door.mp3&dl_series=The Whistler&dl_title=The Back Door&dl_date=1947.10.29&dl_size=6.89 MB
The Whistler,https://radioechoes.com/?page=series&genre=OTR-Mystery&series=The%20Whistler,The Big Prison,1947.11.05,https://radioechoes.com/?page=play_download&mode=play&dl_mp3folder=T&dl_file=the_whistler_1947-11-05_the_big_prison.mp3&dl_series=The Whistler&dl_title=The Big Prison&dl_date=1947.11.05&dl_size=5.43 MB
The Whistler,https://radioechoes.com/?page=series&genre=OTR-Mystery&series=The%20Whistler,The Stolen Chance,1947.11.12,https://radioechoes.com/?page=play_download&mode=play&dl_mp3folder=T&dl_file=the_whistler_1947-11-12_the_stolen_chance.mp3&dl_series=The Whistler&dl_title=The Stolen Chance&dl_date=1947.11.12&dl_size=6.73 MB
The Whistler,https://radioechoes.com/?page=series&genre=OTR-Mystery&series=The%20Whistler,Dark Moon,1947.11.19,https://radioechoes.com/?page=play_download&mode=play&dl_mp3folder=T&dl_file=the_whistler_1947-11-19_dark_moon.mp3&dl_series=The Whistler&dl_title=Dark Moon&dl_date=1947.11.19&dl_size=6.75 MB
The Whistler,https://radioechoes.com/?page=series&genre=OTR-Mystery&series=The%20Whistler,Body Off Billingsgate,1947.11.26,https://radioechoes.com/?page=play_download&mode=play&dl_mp3folder=T&dl_file=the_whistler_1947-11-26_body_off_billingsgate.mp3&dl_series=The Whistler&dl_title=Body Off Billingsgate&dl_date=1947.11.26&dl_size=6.75 MB
The Whistler,https://radioechoes.com/?page=series&genre=OTR-Mystery&series=The%20Whistler,Professor And The Fox,1947.12.03,https://radioechoes.com/?page=play_download&mode=play&dl_mp3folder=T&dl_file=the_whistler_1947-12-03_professor_and_the_fox.mp3&dl_series=The Whistler&dl_title=Professor And The Fox&dl_date=1947.12.03&dl_size=6.77 MB
The Whistler,https://radioechoes.com/?page=series&genre=OTR-Mystery&series=The%20Whistler,Wedding Gift,1947.12.10,https://radioechoes.com/?page=play_download&mode=play&dl_mp3folder=T&dl_file=the_whistler_1947-12-10_wedding_gift.mp3&dl_series=The Whistler&dl_title=Wedding Gift&dl_date=1947.12.10&dl_size=7 MB
The Whistler,https://radioechoes.com/?page=series&genre=OTR-Mystery&series=The%20Whistler,Murder In Haste,1947.12.17,https://radioechoes.com/?page=play_download&mode=play&dl_mp3folder=T&dl_file=the_whistler_1947-12-17_murder_in_haste.mp3&dl_series=The Whistler&dl_title=Murder In Haste&dl_date=1947.12.17&dl_size=7.05 MB
The Whistler,https://radioechoes.com/?page=series&genre=OTR-Mystery&series=The%20Whistler,Decision,1947.12.24,https://radioechoes.com/?page=play_download&mode=play&dl_mp3folder=T&dl_file=the_whistler_1947-12-24_decision.mp3&dl_series=The Whistler&dl_title=Decision&dl_date=1947.12.24&dl_size=6.76 MB
The Whistler,https://radioechoes.com/?page=series&genre=OTR-Mystery&series=The%20Whistler,First Year,1947.12.31,https://radioechoes.com/?page=play_download&mode=play&dl_mp3folder=T&dl_file=the_whistler_1947-12-31_first_year.mp3&dl_series=The Whistler&dl_title=First Year&dl_date=1947.12.31&dl_size=9.98 MB
The Whistler,https://radioechoes.com/?page=series&genre=OTR-Mystery&series=The%20Whistler,The First Year,1947.12.31,https://radioechoes.com/?page=play_download&mode=play&dl_mp3folder=T&dl_file=the_whistler_1947-12-31_the_first_year.mp3&dl_series=The Whistler&dl_title=The First Year&dl_date=1947.12.31&dl_size=6.66 MB
The Whistler,https://radioechoes.com/?page=series&genre=OTR-Mystery&series=The%20Whistler,Comeback,1948.01.07,https://radioechoes.com/?page=play_download&mode=play&dl_mp3folder=T&dl_file=the_whistler_1948-01-07_comeback.mp3&dl_series=The Whistler&dl_title=Comeback&dl_date=1948.01.07&dl_size=6.82 MB
The Whistler,https://radioechoes.com/?page=series&genre=OTR-Mystery&series=The%20Whistler,Silent Partner,1948.01.14,https://radioechoes.com/?page=play_download&mode=play&dl_mp3folder=T&dl_file=the_whistler_1948-01-14_silent_partner.mp3&dl_series=The Whistler&dl_title=Silent Partner&dl_date=1948.01.14&dl_size=6.95 MB
The Whistler,https://radioechoes.com/?page=series&genre=OTR-Mystery&series=The%20Whistler,Twelve Portraits Of Marcia,1948.01.21,https://radioechoes.com/?page=play_download&mode=play&dl_mp3folder=T&dl_file=the_whistler_1948-01-21_twelve_portraits_of_marcia.mp3&dl_series=The Whistler&dl_title=Twelve Portraits Of Marcia&dl_date=1948.01.21&dl_size=6.83 MB
The Whistler,https://radioechoes.com/?page=series&genre=OTR-Mystery&series=The%20Whistler,Night Final,1948.01.28,https://radioechoes.com/?page=play_download&mode=play&dl_mp3folder=T&dl_file=the_whistler_1948-01-28_night_final.mp3&dl_series=The Whistler&dl_title=Night Final&dl_date=1948.01.28&dl_size=6.2 MB
The Whistler,https://radioechoes.com/?page=series&genre=OTR-Mystery&series=The%20Whistler,Undertow,1948.02.04,https://radioechoes.com/?page=play_download&mode=play&dl_mp3folder=T&dl_file=the_whistler_1948-02-04_undertow.mp3&dl_series=The Whistler&dl_title=Undertow&dl_date=1948.02.04&dl_size=6.8 MB
The Whistler,https://radioechoes.com/?page=series&genre=OTR-Mystery&series=The%20Whistler,Money Is The Root Of All Evil,1948.02.11,https://radioechoes.com/?page=play_download&mode=play&dl_mp3folder=T&dl_file=the_whistler_1948-02-11_money_is_the_root_of_all_evil.mp3&dl_series=The Whistler&dl_title=Money Is The Root Of All Evil&dl_date=1948.02.11&dl_size=6.93 MB
The Whistler,https://radioechoes.com/?page=series&genre=OTR-Mystery&series=The%20Whistler,Rosalind,1948.02.11,https://radioechoes.com/?page=play_download&mode=play&dl_mp3folder=T&dl_file=the_whistler_1948-02-11_rosalind.mp3&dl_series=The Whistler&dl_title=Rosalind&dl_date=1948.02.11&dl_size=6.93 MB
The Whistler,https://radioechoes.com/?page=series&genre=OTR-Mystery&series=The%20Whistler,Quiet Suicide,1948.02.18,https://radioechoes.com/?page=play_download&mode=play&dl_mp3folder=T&dl_file=the_whistler_1948-02-18_quiet_suicide.mp3&dl_series=The Whistler&dl_title=Quiet Suicide&dl_date=1948.02.18&dl_size=5.52 MB
The Whistler,https://radioechoes.com/?page=series&genre=OTR-Mystery&series=The%20Whistler,Meeting On Tenth Street,1948.02.25,https://radioechoes.com/?page=play_download&mode=play&dl_mp3folder=T&dl_file=the_whistler_1948-02-25_meeting_on_tenth_street.mp3&dl_series=The Whistler&dl_title=Meeting On Tenth Street&dl_date=1948.02.25&dl_size=6.86 MB
The Whistler,https://radioechoes.com/?page=series&genre=OTR-Mystery&series=The%20Whistler,Boiling Point,1948.03.03,https://radioechoes.com/?page=play_download&mode=play&dl_mp3folder=T&dl_file=the_whistler_1948-03-03_boiling_point.mp3&dl_series=The Whistler&dl_title=Boiling Point&dl_date=1948.03.03&dl_size=6.77 MB
The Whistler,https://radioechoes.com/?page=series&genre=OTR-Mystery&series=The%20Whistler,Return Engagement,1948.03.10,https://radioechoes.com/?page=play_download&mode=play&dl_mp3folder=T&dl_file=the_whistler_1948-03-10_return_engagement.mp3&dl_series=The Whistler&dl_title=Return Engagement&dl_date=1948.03.10&dl_size=6.76 MB
The Whistler,https://radioechoes.com/?page=series&genre=OTR-Mystery&series=The%20Whistler,The Human Catalyst,1948.03.17,https://radioechoes.com/?page=play_download&mode=play&dl_mp3folder=T&dl_file=the_whistler_1948-03-17_the_human_catalyst.mp3&dl_series=The Whistler&dl_title=The Human Catalyst&dl_date=1948.03.17&dl_size=6.76 MB
The Whistler,https://radioechoes.com/?page=series&genre=OTR-Mystery&series=The%20Whistler,The Dark Room,1948.03.24,https://radioechoes.com/?page=play_download&mode=play&dl_mp3folder=T&dl_file=the_whistler_1948-03-24_the_dark_room.mp3&dl_series=The Whistler&dl_title=The Dark Room&dl_date=1948.03.24&dl_size=6.77 MB
The Whistler,https://radioechoes.com/?page=series&genre=OTR-Mystery&series=The%20Whistler,Bird Of Prey,1948.03.31,https://radioechoes.com/?page=play_download&mode=play&dl_mp3folder=T&dl_file=the_whistler_1948-03-31_bird_of_prey.mp3&dl_series=The Whistler&dl_title=Bird Of Prey&dl_date=1948.03.31&dl_size=6.76 MB
The Whistler,https://radioechoes.com/?page=series&genre=OTR-Mystery&series=The%20Whistler,What Makes A Murderer?,1948.04.07,https://radioechoes.com/?page=play_download&mode=play&dl_mp3folder=T&dl_file=the_whistler_1948-04-07_what_makes_a_murderer.mp3&dl_series=The Whistler&dl_title=What Makes A Murderer?&dl_date=1948.04.07&dl_size=6.86 MB
The Whistler,https://radioechoes.com/?page=series&genre=OTR-Mystery&series=The%20Whistler,Till Death Do Us Part,1948.04.14,https://radioechoes.com/?page=play_download&mode=play&dl_mp3folder=T&dl_file=the_whistler_1948-04-14_till_death_do_us_part.mp3&dl_series=The Whistler&dl_title=Till Death Do Us Part&dl_date=1948.04.14&dl_size=6.74 MB
The Whistler,https://radioechoes.com/?page=series&genre=OTR-Mystery&series=The%20Whistler,Silent City,1948.04.21,https://radioechoes.com/?page=play_download&mode=play&dl_mp3folder=T&dl_file=the_whistler_1948-04-21_silent_city.mp3&dl_series=The Whistler&dl_title=Silent City&dl_date=1948.04.21&dl_size=6.77 MB
The Whistler,https://radioechoes.com/?page=series&genre=OTR-Mystery&series=The%20Whistler,Tough Guy,1948.04.28,https://radioechoes.com/?page=play_download&mode=play&dl_mp3folder=T&dl_file=the_whistler_1948-04-28_tough_guy.mp3&dl_series=The Whistler&dl_title=Tough Guy&dl_date=1948.04.28&dl_size=7.5 MB
The Whistler,https://radioechoes.com/?page=series&genre=OTR-Mystery&series=The%20Whistler,Lady In Waiting,1948.05.05,https://radioechoes.com/?page=play_download&mode=play&dl_mp3folder=T&dl_file=the_whistler_1948-05-05_lady_in_waiting.mp3&dl_series=The Whistler&dl_title=Lady In Waiting&dl_date=1948.05.05&dl_size=5.5 MB
The Whistler,https://radioechoes.com/?page=series&genre=OTR-Mystery&series=The%20Whistler,Chain Reaction,1948.05.12,https://radioechoes.com/?page=play_download&mode=play&dl_mp3folder=T&dl_file=the_whistler_1948-05-12_chain_reaction.mp3&dl_series=The Whistler&dl_title=Chain Reaction&dl_date=1948.05.12&dl_size=6.64 MB
The Whistler,https://radioechoes.com/?page=series&genre=OTR-Mystery&series=The%20Whistler,Murder On Margin,1948.05.19,https://radioechoes.com/?page=play_download&mode=play&dl_mp3folder=T&dl_file=the_whistler_1948-05-19_murder_on_margin.mp3&dl_series=The Whistler&dl_title=Murder On Margin&dl_date=1948.05.19&dl_size=6.52 MB
The Whistler,https://radioechoes.com/?page=series&genre=OTR-Mystery&series=The%20Whistler,Stranger In The House,1948.06.02,https://radioechoes.com/?page=play_download&mode=play&dl_mp3folder=T&dl_file=the_whistler_1948-06-02_stranger_in_the_house.mp3&dl_series=The Whistler&dl_title=Stranger In The House&dl_date=1948.06.02&dl_size=6.77 MB
The Whistler,https://radioechoes.com/?page=series&genre=OTR-Mystery&series=The%20Whistler,Concerto Of Death,1948.06.16,https://radioechoes.com/?page=play_download&mode=play&dl_mp3folder=T&dl_file=the_whistler_1948-06-16_concerto_of_death.mp3&dl_series=The Whistler&dl_title=Concerto Of Death&dl_date=1948.06.16&dl_size=6.76 MB
The Whistler,https://radioechoes.com/?page=series&genre=OTR-Mystery&series=The%20Whistler,Small Town Girl,1948.06.30,https://radioechoes.com/?page=play_download&mode=play&dl_mp3folder=T&dl_file=the_whistler_1948-06-30_small_town_girl.mp3&dl_series=The Whistler&dl_title=Small Town Girl&dl_date=1948.06.30&dl_size=6.77 MB
The Whistler,https://radioechoes.com/?page=series&genre=OTR-Mystery&series=The%20Whistler,Fatal Appointment,1948.07.07,https://radioechoes.com/?page=play_download&mode=play&dl_mp3folder=T&dl_file=the_whistler_1948-07-07_fatal_appointment.mp3&dl_series=The Whistler&dl_title=Fatal Appointment&dl_date=1948.07.07&dl_size=7.04 MB
The Whistler,https://radioechoes.com/?page=series&genre=OTR-Mystery&series=The%20Whistler,Farewell Party,1948.07.21,https://radioechoes.com/?page=play_download&mode=play&dl_mp3folder=T&dl_file=the_whistler_1948-07-21_farewell_party.mp3&dl_series=The Whistler&dl_title=Farewell Party&dl_date=1948.07.21&dl_size=6.96 MB
The Whistler,https://radioechoes.com/?page=series&genre=OTR-Mystery&series=The%20Whistler,Lady From The Sea,1948.07.28,https://radioechoes.com/?page=play_download&mode=play&dl_mp3folder=T&dl_file=the_whistler_1948-07-28_lady_from_the_sea.mp3&dl_series=The Whistler&dl_title=Lady From The Sea&dl_date=1948.07.28&dl_size=5.94 MB
The Whistler,https://radioechoes.com/?page=series&genre=OTR-Mystery&series=The%20Whistler,Question Of Murder,1948.08.04,https://radioechoes.com/?page=play_download&mode=play&dl_mp3folder=T&dl_file=the_whistler_1948-08-04_question_of_murder.mp3&dl_series=The Whistler&dl_title=Question Of Murder&dl_date=1948.08.04&dl_size=6.77 MB
The Whistler,https://radioechoes.com/?page=series&genre=OTR-Mystery&series=The%20Whistler,Enough Rope,1948.08.11,https://radioechoes.com/?page=play_download&mode=play&dl_mp3folder=T&dl_file=the_whistler_1948-08-11_enough_rope.mp3&dl_series=The Whistler&dl_title=Enough Rope&dl_date=1948.08.11&dl_size=6.02 MB
The Whistler,https://radioechoes.com/?page=series&genre=OTR-Mystery&series=The%20Whistler,Bright Future,1948.08.18,https://radioechoes.com/?page=play_download&mode=play&dl_mp3folder=T&dl_file=the_whistler_1948-08-18_bright_future.mp3&dl_series=The Whistler&dl_title=Bright Future&dl_date=1948.08.18&dl_size=5.79 MB
The Whistler,https://radioechoes.com/?page=series&genre=OTR-Mystery&series=The%20Whistler,Trio Of Rogues,1948.08.25,https://radioechoes.com/?page=play_download&mode=play&dl_mp3folder=T&dl_file=the_whistler_1948-08-25_trio_of_rogues.mp3&dl_series=The Whistler&dl_title=Trio Of Rogues&dl_date=1948.08.25&dl_size=6.75 MB
The Whistler,https://radioechoes.com/?page=series&genre=OTR-Mystery&series=The%20Whistler,Payment In Full,1948.09.01,https://radioechoes.com/?page=play_download&mode=play&dl_mp3folder=T&dl_file=the_whistler_1948-09-01_payment_in_full.mp3&dl_series=The Whistler&dl_title=Payment In Full&dl_date=1948.09.01&dl_size=6.77 MB
The Whistler,https://radioechoes.com/?page=series&genre=OTR-Mystery&series=The%20Whistler,The Great Zantini,1948.09.08,https://radioechoes.com/?page=play_download&mode=play&dl_mp3folder=T&dl_file=the_whistler_1948-09-08_the_great_zantini.mp3&dl_series=The Whistler&dl_title=The Great Zantini&dl_date=1948.09.08&dl_size=5.88 MB
The Whistler,https://radioechoes.com/?page=series&genre=OTR-Mystery&series=The%20Whistler,Uncle Ben's Widow,1948.09.15,https://radioechoes.com/?page=play_download&mode=play&dl_mp3folder=T&dl_file=the_whistler_1948-09-15_uncle_bens_widow.mp3&dl_series=The Whistler&dl_title=Uncle Ben's Widow&dl_date=1948.09.15&dl_size=6.53 MB
The Whistler,https://radioechoes.com/?page=series&genre=OTR-Mystery&series=The%20Whistler,Still Death,1948.09.22,https://radioechoes.com/?page=play_download&mode=play&dl_mp3folder=T&dl_file=the_whistler_1948-09-22_still_death.mp3&dl_series=The Whistler&dl_title=Still Death&dl_date=1948.09.22&dl_size=6.84 MB
The Whistler,https://radioechoes.com/?page=series&genre=OTR-Mystery&series=The%20Whistler,Conspiracy,1948.09.29,https://radioechoes.com/?page=play_download&mode=play&dl_mp3folder=T&dl_file=the_whistler_1948-09-29_conspiracy.mp3&dl_series=The Whistler&dl_title=Conspiracy&dl_date=1948.09.29&dl_size=6.77 MB
The Whistler,https://radioechoes.com/?page=series&genre=OTR-Mystery&series=The%20Whistler,Big Gamble,1948.10.03,https://radioechoes.com/?page=play_download&mode=play&dl_mp3folder=T&dl_file=the_whistler_1948-10-03_big_gamble.mp3&dl_series=The Whistler&dl_title=Big Gamble&dl_date=1948.10.03&dl_size=6.91 MB
The Whistler,https://radioechoes.com/?page=series&genre=OTR-Mystery&series=The%20Whistler,Whirlpool,1948.10.10,https://radioechoes.com/?page=play_download&mode=play&dl_mp3folder=T&dl_file=the_whistler_1948-10-10_whirlpool.mp3&dl_series=The Whistler&dl_title=Whirlpool&dl_date=1948.10.10&dl_size=6.75 MB
The Whistler,https://radioechoes.com/?page=series&genre=OTR-Mystery&series=The%20Whistler,Package For Emily,1948.10.17,https://radioechoes.com/?page=play_download&mode=play&dl_mp3folder=T&dl_file=the_whistler_1948-10-17_package_for_emily.mp3&dl_series=The Whistler&dl_title=Package For Emily&dl_date=1948.10.17&dl_size=6.42 MB
The Whistler,https://radioechoes.com/?page=series&genre=OTR-Mystery&series=The%20Whistler,Search For An Unknown,1948.10.24,https://radioechoes.com/?page=play_download&mode=play&dl_mp3folder=T&dl_file=the_whistler_1948-10-24_search_for_an_unknown.mp3&dl_series=The Whistler&dl_title=Search For An Unknown&dl_date=1948.10.24&dl_size=6.5 MB
The Whistler,https://radioechoes.com/?page=series&genre=OTR-Mystery&series=The%20Whistler,Letter From Yesterday,1948.10.31,https://radioechoes.com/?page=play_download&mode=play&dl_mp3folder=T&dl_file=the_whistler_1948-10-31_letter_from_yesterday.mp3&dl_series=The Whistler&dl_title=Letter From Yesterday&dl_date=1948.10.31&dl_size=6.37 MB
The Whistler,https://radioechoes.com/?page=series&genre=OTR-Mystery&series=The%20Whistler,Cover Up,1948.11.07,https://radioechoes.com/?page=play_download&mode=play&dl_mp3folder=T&dl_file=the_whistler_1948-11-07_cover_up.mp3&dl_series=The Whistler&dl_title=Cover Up&dl_date=1948.11.07&dl_size=6.77 MB
The Whistler,https://radioechoes.com/?page=series&genre=OTR-Mystery&series=The%20Whistler,Nightmare,1948.11.14,https://radioechoes.com/?page=play_download&mode=play&dl_mp3folder=T&dl_file=the_whistler_1948-11-14_nightmare.mp3&dl_series=The Whistler&dl_title=Nightmare&dl_date=1948.11.14&dl_size=6.71 MB
The Whistler,https://radioechoes.com/?page=series&genre=OTR-Mystery&series=The%20Whistler,The Lovely Look,1948.11.21,https://radioechoes.com/?page=play_download&mode=play&dl_mp3folder=T&dl_file=the_whistler_1948-11-21_the_lovely_look.mp3&dl_series=The Whistler&dl_title=The Lovely Look&dl_date=1948.11.21&dl_size=6.99 MB
The Whistler,https://radioechoes.com/?page=series&genre=OTR-Mystery&series=The%20Whistler,Murder In Paradise,1948.11.28,https://radioechoes.com/?page=play_download&mode=play&dl_mp3folder=T&dl_file=the_whistler_1948-11-28_murder_in_paradise.mp3&dl_series=The Whistler&dl_title=Murder In Paradise&dl_date=1948.11.28&dl_size=5.93 MB
The Whistler,https://radioechoes.com/?page=series&genre=OTR-Mystery&series=The%20Whistler,Hired Alibi,1948.12.05,https://radioechoes.com/?page=play_download&mode=play&dl_mp3folder=T&dl_file=the_whistler_1948-12-05_hired_alibi.mp3&dl_series=The Whistler&dl_title=Hired Alibi&dl_date=1948.12.05&dl_size=6.08 MB
The Whistler,https://radioechoes.com/?page=series&genre=OTR-Mystery&series=The%20Whistler,Stormy Weather,1948.12.12,https://radioechoes.com/?page=play_download&mode=play&dl_mp3folder=T&dl_file=the_whistler_1948-12-12_stormy_weather.mp3&dl_series=The Whistler&dl_title=Stormy Weather&dl_date=1948.12.12&dl_size=6.95 MB
The Whistler,https://radioechoes.com/?page=series&genre=OTR-Mystery&series=The%20Whistler,The Hangtree Affair,1948.12.19,https://radioechoes.com/?page=play_download&mode=play&dl_mp3folder=T&dl_file=the_whistler_1948-12-19_the_hangtree_affair.mp3&dl_series=The Whistler&dl_title=The Hangtree Affair&dl_date=1948.12.19&dl_size=7.03 MB
The Whistler,https://radioechoes.com/?page=series&genre=OTR-Mystery&series=The%20Whistler,Delayed Christmas Present,1948.12.26,https://radioechoes.com/?page=play_download&mode=play&dl_mp3folder=T&dl_file=the_whistler_1948-12-26_delayed_christmas_present.mp3&dl_series=The Whistler&dl_title=Delayed Christmas Present&dl_date=1948.12.26&dl_size=7.04 MB
The Whistler,https://radioechoes.com/?page=series&genre=OTR-Mystery&series=The%20Whistler,Man On The Roof,1949.01.02,https://radioechoes.com/?page=play_download&mode=play&dl_mp3folder=T&dl_file=the_whistler_1949-01-02_man_on_the_roof.mp3&dl_series=The Whistler&dl_title=Man On The Roof&dl_date=1949.01.02&dl_size=6.95 MB
The Whistler,https://radioechoes.com/?page=series&genre=OTR-Mystery&series=The%20Whistler,Tell Tale Brand,1949.01.09,https://radioechoes.com/?page=play_download&mode=play&dl_mp3folder=T&dl_file=the_whistler_1949-01-09_tell_tale_brand.mp3&dl_series=The Whistler&dl_title=Tell Tale Brand&dl_date=1949.01.09&dl_size=6.83 MB
The Whistler,https://radioechoes.com/?page=series&genre=OTR-Mystery&series=The%20Whistler,Shakedown,1949.01.16,https://radioechoes.com/?page=play_download&mode=play&dl_mp3folder=T&dl_file=the_whistler_1949-01-16_shakedown.mp3&dl_series=The Whistler&dl_title=Shakedown&dl_date=1949.01.16&dl_size=5.92 MB
The Whistler,https://radioechoes.com/?page=series&genre=OTR-Mystery&series=The%20Whistler,Impulse,1949.01.23,https://radioechoes.com/?page=play_download&mode=play&dl_mp3folder=T&dl_file=the_whistler_1949-01-23_impulse.mp3&dl_series=The Whistler&dl_title=Impulse&dl_date=1949.01.23&dl_size=6.74 MB
The Whistler,https://radioechoes.com/?page=series&genre=OTR-Mystery&series=The%20Whistler,All Damage Covered,1949.01.30,https://radioechoes.com/?page=play_download&mode=play&dl_mp3folder=T&dl_file=the_whistler_1949-01-30_all_damage_covered.mp3&dl_series=The Whistler&dl_title=All Damage Covered&dl_date=1949.01.30&dl_size=6.22 MB
The Whistler,https://radioechoes.com/?page=series&genre=OTR-Mystery&series=The%20Whistler,The Cheat,1949.02.06,https://radioechoes.com/?page=play_download&mode=play&dl_mp3folder=T&dl_file=the_whistler_1949-02-06_the_cheat.mp3&dl_series=The Whistler&dl_title=The Cheat&dl_date=1949.02.06&dl_size=6.11 MB
The Whistler,https://radioechoes.com/?page=series&genre=OTR-Mystery&series=The%20Whistler,Last Curtain,1949.02.13,https://radioechoes.com/?page=play_download&mode=play&dl_mp3folder=T&dl_file=the_whistler_1949-02-13_last_curtain.mp3&dl_series=The Whistler&dl_title=Last Curtain&dl_date=1949.02.13&dl_size=6.23 MB
The Whistler,https://radioechoes.com/?page=series&genre=OTR-Mystery&series=The%20Whistler,Ticket To Paris,1949.02.20,https://radioechoes.com/?page=play_download&mode=play&dl_mp3folder=T&dl_file=the_whistler_1949-02-20_ticket_to_paris.mp3&dl_series=The Whistler&dl_title=Ticket To Paris&dl_date=1949.02.20&dl_size=5.98 MB
The Whistler,https://radioechoes.com/?page=series&genre=OTR-Mystery&series=The%20Whistler,Grave Secret,1949.02.27,https://radioechoes.com/?page=play_download&mode=play&dl_mp3folder=T&dl_file=the_whistler_1949-02-27_grave_secret.mp3&dl_series=The Whistler&dl_title=Grave Secret&dl_date=1949.02.27&dl_size=6.33 MB
The Whistler,https://radioechoes.com/?page=series&genre=OTR-Mystery&series=The%20Whistler,Search For Maxine,1949.03.13,https://radioechoes.com/?page=play_download&mode=play&dl_mp3folder=T&dl_file=the_whistler_1949-03-13_search_for_maxine.mp3&dl_series=The Whistler&dl_title=Search For Maxine&dl_date=1949.03.13&dl_size=6.79 MB
The Whistler,https://radioechoes.com/?page=series&genre=OTR-Mystery&series=The%20Whistler,Death Of Mr. Penny,1949.03.20,https://radioechoes.com/?page=play_download&mode=play&dl_mp3folder=T&dl_file=the_whistler_1949-03-20_death_of_mr_penny.mp3&dl_series=The Whistler&dl_title=Death Of Mr. Penny&dl_date=1949.03.20&dl_size=5.83 MB
The Whistler,https://radioechoes.com/?page=series&genre=OTR-Mystery&series=The%20Whistler,Beyond The Wall,1949.03.27,https://radioechoes.com/?page=play_download&mode=play&dl_mp3folder=T&dl_file=the_whistler_1949-03-27_beyond_the_wall.mp3&dl_series=The Whistler&dl_title=Beyond The Wall&dl_date=1949.03.27&dl_size=6.73 MB
The Whistler,https://radioechoes.com/?page=series&genre=OTR-Mystery&series=The%20Whistler,Rawhide Coffin,1949.04.03,https://radioechoes.com/?page=play_download&mode=play&dl_mp3folder=T&dl_file=the_whistler_1949-04-03_rawhide_coffin.mp3&dl_series=The Whistler&dl_title=Rawhide Coffin&dl_date=1949.04.03&dl_size=5.98 MB
The Whistler,https://radioechoes.com/?page=series&genre=OTR-Mystery&series=The%20Whistler,Murder At Twin Pines,1949.04.10,https://radioechoes.com/?page=play_download&mode=play&dl_mp3folder=T&dl_file=the_whistler_1949-04-10_murder_in_twin_pines.mp3&dl_series=The Whistler&dl_title=Murder At Twin Pines&dl_date=1949.04.10&dl_size=5.83 MB
The Whistler,https://radioechoes.com/?page=series&genre=OTR-Mystery&series=The%20Whistler,Sleep My Pretty One,1949.04.17,https://radioechoes.com/?page=play_download&mode=play&dl_mp3folder=T&dl_file=the_whistler_1949-04-17_sleep_my_pretty_one.mp3&dl_series=The Whistler&dl_title=Sleep My Pretty One&dl_date=1949.04.17&dl_size=6.98 MB
The Whistler,https://radioechoes.com/?page=series&genre=OTR-Mystery&series=The%20Whistler,Mask For Kinsella,1949.04.24,https://radioechoes.com/?page=play_download&mode=play&dl_mp3folder=T&dl_file=the_whistler_1949-04-24_mask_for_kinsella.mp3&dl_series=The Whistler&dl_title=Mask For Kinsella&dl_date=1949.04.24&dl_size=6.73 MB
The Whistler,https://radioechoes.com/?page=series&genre=OTR-Mystery&series=The%20Whistler,Solid Citizen,1949.05.01,https://radioechoes.com/?page=play_download&mode=play&dl_mp3folder=T&dl_file=the_whistler_1949-05-01_solid_citizen.mp3&dl_series=The Whistler&dl_title=Solid Citizen&dl_date=1949.05.01&dl_size=5.87 MB
The Whistler,https://radioechoes.com/?page=series&genre=OTR-Mystery&series=The%20Whistler,Danger Is A Beautiful Blonde,1949.05.08,https://radioechoes.com/?page=play_download&mode=play&dl_mp3folder=T&dl_file=the_whistler_1949-05-08_danger_is_a_beautiful_blonde.mp3&dl_series=The Whistler&dl_title=Danger Is A Beautiful Blonde&dl_date=1949.05.08&dl_size=4.87 MB
The Whistler,https://radioechoes.com/?page=series&genre=OTR-Mystery&series=The%20Whistler,Golden Opportunity,1949.05.15,https://radioechoes.com/?page=play_download&mode=play&dl_mp3folder=T&dl_file=the_whistler_1949-05-15_golden_opportunity.mp3&dl_series=The Whistler&dl_title=Golden Opportunity&dl_date=1949.05.15&dl_size=6.92 MB
The Whistler,https://radioechoes.com/?page=series&genre=OTR-Mystery&series=The%20Whistler,Fatal Fraud,1949.05.22,https://radioechoes.com/?page=play_download&mode=play&dl_mp3folder=T&dl_file=the_whistler_1949-05-22_fatal_fraud.mp3&dl_series=The Whistler&dl_title=Fatal Fraud&dl_date=1949.05.22&dl_size=5.43 MB
The Whistler,https://radioechoes.com/?page=series&genre=OTR-Mystery&series=The%20Whistler,Deal With Death,1949.05.29,https://radioechoes.com/?page=play_download&mode=play&dl_mp3folder=T&dl_file=the_whistler_1949-05-29_deal_with_death.mp3&dl_series=The Whistler&dl_title=Deal With Death&dl_date=1949.05.29&dl_size=6.8 MB
The Whistler,https://radioechoes.com/?page=series&genre=OTR-Mystery&series=The%20Whistler,Letter To Melanie,1949.06.05,https://radioechoes.com/?page=play_download&mode=play&dl_mp3folder=T&dl_file=the_whistler_1949-06-05_letter_to_melanie.mp3&dl_series=The Whistler&dl_title=Letter To Melanie&dl_date=1949.06.05&dl_size=5.81 MB
The Whistler,https://radioechoes.com/?page=series&genre=OTR-Mystery&series=The%20Whistler,Perfect Alibi,1949.06.12,https://radioechoes.com/?page=play_download&mode=play&dl_mp3folder=T&dl_file=the_whistler_1949-06-12_perfect_alibi.mp3&dl_series=The Whistler&dl_title=Perfect Alibi&dl_date=1949.06.12&dl_size=5.83 MB
The Whistler,https://radioechoes.com/?page=series&genre=OTR-Mystery&series=The%20Whistler,That Physical Fact,1949.06.19,https://radioechoes.com/?page=play_download&mode=play&dl_mp3folder=T&dl_file=the_whistler_1949-06-19_that_physical_fact.mp3&dl_series=The Whistler&dl_title=That Physical Fact&dl_date=1949.06.19&dl_size=5.51 MB
The Whistler,https://radioechoes.com/?page=series&genre=OTR-Mystery&series=The%20Whistler,Final Decree,1949.06.26,https://radioechoes.com/?page=play_download&mode=play&dl_mp3folder=T&dl_file=the_whistler_1949-06-26_final_decree.mp3&dl_series=The Whistler&dl_title=Final Decree&dl_date=1949.06.26&dl_size=6.12 MB
The Whistler,https://radioechoes.com/?page=series&genre=OTR-Mystery&series=The%20Whistler,Panic On Mulberry Street,1949.07.03,https://radioechoes.com/?page=play_download&mode=play&dl_mp3folder=T&dl_file=the_whistler_1949-07-03_panic_on_mulberry_street.mp3&dl_series=The Whistler&dl_title=Panic On Mulberry Street&dl_date=1949.07.03&dl_size=6.77 MB
The Whistler,https://radioechoes.com/?page=series&genre=OTR-Mystery&series=The%20Whistler,Front Man,1949.07.10,https://radioechoes.com/?page=play_download&mode=play&dl_mp3folder=T&dl_file=the_whistler_1949-07-10_front_man.mp3&dl_series=The Whistler&dl_title=Front Man&dl_date=1949.07.10&dl_size=5.97 MB
The Whistler,https://radioechoes.com/?page=series&genre=OTR-Mystery&series=The%20Whistler,Death In Sixteen Millimeter,1949.07.17,https://radioechoes.com/?page=play_download&mode=play&dl_mp3folder=T&dl_file=the_whistler_1949-07-17_death_in_sixteen_millimeter.mp3&dl_series=The Whistler&dl_title=Death In Sixteen Millimeter&dl_date=1949.07.17&dl_size=5.94 MB
The Whistler,https://radioechoes.com/?page=series&genre=OTR-Mystery&series=The%20Whistler,The Hermit,1949.07.24,https://radioechoes.com/?page=play_download&mode=play&dl_mp3folder=T&dl_file=the_whistler_1949-07-24_the_hermit.mp3&dl_series=The Whistler&dl_title=The Hermit&dl_date=1949.07.24&dl_size=7 MB
The Whistler,https://radioechoes.com/?page=series&genre=OTR-Mystery&series=The%20Whistler,Brotherly Hate,1949.07.31,https://radioechoes.com/?page=play_download&mode=play&dl_mp3folder=T&dl_file=the_whistler_1949-07-31_brotherly_hate.mp3&dl_series=The Whistler&dl_title=Brotherly Hate&dl_date=1949.07.31&dl_size=7.04 MB
The Whistler,https://radioechoes.com/?page=series&genre=OTR-Mystery&series=The%20Whistler,The Trigger Man,1949.08.07,https://radioechoes.com/?page=play_download&mode=play&dl_mp3folder=T&dl_file=the_whistler_1949-08-07_the_trigger_man.mp3&dl_series=The Whistler&dl_title=The Trigger Man&dl_date=1949.08.07&dl_size=6.26 MB
The Whistler,https://radioechoes.com/?page=series&genre=OTR-Mystery&series=The%20Whistler,Best Friend,1949.08.14,https://radioechoes.com/?page=play_download&mode=play&dl_mp3folder=T&dl_file=the_whistler_1949-08-14_best_friend.mp3&dl_series=The Whistler&dl_title=Best Friend&dl_date=1949.08.14&dl_size=6.84 MB
The Whistler,https://radioechoes.com/?page=series&genre=OTR-Mystery&series=The%20Whistler,The Confession,1949.08.21,https://radioechoes.com/?page=play_download&mode=play&dl_mp3folder=T&dl_file=the_whistler_1949-08-21_the_confession.mp3&dl_series=The Whistler&dl_title=The Confession&dl_date=1949.08.21&dl_size=6.75 MB
The Whistler,https://radioechoes.com/?page=series&genre=OTR-Mystery&series=The%20Whistler,Eager Pigeon,1949.08.28,https://radioechoes.com/?page=play_download&mode=play&dl_mp3folder=T&dl_file=the_whistler_1949-08-28_eager_pigeon.mp3&dl_series=The Whistler&dl_title=Eager Pigeon&dl_date=1949.08.28&dl_size=6.72 MB
The Whistler,https://radioechoes.com/?page=series&genre=OTR-Mystery&series=The%20Whistler,Smart Girl,1949.09.04,https://radioechoes.com/?page=play_download&mode=play&dl_mp3folder=T&dl_file=the_whistler_1949-09-04_smart_girl.mp3&dl_series=The Whistler&dl_title=Smart Girl&dl_date=1949.09.04&dl_size=6.77 MB
The Whistler,https://radioechoes.com/?page=series&genre=OTR-Mystery&series=The%20Whistler,Brief Pause For Murder,1949.09.11,https://radioechoes.com/?page=play_download&mode=play&dl_mp3folder=T&dl_file=the_whistler_1949-09-11_brief_pause_for_murder.mp3&dl_series=The Whistler&dl_title=Brief Pause For Murder&dl_date=1949.09.11&dl_size=6.65 MB
The Whistler,https://radioechoes.com/?page=series&genre=OTR-Mystery&series=The%20Whistler,Poor Henry,1949.09.18,https://radioechoes.com/?page=play_download&mode=play&dl_mp3folder=T&dl_file=the_whistler_1949-09-18_poor_henry.mp3&dl_series=The Whistler&dl_title=Poor Henry&dl_date=1949.09.18&dl_size=6.76 MB
The Whistler,https://radioechoes.com/?page=series&genre=OTR-Mystery&series=The%20Whistler,Incident At Arroyo Grande,1949.09.25,https://radioechoes.com/?page=play_download&mode=play&dl_mp3folder=T&dl_file=the_whistler_1949-09-25_incident_at_arroyo_grande.mp3&dl_series=The Whistler&dl_title=Incident At Arroyo Grande&dl_date=1949.09.25&dl_size=6.77 MB
The Whistler,https://radioechoes.com/?page=series&genre=OTR-Mystery&series=The%20Whistler,A Woman's Priviledge,1949.10.02,https://radioechoes.com/?page=play_download&mode=play&dl_mp3folder=T&dl_file=the_whistler_1949-10-02_a_womans_priviledge.mp3&dl_series=The Whistler&dl_title=A Woman's Priviledge&dl_date=1949.10.02&dl_size=7.34 MB
The Whistler,https://radioechoes.com/?page=series&genre=OTR-Mystery&series=The%20Whistler,Rose For Pamela,1949.10.09,https://radioechoes.com/?page=play_download&mode=play&dl_mp3folder=T&dl_file=the_whistler_1949-10-09_rose_for_pamela.mp3&dl_series=The Whistler&dl_title=Rose For Pamela&dl_date=1949.10.09&dl_size=6.8 MB
The Whistler,https://radioechoes.com/?page=series&genre=OTR-Mystery&series=The%20Whistler,Best Man,1949.10.16,https://radioechoes.com/?page=play_download&mode=play&dl_mp3folder=T&dl_file=the_whistler_1949-10-16_best_man.mp3&dl_series=The Whistler&dl_title=Best Man&dl_date=1949.10.16&dl_size=6.52 MB
The Whistler,https://radioechoes.com/?page=series&genre=OTR-Mystery&series=The%20Whistler,Debt Of Honor,1949.10.23,https://radioechoes.com/?page=play_download&mode=play&dl_mp3folder=T&dl_file=the_whistler_1949-10-23_debt_of_honor.mp3&dl_series=The Whistler&dl_title=Debt Of Honor&dl_date=1949.10.23&dl_size=6.63 MB
The Whistler,https://radioechoes.com/?page=series&genre=OTR-Mystery&series=The%20Whistler,Ticket To Murder,1949.10.30,https://radioechoes.com/?page=play_download&mode=play&dl_mp3folder=T&dl_file=the_whistler_1949-10-30_ticket_to_murder.mp3&dl_series=The Whistler&dl_title=Ticket To Murder&dl_date=1949.10.30&dl_size=6.78 MB
The Whistler,https://radioechoes.com/?page=series&genre=OTR-Mystery&series=The%20Whistler,New Mrs. Delvin,1949.11.06,https://radioechoes.com/?page=play_download&mode=play&dl_mp3folder=T&dl_file=the_whistler_1949-11-06_new_mrs_delvin.mp3&dl_series=The Whistler&dl_title=New Mrs. Delvin&dl_date=1949.11.06&dl_size=6.82 MB
The Whistler,https://radioechoes.com/?page=series&genre=OTR-Mystery&series=The%20Whistler,The New Mrs. Devlin,1949.11.06,https://radioechoes.com/?page=play_download&mode=play&dl_mp3folder=T&dl_file=the_whistler_1949-11-06_the_new_mrs_devlin.mp3&dl_series=The Whistler&dl_title=The New Mrs. Devlin&dl_date=1949.11.06&dl_size=6.79 MB
The Whistler,https://radioechoes.com/?page=series&genre=OTR-Mystery&series=The%20Whistler,Incident At Pebble Cove,1949.11.13,https://radioechoes.com/?page=play_download&mode=play&dl_mp3folder=T&dl_file=the_whistler_1949-11-13_incident_at_pebble_cove.mp3&dl_series=The Whistler&dl_title=Incident At Pebble Cove&dl_date=1949.11.13&dl_size=6.84 MB
The Whistler,https://radioechoes.com/?page=series&genre=OTR-Mystery&series=The%20Whistler,Letters From Aaron Burr,1949.11.20,https://radioechoes.com/?page=play_download&mode=play&dl_mp3folder=T&dl_file=the_whistler_1949-11-20_letters_from_aaron_burr.mp3&dl_series=The Whistler&dl_title=Letters From Aaron Burr&dl_date=1949.11.20&dl_size=6.77 MB
The Whistler,https://radioechoes.com/?page=series&genre=OTR-Mystery&series=The%20Whistler,Clever Mister Farley,1949.11.27,https://radioechoes.com/?page=play_download&mode=play&dl_mp3folder=T&dl_file=the_whistler_1949-11-27_clever_mister_farley.mp3&dl_series=The Whistler&dl_title=Clever Mister Farley&dl_date=1949.11.27&dl_size=6.71 MB
The Whistler,https://radioechoes.com/?page=series&genre=OTR-Mystery&series=The%20Whistler,Impulse,1949.12.04,https://radioechoes.com/?page=play_download&mode=play&dl_mp3folder=T&dl_file=the_whistler_1949-12-04_impulse.mp3&dl_series=The Whistler&dl_title=Impulse&dl_date=1949.12.04&dl_size=5.29 MB
The Whistler,https://radioechoes.com/?page=series&genre=OTR-Mystery&series=The%20Whistler,Swan Song,1949.12.11,https://radioechoes.com/?page=play_download&mode=play&dl_mp3folder=T&dl_file=the_whistler_1949-12-11_swan_song.mp3&dl_series=The Whistler&dl_title=Swan Song&dl_date=1949.12.11&dl_size=6.77 MB
The Whistler,https://radioechoes.com/?page=series&genre=OTR-Mystery&series=The%20Whistler,Patroness Of Murder,1949.12.18,https://radioechoes.com/?page=play_download&mode=play&dl_mp3folder=T&dl_file=the_whistler_1949-12-18_patroness_of_murder.mp3&dl_series=The Whistler&dl_title=Patroness Of Murder&dl_date=1949.12.18&dl_size=6.73 MB
The Whistler,https://radioechoes.com/?page=series&genre=OTR-Mystery&series=The%20Whistler,Letter From Cynthia,1949.12.25,https://radioechoes.com/?page=play_download&mode=play&dl_mp3folder=T&dl_file=the_whistler_1949-12-25_letter_from_cynthia.mp3&dl_series=The Whistler&dl_title=Letter From Cynthia&dl_date=1949.12.25&dl_size=6.8 MB
The Whistler,https://radioechoes.com/?page=series&genre=OTR-Mystery&series=The%20Whistler,Evening Stroll,1950.01.01,https://radioechoes.com/?page=play_download&mode=play&dl_mp3folder=T&dl_file=the_whistler_1950-01-01_evening_stroll.mp3&dl_series=The Whistler&dl_title=Evening Stroll&dl_date=1950.01.01&dl_size=6.59 MB
The Whistler,https://radioechoes.com/?page=series&genre=OTR-Mystery&series=The%20Whistler,Return To Riondo,1950.01.08,https://radioechoes.com/?page=play_download&mode=play&dl_mp3folder=T&dl_file=the_whistler_1950-01-08_return_to_riondo.mp3&dl_series=The Whistler&dl_title=Return To Riondo&dl_date=1950.01.08&dl_size=5.21 MB
The Whistler,https://radioechoes.com/?page=series&genre=OTR-Mystery&series=The%20Whistler,Escape To Skull Island,1950.01.15,https://radioechoes.com/?page=play_download&mode=play&dl_mp3folder=T&dl_file=the_whistler_1950-01-15_escape_to_skull_island.mp3&dl_series=The Whistler&dl_title=Escape To Skull Island&dl_date=1950.01.15&dl_size=6.59 MB
The Whistler,https://radioechoes.com/?page=series&genre=OTR-Mystery&series=The%20Whistler,The Go Between,1950.01.22,https://radioechoes.com/?page=play_download&mode=play&dl_mp3folder=T&dl_file=the_whistler_1950-01-22_the_go_between.mp3&dl_series=The Whistler&dl_title=The Go Between&dl_date=1950.01.22&dl_size=6.16 MB
The Whistler,https://radioechoes.com/?page=series&genre=OTR-Mystery&series=The%20Whistler,Burden Of Guilt,1950.01.29,https://radioechoes.com/?page=play_download&mode=play&dl_mp3folder=T&dl_file=the_whistler_1950-01-29_burden_of_guilt.mp3&dl_series=The Whistler&dl_title=Burden Of Guilt&dl_date=1950.01.29&dl_size=5.85 MB
The Whistler,https://radioechoes.com/?page=series&genre=OTR-Mystery&series=The%20Whistler,Ladies Man,1950.02.05,https://radioechoes.com/?page=play_download&mode=play&dl_mp3folder=T&dl_file=the_whistler_1950-02-05_ladies_man.mp3&dl_series=The Whistler&dl_title=Ladies Man&dl_date=1950.02.05&dl_size=5.77 MB
The Whistler,https://radioechoes.com/?page=series&genre=OTR-Mystery&series=The%20Whistler,Desert Reckoning,1950.02.12,https://radioechoes.com/?page=play_download&mode=play&dl_mp3folder=T&dl_file=the_whistler_1950-02-12_desert_reckoning.mp3&dl_series=The Whistler&dl_title=Desert Reckoning&dl_date=1950.02.12&dl_size=6.7 MB
The Whistler,https://radioechoes.com/?page=series&genre=OTR-Mystery&series=The%20Whistler,The Last Curtain,1950.02.13,https://radioechoes.com/?page=play_download&mode=play&dl_mp3folder=T&dl_file=the_whistler_1950-02-13_the_last_curtain.mp3&dl_series=The Whistler&dl_title=The Last Curtain&dl_date=1950.02.13&dl_size=7.07 MB
The Whistler,https://radioechoes.com/?page=series&genre=OTR-Mystery&series=The%20Whistler,Five Cent Call,1950.02.19,https://radioechoes.com/?page=play_download&mode=play&dl_mp3folder=T&dl_file=the_whistler_1950-02-19_five_cent_call.mp3&dl_series=The Whistler&dl_title=Five Cent Call&dl_date=1950.02.19&dl_size=6.61 MB
The Whistler,https://radioechoes.com/?page=series&genre=OTR-Mystery&series=The%20Whistler,Appointment For Murder,1950.02.26,https://radioechoes.com/?page=play_download&mode=play&dl_mp3folder=T&dl_file=the_whistler_1950-02-26_appointment_for_murder.mp3&dl_series=The Whistler&dl_title=Appointment For Murder&dl_date=1950.02.26&dl_size=7 MB
The Whistler,https://radioechoes.com/?page=series&genre=OTR-Mystery&series=The%20Whistler,Chinese Elephant Puzzle,1950.03.05,https://radioechoes.com/?page=play_download&mode=play&dl_mp3folder=T&dl_file=the_whistler_1950-03-05_chinese_elephant_puzzle.mp3&dl_series=The Whistler&dl_title=Chinese Elephant Puzzle&dl_date=1950.03.05&dl_size=6.54 MB
The Whistler,https://radioechoes.com/?page=series&genre=OTR-Mystery&series=The%20Whistler,Strange Meeting,1950.03.12,https://radioechoes.com/?page=play_download&mode=play&dl_mp3folder=T&dl_file=the_whistler_1950-03-12_strange_meeting.mp3&dl_series=The Whistler&dl_title=Strange Meeting&dl_date=1950.03.12&dl_size=6.99 MB
The Whistler,https://radioechoes.com/?page=series&genre=OTR-Mystery&series=The%20Whistler,Oriana Affair,1950.03.19,https://radioechoes.com/?page=play_download&mode=play&dl_mp3folder=T&dl_file=the_whistler_1950-03-19_oriana_affair.mp3&dl_series=The Whistler&dl_title=Oriana Affair&dl_date=1950.03.19&dl_size=6.98 MB
The Whistler,https://radioechoes.com/?page=series&genre=OTR-Mystery&series=The%20Whistler,Lady In The Snow,1950.03.26,https://radioechoes.com/?page=play_download&mode=play&dl_mp3folder=T&dl_file=the_whistler_1950-03-26_lady_in_the_snow.mp3&dl_series=The Whistler&dl_title=Lady In The Snow&dl_date=1950.03.26&dl_size=7.04 MB
The Whistler,https://radioechoes.com/?page=series&genre=OTR-Mystery&series=The%20Whistler,Lady With A Key,1950.04.02,https://radioechoes.com/?page=play_download&mode=play&dl_mp3folder=T&dl_file=the_whistler_1950-04-02_lady_with_a_key.mp3&dl_series=The Whistler&dl_title=Lady With A Key&dl_date=1950.04.02&dl_size=7.04 MB
The Whistler,https://radioechoes.com/?page=series&genre=OTR-Mystery&series=The%20Whistler,Dark Voyage,1950.04.09,https://radioechoes.com/?page=play_download&mode=play&dl_mp3folder=T&dl_file=the_whistler_1950-04-09_dark_voyage.mp3&dl_series=The Whistler&dl_title=Dark Voyage&dl_date=1950.04.09&dl_size=6.95 MB
The Whistler,https://radioechoes.com/?page=series&genre=OTR-Mystery&series=The%20Whistler,Murder In Mind,1950.04.16,https://radioechoes.com/?page=play_download&mode=play&dl_mp3folder=T&dl_file=the_whistler_1950-04-16_murder_in_mind.mp3&dl_series=The Whistler&dl_title=Murder In Mind&dl_date=1950.04.16&dl_size=6.71 MB
The Whistler,https://radioechoes.com/?page=series&genre=OTR-Mystery&series=The%20Whistler,Returned With The Spray,1950.04.23,https://radioechoes.com/?page=play_download&mode=play&dl_mp3folder=T&dl_file=the_whistler_1950-04-23_returned_with_the_spray.mp3&dl_series=The Whistler&dl_title=Returned With The Spray&dl_date=1950.04.23&dl_size=6.76 MB
The Whistler,https://radioechoes.com/?page=series&genre=OTR-Mystery&series=The%20Whistler,Gratitude,1950.04.30,https://radioechoes.com/?page=play_download&mode=play&dl_mp3folder=T&dl_file=the_whistler_1950-04-30_gratitude.mp3&dl_series=The Whistler&dl_title=Gratitude&dl_date=1950.04.30&dl_size=5.63 MB
The Whistler,https://radioechoes.com/?page=series&genre=OTR-Mystery&series=The%20Whistler,Fatal Error,1950.05.07,https://radioechoes.com/?page=play_download&mode=play&dl_mp3folder=T&dl_file=the_whistler_1950-05-07_fatal_error.mp3&dl_series=The Whistler&dl_title=Fatal Error&dl_date=1950.05.07&dl_size=6.01 MB
The Whistler,https://radioechoes.com/?page=series&genre=OTR-Mystery&series=The%20Whistler,Blue Alibi,1950.05.14,https://radioechoes.com/?page=play_download&mode=play&dl_mp3folder=T&dl_file=the_whistler_1950-05-14_blue_alibi.mp3&dl_series=The Whistler&dl_title=Blue Alibi&dl_date=1950.05.14&dl_size=6.52 MB
The Whistler,https://radioechoes.com/?page=series&genre=OTR-Mystery&series=The%20Whistler,The Return,1950.05.21,https://radioechoes.com/?page=play_download&mode=play&dl_mp3folder=T&dl_file=the_whistler_1950-05-21_the_return.mp3&dl_series=The Whistler&dl_title=The Return&dl_date=1950.05.21&dl_size=6.81 MB
The Whistler,https://radioechoes.com/?page=series&genre=OTR-Mystery&series=The%20Whistler,Caesar's Wife,1950.06.04,https://radioechoes.com/?page=play_download&mode=play&dl_mp3folder=T&dl_file=the_whistler_1950-06-04_caesars_wife.mp3&dl_series=The Whistler&dl_title=Caesar's Wife&dl_date=1950.06.04&dl_size=6.65 MB
The Whistler,https://radioechoes.com/?page=series&genre=OTR-Mystery&series=The%20Whistler,Rebound,1950.06.11,https://radioechoes.com/?page=play_download&mode=play&dl_mp3folder=T&dl_file=the_whistler_1950-06-11_rebound.mp3&dl_series=The Whistler&dl_title=Rebound&dl_date=1950.06.11&dl_size=6.58 MB
The Whistler,https://radioechoes.com/?page=series&genre=OTR-Mystery&series=The%20Whistler,Jessica,1950.06.18,https://radioechoes.com/?page=play_download&mode=play&dl_mp3folder=T&dl_file=the_whistler_1950-06-18_jessica.mp3&dl_series=The Whistler&dl_title=Jessica&dl_date=1950.06.18&dl_size=6.71 MB
The Whistler,https://radioechoes.com/?page=series&genre=OTR-Mystery&series=The%20Whistler,Manhunt,1950.06.25,https://radioechoes.com/?page=play_download&mode=play&dl_mp3folder=T&dl_file=the_whistler_1950-06-25_manhunt.mp3&dl_series=The Whistler&dl_title=Manhunt&dl_date=1950.06.25&dl_size=6.74 MB
The Whistler,https://radioechoes.com/?page=series&genre=OTR-Mystery&series=The%20Whistler,Quiet Sunday,1950.07.02,https://radioechoes.com/?page=play_download&mode=play&dl_mp3folder=T&dl_file=the_whistler_1950-07-02_quiet_sunday.mp3&dl_series=The Whistler&dl_title=Quiet Sunday&dl_date=1950.07.02&dl_size=6.85 MB
The Whistler,https://radioechoes.com/?page=series&genre=OTR-Mystery&series=The%20Whistler,Devoted Couple,1950.07.09,https://radioechoes.com/?page=play_download&mode=play&dl_mp3folder=T&dl_file=the_whistler_1950-07-09_devoted_couple.mp3&dl_series=The Whistler&dl_title=Devoted Couple&dl_date=1950.07.09&dl_size=6.1 MB
The Whistler,https://radioechoes.com/?page=series&genre=OTR-Mystery&series=The%20Whistler,Attorney For The Defense,1950.07.16,https://radioechoes.com/?page=play_download&mode=play&dl_mp3folder=T&dl_file=the_whistler_1950-07-16_attorney_for_the_defense.mp3&dl_series=The Whistler&dl_title=Attorney For The Defense&dl_date=1950.07.16&dl_size=5.94 MB
The Whistler,https://radioechoes.com/?page=series&genre=OTR-Mystery&series=The%20Whistler,Cliffs Of Weyrum,1950.07.23,https://radioechoes.com/?page=play_download&mode=play&dl_mp3folder=T&dl_file=the_whistler_1950-07-23_cliffs_of_weyrum.mp3&dl_series=The Whistler&dl_title=Cliffs Of Weyrum&dl_date=1950.07.23&dl_size=6.49 MB
The Whistler,https://radioechoes.com/?page=series&genre=OTR-Mystery&series=The%20Whistler,With My Own Eyes,1950.07.30,https://radioechoes.com/?page=play_download&mode=play&dl_mp3folder=T&dl_file=the_whistler_1950-07-30_with_my_own_eyes.mp3&dl_series=The Whistler&dl_title=With My Own Eyes&dl_date=1950.07.30&dl_size=5.87 MB
The Whistler,https://radioechoes.com/?page=series&genre=OTR-Mystery&series=The%20Whistler,Double Exposure,1950.08.06,https://radioechoes.com/?page=play_download&mode=play&dl_mp3folder=T&dl_file=the_whistler_1950-08-06_double_exposure.mp3&dl_series=The Whistler&dl_title=Double Exposure&dl_date=1950.08.06&dl_size=6.71 MB
The Whistler,https://radioechoes.com/?page=series&genre=OTR-Mystery&series=The%20Whistler,Finale,1950.08.20,https://radioechoes.com/?page=play_download&mode=play&dl_mp3folder=T&dl_file=the_whistler_1950-08-20_finale.mp3&dl_series=The Whistler&dl_title=Finale&dl_date=1950.08.20&dl_size=6.67 MB
The Whistler,https://radioechoes.com/?page=series&genre=OTR-Mystery&series=The%20Whistler,Undercurrent,1950.08.27,https://radioechoes.com/?page=play_download&mode=play&dl_mp3folder=T&dl_file=the_whistler_1950-08-27_undercurrent.mp3&dl_series=The Whistler&dl_title=Undercurrent&dl_date=1950.08.27&dl_size=6.53 MB
The Whistler,https://radioechoes.com/?page=series&genre=OTR-Mystery&series=The%20Whistler,Whirlwind,1950.09.03,https://radioechoes.com/?page=play_download&mode=play&dl_mp3folder=T&dl_file=the_whistler_1950-09-03_whirlwind.mp3&dl_series=The Whistler&dl_title=Whirlwind&dl_date=1950.09.03&dl_size=6.32 MB
The Whistler,https://radioechoes.com/?page=series&genre=OTR-Mystery&series=The%20Whistler,Golden Penny,1950.09.10,https://radioechoes.com/?page=play_download&mode=play&dl_mp3folder=T&dl_file=the_whistler_1950-09-10_golden_penny.mp3&dl_series=The Whistler&dl_title=Golden Penny&dl_date=1950.09.10&dl_size=6.35 MB
The Whistler,https://radioechoes.com/?page=series&genre=OTR-Mystery&series=The%20Whistler,Deadly Rumor,1950.09.17,https://radioechoes.com/?page=play_download&mode=play&dl_mp3folder=T&dl_file=the_whistler_1950-09-17_deadly_rumor.mp3&dl_series=The Whistler&dl_title=Deadly Rumor&dl_date=1950.09.17&dl_size=6.31 MB
The Whistler,https://radioechoes.com/?page=series&genre=OTR-Mystery&series=The%20Whistler,That Hemsley Affair,1950.09.24,https://radioechoes.com/?page=play_download&mode=play&dl_mp3folder=T&dl_file=the_whistler_1950-09-24_that_hemsley_affair.mp3&dl_series=The Whistler&dl_title=That Hemsley Affair&dl_date=1950.09.24&dl_size=6.69 MB
The Whistler,https://radioechoes.com/?page=series&genre=OTR-Mystery&series=The%20Whistler,Dear Diary,1950.10.01,https://radioechoes.com/?page=play_download&mode=play&dl_mp3folder=T&dl_file=the_whistler_1950-10-01_dear_diary.mp3&dl_series=The Whistler&dl_title=Dear Diary&dl_date=1950.10.01&dl_size=6.66 MB
The Whistler,https://radioechoes.com/?page=series&genre=OTR-Mystery&series=The%20Whistler,Fatal Action,1950.10.08,https://radioechoes.com/?page=play_download&mode=play&dl_mp3folder=T&dl_file=the_whistler_1950-10-08_fatal_action.mp3&dl_series=The Whistler&dl_title=Fatal Action&dl_date=1950.10.08&dl_size=6.17 MB
The Whistler,https://radioechoes.com/?page=series&genre=OTR-Mystery&series=The%20Whistler,Smart Boy,1950.10.15,https://radioechoes.com/?page=play_download&mode=play&dl_mp3folder=T&dl_file=the_whistler_1950-10-15_smart_boy.mp3&dl_series=The Whistler&dl_title=Smart Boy&dl_date=1950.10.15&dl_size=6.64 MB
The Whistler,https://radioechoes.com/?page=series&genre=OTR-Mystery&series=The%20Whistler,The Wall,1950.10.22,https://radioechoes.com/?page=play_download&mode=play&dl_mp3folder=T&dl_file=the_whistler_1950-10-22_the_wall.mp3&dl_series=The Whistler&dl_title=The Wall&dl_date=1950.10.22&dl_size=6.5 MB
The Whistler,https://radioechoes.com/?page=series&genre=OTR-Mystery&series=The%20Whistler,The Intruder,1950.10.29,https://radioechoes.com/?page=play_download&mode=play&dl_mp3folder=T&dl_file=the_whistler_1950-10-29_the_intruder.mp3&dl_series=The Whistler&dl_title=The Intruder&dl_date=1950.10.29&dl_size=5.98 MB
The Whistler,https://radioechoes.com/?page=series&genre=OTR-Mystery&series=The%20Whistler,Just Like A Man,1950.11.05,https://radioechoes.com/?page=play_download&mode=play&dl_mp3folder=T&dl_file=the_whistler_1950-11-05_just_like_a_man.mp3&dl_series=The Whistler&dl_title=Just Like A Man&dl_date=1950.11.05&dl_size=6.12 MB
The Whistler,https://radioechoes.com/?page=series&genre=OTR-Mystery&series=The%20Whistler,A Friendly Case Of Blackmail,1950.11.12,https://radioechoes.com/?page=play_download&mode=play&dl_mp3folder=T&dl_file=the_whistler_1950-11-12_a_friendly_case_of_blackmail.mp3&dl_series=The Whistler&dl_title=A Friendly Case Of Blackmail&dl_date=1950.11.12&dl_size=6.54 MB
The Whistler,https://radioechoes.com/?page=series&genre=OTR-Mystery&series=The%20Whistler,Warm Reception,1950.11.19,https://radioechoes.com/?page=play_download&mode=play&dl_mp3folder=T&dl_file=the_whistler_1950-11-19_warm_reception.mp3&dl_series=The Whistler&dl_title=Warm Reception&dl_date=1950.11.19&dl_size=6.92 MB
The Whistler,https://radioechoes.com/?page=series&genre=OTR-Mystery&series=The%20Whistler,Till Death Do Us Part,1950.11.26,https://radioechoes.com/?page=play_download&mode=play&dl_mp3folder=T&dl_file=the_whistler_1950-11-26_till_death_do_us_part.mp3&dl_series=The Whistler&dl_title=Till Death Do Us Part&dl_date=1950.11.26&dl_size=6.2 MB
The Whistler,https://radioechoes.com/?page=series&genre=OTR-Mystery&series=The%20Whistler,The Lady And The Knife,1950.12.03,https://radioechoes.com/?page=play_download&mode=play&dl_mp3folder=T&dl_file=the_whistler_1950-12-03_the_lady_and_the_knife.mp3&dl_series=The Whistler&dl_title=The Lady And The Knife&dl_date=1950.12.03&dl_size=6.83 MB
The Whistler,https://radioechoes.com/?page=series&genre=OTR-Mystery&series=The%20Whistler,Clock On The Tower,1950.12.10,https://radioechoes.com/?page=play_download&mode=play&dl_mp3folder=T&dl_file=the_whistler_1950-12-10_clock_on_the_tower.mp3&dl_series=The Whistler&dl_title=Clock On The Tower&dl_date=1950.12.10&dl_size=6.2 MB
The Whistler,https://radioechoes.com/?page=series&genre=OTR-Mystery&series=The%20Whistler,Flee From Evil,1950.12.17,https://radioechoes.com/?page=play_download&mode=play&dl_mp3folder=T&dl_file=the_whistler_1950-12-17_flee_from_evil.mp3&dl_series=The Whistler&dl_title=Flee From Evil&dl_date=1950.12.17&dl_size=6.94 MB
The Whistler,https://radioechoes.com/?page=series&genre=OTR-Mystery&series=The%20Whistler,Three Wise Guys,1950.12.24,https://radioechoes.com/?page=play_download&mode=play&dl_mp3folder=T&dl_file=the_whistler_1950-12-24_three_wise_guys.mp3&dl_series=The Whistler&dl_title=Three Wise Guys&dl_date=1950.12.24&dl_size=6.77 MB
The Whistler,https://radioechoes.com/?page=series&genre=OTR-Mystery&series=The%20Whistler,Big Jump,1950.12.31,https://radioechoes.com/?page=play_download&mode=play&dl_mp3folder=T&dl_file=the_whistler_1950-12-31_big_jump.mp3&dl_series=The Whistler&dl_title=Big Jump&dl_date=1950.12.31&dl_size=7.2 MB
The Whistler,https://radioechoes.com/?page=series&genre=OTR-Mystery&series=The%20Whistler,Hit And Run,1951.01.07,https://radioechoes.com/?page=play_download&mode=play&dl_mp3folder=T&dl_file=the_whistler_1951-01-07_hit_and_run.mp3&dl_series=The Whistler&dl_title=Hit And Run&dl_date=1951.01.07&dl_size=6.45 MB
The Whistler,https://radioechoes.com/?page=series&genre=OTR-Mystery&series=The%20Whistler,The Little Things,1951.01.14,https://radioechoes.com/?page=play_download&mode=play&dl_mp3folder=T&dl_file=the_whistler_1951-01-14_the_little_things.mp3&dl_series=The Whistler&dl_title=The Little Things&dl_date=1951.01.14&dl_size=6.88 MB
The Whistler,https://radioechoes.com/?page=series&genre=OTR-Mystery&series=The%20Whistler,Treasure Hunt,1951.01.21,https://radioechoes.com/?page=play_download&mode=play&dl_mp3folder=T&dl_file=the_whistler_1951-01-21_treasure_hunt.mp3&dl_series=The Whistler&dl_title=Treasure Hunt&dl_date=1951.01.21&dl_size=5.94 MB
The Whistler,https://radioechoes.com/?page=series&genre=OTR-Mystery&series=The%20Whistler,Trade Mark,1951.01.28,https://radioechoes.com/?page=play_download&mode=play&dl_mp3folder=T&dl_file=the_whistler_1951-01-28_trade_mark.mp3&dl_series=The Whistler&dl_title=Trade Mark&dl_date=1951.01.28&dl_size=6.91 MB
The Whistler,https://radioechoes.com/?page=series&genre=OTR-Mystery&series=The%20Whistler,Treasure Hunt,1951.01.28,https://radioechoes.com/?page=play_download&mode=play&dl_mp3folder=T&dl_file=the_whistler_1951-01-28_treasure_hunt.mp3&dl_series=The Whistler&dl_title=Treasure Hunt&dl_date=1951.01.28&dl_size=13.42 MB
The Whistler,https://radioechoes.com/?page=series&genre=OTR-Mystery&series=The%20Whistler,Murder Over Burma,1951.02.04,https://radioechoes.com/?page=play_download&mode=play&dl_mp3folder=T&dl_file=the_whistler_1951-02-04_murder_over_burma.mp3&dl_series=The Whistler&dl_title=Murder Over Burma&dl_date=1951.02.04&dl_size=6.95 MB
The Whistler,https://radioechoes.com/?page=series&genre=OTR-Mystery&series=The%20Whistler,Spell In Green,1951.02.11,https://radioechoes.com/?page=play_download&mode=play&dl_mp3folder=T&dl_file=the_whistler_1951-02-11_spell_in_green.mp3&dl_series=The Whistler&dl_title=Spell In Green&dl_date=1951.02.11&dl_size=5.24 MB
The Whistler,https://radioechoes.com/?page=series&genre=OTR-Mystery&series=The%20Whistler,Man In The Storm,1951.02.18,https://radioechoes.com/?page=play_download&mode=play&dl_mp3folder=T&dl_file=the_whistler_1951-02-18_man_in_the_storm.mp3&dl_series=The Whistler&dl_title=Man In The Storm&dl_date=1951.02.18&dl_size=6.86 MB
The Whistler,https://radioechoes.com/?page=series&genre=OTR-Mystery&series=The%20Whistler,Murder Arrangement,1951.02.25,https://radioechoes.com/?page=play_download&mode=play&dl_mp3folder=T&dl_file=the_whistler_1951-02-25_murder_arrangement.mp3&dl_series=The Whistler&dl_title=Murder Arrangement&dl_date=1951.02.25&dl_size=6.22 MB
The Whistler,https://radioechoes.com/?page=series&genre=OTR-Mystery&series=The%20Whistler,Helping Hand,1951.03.04,https://radioechoes.com/?page=play_download&mode=play&dl_mp3folder=T&dl_file=the_whistler_1951-03-04_helping_hand.mp3&dl_series=The Whistler&dl_title=Helping Hand&dl_date=1951.03.04&dl_size=6.8 MB
The Whistler,https://radioechoes.com/?page=series&genre=OTR-Mystery&series=The%20Whistler,High Death,1951.03.11,https://radioechoes.com/?page=play_download&mode=play&dl_mp3folder=T&dl_file=the_whistler_1951-03-11_high_death.mp3&dl_series=The Whistler&dl_title=High Death&dl_date=1951.03.11&dl_size=6.24 MB
The Whistler,https://radioechoes.com/?page=series&genre=OTR-Mystery&series=The%20Whistler,Jackson Street Affair,1951.03.18,https://radioechoes.com/?page=play_download&mode=play&dl_mp3folder=T&dl_file=the_whistler_1951-03-18_jackson_street_affair.mp3&dl_series=The Whistler&dl_title=Jackson Street Affair&dl_date=1951.03.18&dl_size=6.67 MB
The Whistler,https://radioechoes.com/?page=series&genre=OTR-Mystery&series=The%20Whistler,His Own Record,1951.03.25,https://radioechoes.com/?page=play_download&mode=play&dl_mp3folder=T&dl_file=the_whistler_1951-03-25_his_own_record.mp3&dl_series=The Whistler&dl_title=His Own Record&dl_date=1951.03.25&dl_size=6.82 MB
The Whistler,https://radioechoes.com/?page=series&genre=OTR-Mystery&series=The%20Whistler,Man In A Corner,1951.04.01,https://radioechoes.com/?page=play_download&mode=play&dl_mp3folder=T&dl_file=the_whistler_1951-04-01_man_in_a_corner.mp3&dl_series=The Whistler&dl_title=Man In A Corner&dl_date=1951.04.01&dl_size=6.82 MB
The Whistler,https://radioechoes.com/?page=series&genre=OTR-Mystery&series=The%20Whistler,A Trip To Aunt Sarah's,1951.04.08,https://radioechoes.com/?page=play_download&mode=play&dl_mp3folder=T&dl_file=the_whistler_1951-04-08_a_trip_to_aunt_sarahs.mp3&dl_series=The Whistler&dl_title=A Trip To Aunt Sarah's&dl_date=1951.04.08&dl_size=6.55 MB
The Whistler,https://radioechoes.com/?page=series&genre=OTR-Mystery&series=The%20Whistler,Triple Cross,1951.04.15,https://radioechoes.com/?page=play_download&mode=play&dl_mp3folder=T&dl_file=the_whistler_1951-04-15_triple_cross.mp3&dl_series=The Whistler&dl_title=Triple Cross&dl_date=1951.04.15&dl_size=6.74 MB
The Whistler,https://radioechoes.com/?page=series&genre=OTR-Mystery&series=The%20Whistler,Kind Thought,1951.04.22,https://radioechoes.com/?page=play_download&mode=play&dl_mp3folder=T&dl_file=the_whistler_1951-04-22_kind_thought.mp3&dl_series=The Whistler&dl_title=Kind Thought&dl_date=1951.04.22&dl_size=6.78 MB
The Whistler,https://radioechoes.com/?page=series&genre=OTR-Mystery&series=The%20Whistler,Clayton Affair,1951.04.29,https://radioechoes.com/?page=play_download&mode=play&dl_mp3folder=T&dl_file=the_whistler_1951-04-29_clayton_affair.mp3&dl_series=The Whistler&dl_title=Clayton Affair&dl_date=1951.04.29&dl_size=13.27 MB
The Whistler,https://radioechoes.com/?page=series&genre=OTR-Mystery&series=The%20Whistler,Two And One Makes Murder,1951.05.06,https://radioechoes.com/?page=play_download&mode=play&dl_mp3folder=T&dl_file=the_whistler_1951-05-06_two_and_one_makes_murder.mp3&dl_series=The Whistler&dl_title=Two And One Makes Murder&dl_date=1951.05.06&dl_size=6.68 MB
The Whistler,https://radioechoes.com/?page=series&genre=OTR-Mystery&series=The%20Whistler,A Matter Of Courtesy,1951.05.13,https://radioechoes.com/?page=play_download&mode=play&dl_mp3folder=T&dl_file=the_whistler_1951-05-13_a_matter_of_courtesy.mp3&dl_series=The Whistler&dl_title=A Matter Of Courtesy&dl_date=1951.05.13&dl_size=6.7 MB
The Whistler,https://radioechoes.com/?page=series&genre=OTR-Mystery&series=The%20Whistler,Custom Made Murder,1951.05.20,https://radioechoes.com/?page=play_download&mode=play&dl_mp3folder=T&dl_file=the_whistler_1951-05-20_custom_made_murder.mp3&dl_series=The Whistler&dl_title=Custom Made Murder&dl_date=1951.05.20&dl_size=6.62 MB
The Whistler,https://radioechoes.com/?page=series&genre=OTR-Mystery&series=The%20Whistler,Seattle Take Three,1951.05.27,https://radioechoes.com/?page=play_download&mode=play&dl_mp3folder=T&dl_file=the_whistler_1951-05-27_seattle_take_three.mp3&dl_series=The Whistler&dl_title=Seattle Take Three&dl_date=1951.05.27&dl_size=5.92 MB
The Whistler,https://radioechoes.com/?page=series&genre=OTR-Mystery&series=The%20Whistler,Tall Thin Man,1951.06.03,https://radioechoes.com/?page=play_download&mode=play&dl_mp3folder=T&dl_file=the_whistler_1951-06-03_tall_thin_man.mp3&dl_series=The Whistler&dl_title=Tall Thin Man&dl_date=1951.06.03&dl_size=6.73 MB
The Whistler,https://radioechoes.com/?page=series&genre=OTR-Mystery&series=The%20Whistler,Law Of Physics,1951.06.10,https://radioechoes.com/?page=play_download&mode=play&dl_mp3folder=T&dl_file=the_whistler_1951-06-10_law_of_physics.mp3&dl_series=The Whistler&dl_title=Law Of Physics&dl_date=1951.06.10&dl_size=6.45 MB
The Whistler,https://radioechoes.com/?page=series&genre=OTR-Mystery&series=The%20Whistler,Man In The Trench Coat,1951.06.17,https://radioechoes.com/?page=play_download&mode=play&dl_mp3folder=T&dl_file=the_whistler_1951-06-17_man_in_the_trench_coat.mp3&dl_series=The Whistler&dl_title=Man In The Trench Coat&dl_date=1951.06.17&dl_size=6.26 MB
The Whistler,https://radioechoes.com/?page=series&genre=OTR-Mystery&series=The%20Whistler,Murder Of Byron Blake,1951.06.24,https://radioechoes.com/?page=play_download&mode=play&dl_mp3folder=T&dl_file=the_whistler_1951-06-24_murder_of_byron_blake.mp3&dl_series=The Whistler&dl_title=Murder Of Byron Blake&dl_date=1951.06.24&dl_size=6.8 MB
The Whistler,https://radioechoes.com/?page=series&genre=OTR-Mystery&series=The%20Whistler,House On Hainsley Blvd,1951.07.01,https://radioechoes.com/?page=play_download&mode=play&dl_mp3folder=T&dl_file=the_whistler_1951-07-01_house_on_hainsley_blvd.mp3&dl_series=The Whistler&dl_title=House On Hainsley Blvd&dl_date=1951.07.01&dl_size=7.22 MB
The Whistler,https://radioechoes.com/?page=series&genre=OTR-Mystery&series=The%20Whistler,The Witness,1951.07.08,https://radioechoes.com/?page=play_download&mode=play&dl_mp3folder=T&dl_file=the_whistler_1951-07-08_the_witness.mp3&dl_series=The Whistler&dl_title=The Witness&dl_date=1951.07.08&dl_size=7.41 MB
The Whistler,https://radioechoes.com/?page=series&genre=OTR-Mystery&series=The%20Whistler,Autumn Song,1951.07.22,https://radioechoes.com/?page=play_download&mode=play&dl_mp3folder=T&dl_file=the_whistler_1951-07-22_autumn_song.mp3&dl_series=The Whistler&dl_title=Autumn Song&dl_date=1951.07.22&dl_size=6.92 MB
The Whistler,https://radioechoes.com/?page=series&genre=OTR-Mystery&series=The%20Whistler,Danger Is A Beautiful Blonde,1951.07.29,https://radioechoes.com/?page=play_download&mode=play&dl_mp3folder=T&dl_file=the_whistler_1951-07-29_danger_is_a_beautiful_blonde.mp3&dl_series=The Whistler&dl_title=Danger Is A Beautiful Blonde&dl_date=1951.07.29&dl_size=4.87 MB
The Whistler,https://radioechoes.com/?page=series&genre=OTR-Mystery&series=The%20Whistler,Design For Murder,1951.08.05,https://radioechoes.com/?page=play_download&mode=play&dl_mp3folder=T&dl_file=the_whistler_1951-08-05_design_for_murder.mp3&dl_series=The Whistler&dl_title=Design For Murder&dl_date=1951.08.05&dl_size=5.75 MB
The Whistler,https://radioechoes.com/?page=series&genre=OTR-Mystery&series=The%20Whistler,Fateful Reminder,1951.08.12,https://radioechoes.com/?page=play_download&mode=play&dl_mp3folder=T&dl_file=the_whistler_1951-08-12_fateful_reminder.mp3&dl_series=The Whistler&dl_title=Fateful Reminder&dl_date=1951.08.12&dl_size=6.84 MB
The Whistler,https://radioechoes.com/?page=series&genre=OTR-Mystery&series=The%20Whistler,She Never Would Be Missed,1951.08.26,https://radioechoes.com/?page=play_download&mode=play&dl_mp3folder=T&dl_file=the_whistler_1951-08-26_she_never_would_be_missed.mp3&dl_series=The Whistler&dl_title=She Never Would Be Missed&dl_date=1951.08.26&dl_size=6.8 MB
The Whistler,https://radioechoes.com/?page=series&genre=OTR-Mystery&series=The%20Whistler,Public Hero,1951.09.02,https://radioechoes.com/?page=play_download&mode=play&dl_mp3folder=T&dl_file=the_whistler_1951-09-02_public_hero.mp3&dl_series=The Whistler&dl_title=Public Hero&dl_date=1951.09.02&dl_size=6.8 MB
The Whistler,https://radioechoes.com/?page=series&genre=OTR-Mystery&series=The%20Whistler,Guilty Conscience,1951.09.09,https://radioechoes.com/?page=play_download&mode=play&dl_mp3folder=T&dl_file=the_whistler_1951-09-09_guilty_conscience.mp3&dl_series=The Whistler&dl_title=Guilty Conscience&dl_date=1951.09.09&dl_size=6.91 MB
The Whistler,https://radioechoes.com/?page=series&genre=OTR-Mystery&series=The%20Whistler,A Matter Of Patience,1951.09.16,https://radioechoes.com/?page=play_download&mode=play&dl_mp3folder=T&dl_file=the_whistler_1951-09-16_a_matter_of_patience.mp3&dl_series=The Whistler&dl_title=A Matter Of Patience&dl_date=1951.09.16&dl_size=6.83 MB
The Whistler,https://radioechoes.com/?page=series&genre=OTR-Mystery&series=The%20Whistler,Two Smart People,1951.09.30,https://radioechoes.com/?page=play_download&mode=play&dl_mp3folder=T&dl_file=the_whistler_1951-09-30_two_smart_people.mp3&dl_series=The Whistler&dl_title=Two Smart People&dl_date=1951.09.30&dl_size=6.86 MB
The Whistler,https://radioechoes.com/?page=series&genre=OTR-Mystery&series=The%20Whistler,Partners In Crime,1951.10.14,https://radioechoes.com/?page=play_download&mode=play&dl_mp3folder=T&dl_file=the_whistler_1951-10-14_partners_in_crime.mp3&dl_series=The Whistler&dl_title=Partners In Crime&dl_date=1951.10.14&dl_size=6.72 MB
The Whistler,https://radioechoes.com/?page=series&genre=OTR-Mystery&series=The%20Whistler,Alias Mister Alden,1951.10.21,https://radioechoes.com/?page=play_download&mode=play&dl_mp3folder=T&dl_file=the_whistler_1951-10-21_alias_mister_alden.mp3&dl_series=The Whistler&dl_title=Alias Mister Alden&dl_date=1951.10.21&dl_size=6.38 MB
The Whistler,https://radioechoes.com/?page=series&genre=OTR-Mystery&series=The%20Whistler,Doctor's Wife,1951.10.28,https://radioechoes.com/?page=play_download&mode=play&dl_mp3folder=T&dl_file=the_whistler_1951-10-28_doctors_wife.mp3&dl_series=The Whistler&dl_title=Doctor's Wife&dl_date=1951.10.28&dl_size=6.69 MB
The Whistler,https://radioechoes.com/?page=series&genre=OTR-Mystery&series=The%20Whistler,Man On The Run,1951.11.04,https://radioechoes.com/?page=play_download&mode=play&dl_mp3folder=T&dl_file=the_whistler_1951-11-04_man_on_the_run.mp3&dl_series=The Whistler&dl_title=Man On The Run&dl_date=1951.11.04&dl_size=6.65 MB
The Whistler,https://radioechoes.com/?page=series&genre=OTR-Mystery&series=The%20Whistler,Three Minus One Equals Murder,1951.11.11,https://radioechoes.com/?page=play_download&mode=play&dl_mp3folder=T&dl_file=the_whistler_1951-11-11_three_minus_one_equals_murder.mp3&dl_series=The Whistler&dl_title=Three Minus One Equals Murder&dl_date=1951.11.11&dl_size=6.59 MB
The Whistler,https://radioechoes.com/?page=series&genre=OTR-Mystery&series=The%20Whistler,The Clay Tree,1951.11.25,https://radioechoes.com/?page=play_download&mode=play&dl_mp3folder=T&dl_file=the_whistler_1951-11-25_the_clay_tree.mp3&dl_series=The Whistler&dl_title=The Clay Tree&dl_date=1951.11.25&dl_size=6.66 MB
The Whistler,https://radioechoes.com/?page=series&genre=OTR-Mystery&series=The%20Whistler,End Of The Road,1951.12.02,https://radioechoes.com/?page=play_download&mode=play&dl_mp3folder=T&dl_file=the_whistler_1951-12-02_end_of_the_road.mp3&dl_series=The Whistler&dl_title=End Of The Road&dl_date=1951.12.02&dl_size=6.69 MB
The Whistler,https://radioechoes.com/?page=series&genre=OTR-Mystery&series=The%20Whistler,The Other Hand,1951.12.09,https://radioechoes.com/?page=play_download&mode=play&dl_mp3folder=T&dl_file=the_whistler_1951-12-09_the_other_hand.mp3&dl_series=The Whistler&dl_title=The Other Hand&dl_date=1951.12.09&dl_size=6.84 MB
The Whistler,https://radioechoes.com/?page=series&genre=OTR-Mystery&series=The%20Whistler,Curiosity Killed The Cat,1951.12.16,https://radioechoes.com/?page=play_download&mode=play&dl_mp3folder=T&dl_file=the_whistler_1951-12-16_curiosity_killed_the_cat.mp3&dl_series=The Whistler&dl_title=Curiosity Killed The Cat&dl_date=1951.12.16&dl_size=5.89 MB
The Whistler,https://radioechoes.com/?page=series&genre=OTR-Mystery&series=The%20Whistler,Christmas Gift,1951.12.23,https://radioechoes.com/?page=play_download&mode=play&dl_mp3folder=T&dl_file=the_whistler_1951-12-23_christmas_gift.mp3&dl_series=The Whistler&dl_title=Christmas Gift&dl_date=1951.12.23&dl_size=5.39 MB
The Whistler,https://radioechoes.com/?page=series&genre=OTR-Mystery&series=The%20Whistler,Fatal Step,1951.12.30,https://radioechoes.com/?page=play_download&mode=play&dl_mp3folder=T&dl_file=the_whistler_1951-12-30_fatal_step.mp3&dl_series=The Whistler&dl_title=Fatal Step&dl_date=1951.12.30&dl_size=6.83 MB
The Whistler,https://radioechoes.com/?page=series&genre=OTR-Mystery&series=The%20Whistler,Episode At Thunder Mountain,1952.01.06,https://radioechoes.com/?page=play_download&mode=play&dl_mp3folder=T&dl_file=the_whistler_1952-01-06_episode_at_thunder_mountain.mp3&dl_series=The Whistler&dl_title=Episode At Thunder Mountain&dl_date=1952.01.06&dl_size=6.11 MB
The Whistler,https://radioechoes.com/?page=series&genre=OTR-Mystery&series=The%20Whistler,Bad Penny,1952.01.20,https://radioechoes.com/?page=play_download&mode=play&dl_mp3folder=T&dl_file=the_whistler_1952-01-20_bad_penny.mp3&dl_series=The Whistler&dl_title=Bad Penny&dl_date=1952.01.20&dl_size=6.82 MB
The Whistler,https://radioechoes.com/?page=series&genre=OTR-Mystery&series=The%20Whistler,Borrowed Byline,1952.01.27,https://radioechoes.com/?page=play_download&mode=play&dl_mp3folder=T&dl_file=the_whistler_1952-01-27_borrowed_byline.mp3&dl_series=The Whistler&dl_title=Borrowed Byline&dl_date=1952.01.27&dl_size=6.93 MB
The Whistler,https://radioechoes.com/?page=series&genre=OTR-Mystery&series=The%20Whistler,Shakedown,1952.02.03,https://radioechoes.com/?page=play_download&mode=play&dl_mp3folder=T&dl_file=the_whistler_1952-02-03_shakedown.mp3&dl_series=The Whistler&dl_title=Shakedown&dl_date=1952.02.03&dl_size=6.83 MB
The Whistler,https://radioechoes.com/?page=series&genre=OTR-Mystery&series=The%20Whistler,Little Red Book,1952.02.10,https://radioechoes.com/?page=play_download&mode=play&dl_mp3folder=T&dl_file=the_whistler_1952-02-10_little_red_book.mp3&dl_series=The Whistler&dl_title=Little Red Book&dl_date=1952.02.10&dl_size=5.33 MB
The Whistler,https://radioechoes.com/?page=series&genre=OTR-Mystery&series=The%20Whistler,Rose For Pamela,1952.02.17,https://radioechoes.com/?page=play_download&mode=play&dl_mp3folder=T&dl_file=the_whistler_1952-02-17_rose_for_pamela.mp3&dl_series=The Whistler&dl_title=Rose For Pamela&dl_date=1952.02.17&dl_size=6.84 MB
The Whistler,https://radioechoes.com/?page=series&genre=OTR-Mystery&series=The%20Whistler,A Matter Of Time,1952.02.24,https://radioechoes.com/?page=play_download&mode=play&dl_mp3folder=T&dl_file=the_whistler_1952-02-24_a_matter_of_time.mp3&dl_series=The Whistler&dl_title=A Matter Of Time&dl_date=1952.02.24&dl_size=6.82 MB
The Whistler,https://radioechoes.com/?page=series&genre=OTR-Mystery&series=The%20Whistler,Whirlpool,1952.03.02,https://radioechoes.com/?page=play_download&mode=play&dl_mp3folder=T&dl_file=the_whistler_1952-03-02_whirlpool.mp3&dl_series=The Whistler&dl_title=Whirlpool&dl_date=1952.03.02&dl_size=6.81 MB
The Whistler,https://radioechoes.com/?page=series&genre=OTR-Mystery&series=The%20Whistler,Breakaway,1952.03.09,https://radioechoes.com/?page=play_download&mode=play&dl_mp3folder=T&dl_file=the_whistler_1952-03-09_breakaway.mp3&dl_series=The Whistler&dl_title=Breakaway&dl_date=1952.03.09&dl_size=6.76 MB
The Whistler,https://radioechoes.com/?page=series&genre=OTR-Mystery&series=The%20Whistler,Marked Man,1952.03.16,https://radioechoes.com/?page=play_download&mode=play&dl_mp3folder=T&dl_file=the_whistler_1952-03-16_marked_man.mp3&dl_series=The Whistler&dl_title=Marked Man&dl_date=1952.03.16&dl_size=6.83 MB
The Whistler,https://radioechoes.com/?page=series&genre=OTR-Mystery&series=The%20Whistler,Ski Master,1952.03.23,https://radioechoes.com/?page=play_download&mode=play&dl_mp3folder=T&dl_file=the_whistler_1952-03-23_ski_master.mp3&dl_series=The Whistler&dl_title=Ski Master&dl_date=1952.03.23&dl_size=5.62 MB
The Whistler,https://radioechoes.com/?page=series&genre=OTR-Mystery&series=The%20Whistler,Homecoming,1952.03.30,https://radioechoes.com/?page=play_download&mode=play&dl_mp3folder=T&dl_file=the_whistler_1952-03-30_homecoming.mp3&dl_series=The Whistler&dl_title=Homecoming&dl_date=1952.03.30&dl_size=6.76 MB
The Whistler,https://radioechoes.com/?page=series&genre=OTR-Mystery&series=The%20Whistler,Element X,1952.04.06,https://radioechoes.com/?page=play_download&mode=play&dl_mp3folder=T&dl_file=the_whistler_1952-04-06_element_x.mp3&dl_series=The Whistler&dl_title=Element X&dl_date=1952.04.06&dl_size=6.74 MB
The Whistler,https://radioechoes.com/?page=series&genre=OTR-Mystery&series=The%20Whistler,Saturday Night,1952.04.27,https://radioechoes.com/?page=play_download&mode=play&dl_mp3folder=T&dl_file=the_whistler_1952-04-27_saturday_night.mp3&dl_series=The Whistler&dl_title=Saturday Night&dl_date=1952.04.27&dl_size=7.01 MB
The Whistler,https://radioechoes.com/?page=series&genre=OTR-Mystery&series=The%20Whistler,Lady In Waiting,1952.05.04,https://radioechoes.com/?page=play_download&mode=play&dl_mp3folder=T&dl_file=the_whistler_1952-05-04_lady_in_waiting.mp3&dl_series=The Whistler&dl_title=Lady In Waiting&dl_date=1952.05.04&dl_size=6.83 MB
The Whistler,https://radioechoes.com/?page=series&genre=OTR-Mystery&series=The%20Whistler,A Matter Of Odds,1952.05.11,https://radioechoes.com/?page=play_download&mode=play&dl_mp3folder=T&dl_file=the_whistler_1952-05-11_a_matter_of_odds.mp3&dl_series=The Whistler&dl_title=A Matter Of Odds&dl_date=1952.05.11&dl_size=6.75 MB
The Whistler,https://radioechoes.com/?page=series&genre=OTR-Mystery&series=The%20Whistler,Determined Traveler,1952.05.18,https://radioechoes.com/?page=play_download&mode=play&dl_mp3folder=T&dl_file=the_whistler_1952-05-18_determined_traveler.mp3&dl_series=The Whistler&dl_title=Determined Traveler&dl_date=1952.05.18&dl_size=6.6 MB
The Whistler,https://radioechoes.com/?page=series&genre=OTR-Mystery&series=The%20Whistler,Charming Hostess,1952.05.25,https://radioechoes.com/?page=play_download&mode=play&dl_mp3folder=T&dl_file=the_whistler_1952-05-25_charming_hostess.mp3&dl_series=The Whistler&dl_title=Charming Hostess&dl_date=1952.05.25&dl_size=6.13 MB
The Whistler,https://radioechoes.com/?page=series&genre=OTR-Mystery&series=The%20Whistler,A Case For Mister Carrington,1952.06.01,https://radioechoes.com/?page=play_download&mode=play&dl_mp3folder=T&dl_file=the_whistler_1952-06-01_a_case_for_mister_carrington.mp3&dl_series=The Whistler&dl_title=A Case For Mister Carrington&dl_date=1952.06.01&dl_size=4.67 MB
The Whistler,https://radioechoes.com/?page=series&genre=OTR-Mystery&series=The%20Whistler,Man In The Way,1952.06.08,https://radioechoes.com/?page=play_download&mode=play&dl_mp3folder=T&dl_file=the_whistler_1952-06-08_man_in_the_way.mp3&dl_series=The Whistler&dl_title=Man In The Way&dl_date=1952.06.08&dl_size=6.69 MB
The Whistler,https://radioechoes.com/?page=series&genre=OTR-Mystery&series=The%20Whistler,Last Message,1952.06.15,https://radioechoes.com/?page=play_download&mode=play&dl_mp3folder=T&dl_file=the_whistler_1952-06-15_last_message.mp3&dl_series=The Whistler&dl_title=Last Message&dl_date=1952.06.15&dl_size=6.11 MB
The Whistler,https://radioechoes.com/?page=series&genre=OTR-Mystery&series=The%20Whistler,Night Flight,1952.06.29,https://radioechoes.com/?page=play_download&mode=play&dl_mp3folder=T&dl_file=the_whistler_1952-06-29_night_flight.mp3&dl_series=The Whistler&dl_title=Night Flight&dl_date=1952.06.29&dl_size=6.09 MB
The Whistler,https://radioechoes.com/?page=series&genre=OTR-Mystery&series=The%20Whistler,Triple Play,1952.07.06,https://radioechoes.com/?page=play_download&mode=play&dl_mp3folder=T&dl_file=the_whistler_1952-07-06_triple_play.mp3&dl_series=The Whistler&dl_title=Triple Play&dl_date=1952.07.06&dl_size=6.22 MB
The Whistler,https://radioechoes.com/?page=series&genre=OTR-Mystery&series=The%20Whistler,You Can't Trust A Stranger,1952.07.27,https://radioechoes.com/?page=play_download&mode=play&dl_mp3folder=T&dl_file=the_whistler_1952-07-27_you_cant_trust_a_stranger.mp3&dl_series=The Whistler&dl_title=You Can't Trust A Stranger&dl_date=1952.07.27&dl_size=6.89 MB
The Whistler,https://radioechoes.com/?page=series&genre=OTR-Mystery&series=The%20Whistler,Dark Island,1952.08.03,https://radioechoes.com/?page=play_download&mode=play&dl_mp3folder=T&dl_file=the_whistler_1952-08-03_dark_island.mp3&dl_series=The Whistler&dl_title=Dark Island&dl_date=1952.08.03&dl_size=5.62 MB
The Whistler,https://radioechoes.com/?page=series&genre=OTR-Mystery&series=The%20Whistler,The Havana Lee,1952.08.10,https://radioechoes.com/?page=play_download&mode=play&dl_mp3folder=T&dl_file=the_whistler_1952-08-10_the_havana_lee.mp3&dl_series=The Whistler&dl_title=The Havana Lee&dl_date=1952.08.10&dl_size=5.01 MB
The Whistler,https://radioechoes.com/?page=series&genre=OTR-Mystery&series=The%20Whistler,Final Papers,1952.08.24,https://radioechoes.com/?page=play_download&mode=play&dl_mp3folder=T&dl_file=the_whistler_1952-08-24_final_papers.mp3&dl_series=The Whistler&dl_title=Final Papers&dl_date=1952.08.24&dl_size=5.55 MB
The Whistler,https://radioechoes.com/?page=series&genre=OTR-Mystery&series=The%20Whistler,Secret Of The Chalk Point,1952.09.07,https://radioechoes.com/?page=play_download&mode=play&dl_mp3folder=T&dl_file=the_whistler_1952-09-07_secret_of_the_chalk_point.mp3&dl_series=The Whistler&dl_title=Secret Of The Chalk Point&dl_date=1952.09.07&dl_size=5.58 MB
The Whistler,https://radioechoes.com/?page=series&genre=OTR-Mystery&series=The%20Whistler,The Catalyst,1952.10.05,https://radioechoes.com/?page=play_download&mode=play&dl_mp3folder=T&dl_file=the_whistler_1952-10-05_the_catalyst.mp3&dl_series=The Whistler&dl_title=The Catalyst&dl_date=1952.10.05&dl_size=6.87 MB
The Whistler,https://radioechoes.com/?page=series&genre=OTR-Mystery&series=The%20Whistler,One Dark Night,1952.10.12,https://radioechoes.com/?page=play_download&mode=play&dl_mp3folder=T&dl_file=the_whistler_1952-10-12_one_dark_night.mp3&dl_series=The Whistler&dl_title=One Dark Night&dl_date=1952.10.12&dl_size=6.7 MB
The Whistler,https://radioechoes.com/?page=series&genre=OTR-Mystery&series=The%20Whistler,The Prosecutor,1952.10.19,https://radioechoes.com/?page=play_download&mode=play&dl_mp3folder=T&dl_file=the_whistler_1952-10-19_the_prosecutor.mp3&dl_series=The Whistler&dl_title=The Prosecutor&dl_date=1952.10.19&dl_size=6.3 MB
The Whistler,https://radioechoes.com/?page=series&genre=OTR-Mystery&series=The%20Whistler,Mirage,1952.11.16,https://radioechoes.com/?page=play_download&mode=play&dl_mp3folder=T&dl_file=the_whistler_1952-11-16_mirage.mp3&dl_series=The Whistler&dl_title=Mirage&dl_date=1952.11.16&dl_size=6.74 MB
The Whistler,https://radioechoes.com/?page=series&genre=OTR-Mystery&series=The%20Whistler,The Calculator,1952.11.23,https://radioechoes.com/?page=play_download&mode=play&dl_mp3folder=T&dl_file=the_whistler_1952-11-23_the_calculator.mp3&dl_series=The Whistler&dl_title=The Calculator&dl_date=1952.11.23&dl_size=5.61 MB
The Whistler,https://radioechoes.com/?page=series&genre=OTR-Mystery&series=The%20Whistler,So Soon,1952.11.30,https://radioechoes.com/?page=play_download&mode=play&dl_mp3folder=T&dl_file=the_whistler_1952-11-30_so_soon.mp3&dl_series=The Whistler&dl_title=So Soon&dl_date=1952.11.30&dl_size=5.56 MB
The Whistler,https://radioechoes.com/?page=series&genre=OTR-Mystery&series=The%20Whistler,Christmas Bonus,1952.12.21,https://radioechoes.com/?page=play_download&mode=play&dl_mp3folder=T&dl_file=the_whistler_1952-12-21_christmas_bonus.mp3&dl_series=The Whistler&dl_title=Christmas Bonus&dl_date=1952.12.21&dl_size=6.86 MB
The Whistler,https://radioechoes.com/?page=series&genre=OTR-Mystery&series=The%20Whistler,The Dark Room,1952.12.28,https://radioechoes.com/?page=play_download&mode=play&dl_mp3folder=T&dl_file=the_whistler_1952-12-28_the_dark_room.mp3&dl_series=The Whistler&dl_title=The Dark Room&dl_date=1952.12.28&dl_size=6.67 MB
The Whistler,https://radioechoes.com/?page=series&genre=OTR-Mystery&series=The%20Whistler,Search For An Unknown,1953.01.25,https://radioechoes.com/?page=play_download&mode=play&dl_mp3folder=T&dl_file=the_whistler_1953-01-25_search_for_an_unknown.mp3&dl_series=The Whistler&dl_title=Search For An Unknown&dl_date=1953.01.25&dl_size=6.8 MB
The Whistler,https://radioechoes.com/?page=series&genre=OTR-Mystery&series=The%20Whistler,Attorney For The Defense,1953.03.15,https://radioechoes.com/?page=play_download&mode=play&dl_mp3folder=T&dl_file=the_whistler_1953-03-15_attorney_for_the_defense.mp3&dl_series=The Whistler&dl_title=Attorney For The Defense&dl_date=1953.03.15&dl_size=5.67 MB
The Whistler,https://radioechoes.com/?page=series&genre=OTR-Mystery&series=The%20Whistler,Disappearing Woman,1953.05.03,https://radioechoes.com/?page=play_download&mode=play&dl_mp3folder=T&dl_file=the_whistler_1953-05-03_disappearing_woman.mp3&dl_series=The Whistler&dl_title=Disappearing Woman&dl_date=1953.05.03&dl_size=5.55 MB
The Whistler,https://radioechoes.com/?page=series&genre=OTR-Mystery&series=The%20Whistler,Blue Alibi,1953.06.07,https://radioechoes.com/?page=play_download&mode=play&dl_mp3folder=T&dl_file=the_whistler_1953-06-07_blue_alibi.mp3&dl_series=The Whistler&dl_title=Blue Alibi&dl_date=1953.06.07&dl_size=6.48 MB
The Whistler,https://radioechoes.com/?page=series&genre=OTR-Mystery&series=The%20Whistler,Glass Dime,1953.07.05,https://radioechoes.com/?page=play_download&mode=play&dl_mp3folder=T&dl_file=the_whistler_1953-07-05_glass_dime.mp3&dl_series=The Whistler&dl_title=Glass Dime&dl_date=1953.07.05&dl_size=6.05 MB
The Whistler,https://radioechoes.com/?page=series&genre=OTR-Mystery&series=The%20Whistler,Silver Service,1953.07.19,https://radioechoes.com/?page=play_download&mode=play&dl_mp3folder=T&dl_file=the_whistler_1953-07-19_silver_service.mp3&dl_series=The Whistler&dl_title=Silver Service&dl_date=1953.07.19&dl_size=5.64 MB
The Whistler,https://radioechoes.com/?page=series&genre=OTR-Mystery&series=The%20Whistler,The Curtain - Afrs,1953.08.16,https://radioechoes.com/?page=play_download&mode=play&dl_mp3folder=T&dl_file=the_whistler_1953-08-16_the_curtain_-_afrs.mp3&dl_series=The Whistler&dl_title=The Curtain - Afrs&dl_date=1953.08.16&dl_size=5.94 MB
The Whistler,https://radioechoes.com/?page=series&genre=OTR-Mystery&series=The%20Whistler,Death Claim,1953.10.04,https://radioechoes.com/?page=play_download&mode=play&dl_mp3folder=T&dl_file=the_whistler_1953-10-04_death_claim.mp3&dl_series=The Whistler&dl_title=Death Claim&dl_date=1953.10.04&dl_size=5.29 MB
The Whistler,https://radioechoes.com/?page=series&genre=OTR-Mystery&series=The%20Whistler,Ticket To Nowhere,1953.10.11,https://radioechoes.com/?page=play_download&mode=play&dl_mp3folder=T&dl_file=the_whistler_1953-10-11_ticket_to_nowhere.mp3&dl_series=The Whistler&dl_title=Ticket To Nowhere&dl_date=1953.10.11&dl_size=5.61 MB
The Whistler,https://radioechoes.com/?page=series&genre=OTR-Mystery&series=The%20Whistler,Girl In Black,1953.10.18,https://radioechoes.com/?page=play_download&mode=play&dl_mp3folder=T&dl_file=the_whistler_1953-10-18_girl_in_black.mp3&dl_series=The Whistler&dl_title=Girl In Black&dl_date=1953.10.18&dl_size=5.5 MB
The Whistler,https://radioechoes.com/?page=series&genre=OTR-Mystery&series=The%20Whistler,Impulse,1953.11.08,https://radioechoes.com/?page=play_download&mode=play&dl_mp3folder=T&dl_file=the_whistler_1953-11-08_impulse.mp3&dl_series=The Whistler&dl_title=Impulse&dl_date=1953.11.08&dl_size=5.42 MB
The Whistler,https://radioechoes.com/?page=series&genre=OTR-Mystery&series=The%20Whistler,Fading Star,1953.11.15,https://radioechoes.com/?page=play_download&mode=play&dl_mp3folder=T&dl_file=the_whistler_1953-11-15_fading_star.mp3&dl_series=The Whistler&dl_title=Fading Star&dl_date=1953.11.15&dl_size=4.79 MB
The Whistler,https://radioechoes.com/?page=series&genre=OTR-Mystery&series=The%20Whistler,Perilous Meeting,1953.11.22,https://radioechoes.com/?page=play_download&mode=play&dl_mp3folder=T&dl_file=the_whistler_1953-11-22_perilous_meeting.mp3&dl_series=The Whistler&dl_title=Perilous Meeting&dl_date=1953.11.22&dl_size=5.52 MB
The Whistler,https://radioechoes.com/?page=series&genre=OTR-Mystery&series=The%20Whistler,Lady On A Yacht,1953.11.29,https://radioechoes.com/?page=play_download&mode=play&dl_mp3folder=T&dl_file=the_whistler_1953-11-29_lady_on_a_yacht.mp3&dl_series=The Whistler&dl_title=Lady On A Yacht&dl_date=1953.11.29&dl_size=5.58 MB
The Whistler,https://radioechoes.com/?page=series&genre=OTR-Mystery&series=The%20Whistler,Generous Host,1953.12.06,https://radioechoes.com/?page=play_download&mode=play&dl_mp3folder=T&dl_file=the_whistler_1953-12-06_generous_host.mp3&dl_series=The Whistler&dl_title=Generous Host&dl_date=1953.12.06&dl_size=5.44 MB
The Whistler,https://radioechoes.com/?page=series&genre=OTR-Mystery&series=The%20Whistler,The Huntress,1953.12.20,https://radioechoes.com/?page=play_download&mode=play&dl_mp3folder=T&dl_file=the_whistler_1953-12-20_the_huntress.mp3&dl_series=The Whistler&dl_title=The Huntress&dl_date=1953.12.20&dl_size=5.49 MB
The Whistler,https://radioechoes.com/?page=series&genre=OTR-Mystery&series=The%20Whistler,Lonely Highway,1953.12.27,https://radioechoes.com/?page=play_download&mode=play&dl_mp3folder=T&dl_file=the_whistler_1953-12-27_lonely_highway.mp3&dl_series=The Whistler&dl_title=Lonely Highway&dl_date=1953.12.27&dl_size=5.02 MB
The Whistler,https://radioechoes.com/?page=series&genre=OTR-Mystery&series=The%20Whistler,Fatal Fraud,1954.01.10,https://radioechoes.com/?page=play_download&mode=play&dl_mp3folder=T&dl_file=the_whistler_1954-01-10_fatal_fraud.mp3&dl_series=The Whistler&dl_title=Fatal Fraud&dl_date=1954.01.10&dl_size=5.14 MB
The Whistler,https://radioechoes.com/?page=series&genre=OTR-Mystery&series=The%20Whistler,Garvey's Folly,1954.01.24,https://radioechoes.com/?page=play_download&mode=play&dl_mp3folder=T&dl_file=the_whistler_1954-01-24_garveys_folly.mp3&dl_series=The Whistler&dl_title=Garvey's Folly&dl_date=1954.01.24&dl_size=5.02 MB
The Whistler,https://radioechoes.com/?page=series&genre=OTR-Mystery&series=The%20Whistler,Dance Team,1954.01.31,https://radioechoes.com/?page=play_download&mode=play&dl_mp3folder=T&dl_file=the_whistler_1954-01-31_dance_team.mp3&dl_series=The Whistler&dl_title=Dance Team&dl_date=1954.01.31&dl_size=5.49 MB
The Whistler,https://radioechoes.com/?page=series&genre=OTR-Mystery&series=The%20Whistler,Man From Calais,1954.02.07,https://radioechoes.com/?page=play_download&mode=play&dl_mp3folder=T&dl_file=the_whistler_1954-02-07_man_from_calais.mp3&dl_series=The Whistler&dl_title=Man From Calais&dl_date=1954.02.07&dl_size=5.46 MB
The Whistler,https://radioechoes.com/?page=series&genre=OTR-Mystery&series=The%20Whistler,Feature Story,1954.02.28,https://radioechoes.com/?page=play_download&mode=play&dl_mp3folder=T&dl_file=the_whistler_1954-02-28_feature_story.mp3&dl_series=The Whistler&dl_title=Feature Story&dl_date=1954.02.28&dl_size=5.8 MB
The Whistler,https://radioechoes.com/?page=series&genre=OTR-Mystery&series=The%20Whistler,Hudson Bay Incident,1954.03.07,https://radioechoes.com/?page=play_download&mode=play&dl_mp3folder=T&dl_file=the_whistler_1954-03-07_hudson_bay_incident.mp3&dl_series=The Whistler&dl_title=Hudson Bay Incident&dl_date=1954.03.07&dl_size=5.04 MB
The Whistler,https://radioechoes.com/?page=series&genre=OTR-Mystery&series=The%20Whistler,Escape To Doom,1954.03.14,https://radioechoes.com/?page=play_download&mode=play&dl_mp3folder=T&dl_file=the_whistler_1954-03-14_escape_to_doom.mp3&dl_series=The Whistler&dl_title=Escape To Doom&dl_date=1954.03.14&dl_size=5.73 MB
The Whistler,https://radioechoes.com/?page=series&genre=OTR-Mystery&series=The%20Whistler,Perilous Weekend,1954.03.21,https://radioechoes.com/?page=play_download&mode=play&dl_mp3folder=T&dl_file=the_whistler_1954-03-21_perilous_weekend.mp3&dl_series=The Whistler&dl_title=Perilous Weekend&dl_date=1954.03.21&dl_size=5.19 MB
The Whistler,https://radioechoes.com/?page=series&genre=OTR-Mystery&series=The%20Whistler,Incident At Pebble Cove,1954.03.28,https://radioechoes.com/?page=play_download&mode=play&dl_mp3folder=T&dl_file=the_whistler_1954-03-28_incident_at_pebble_cove.mp3&dl_series=The Whistler&dl_title=Incident At Pebble Cove&dl_date=1954.03.28&dl_size=5.04 MB
The Whistler,https://radioechoes.com/?page=series&genre=OTR-Mystery&series=The%20Whistler,Days Of Fear,1954.04.18,https://radioechoes.com/?page=play_download&mode=play&dl_mp3folder=T&dl_file=the_whistler_1954-04-18_days_of_fear.mp3&dl_series=The Whistler&dl_title=Days Of Fear&dl_date=1954.04.18&dl_size=5.45 MB
The Whistler,https://radioechoes.com/?page=series&genre=OTR-Mystery&series=The%20Whistler,Spell In Green,1954.04.25,https://radioechoes.com/?page=play_download&mode=play&dl_mp3folder=T&dl_file=the_whistler_1954-04-25_spell_in_green.mp3&dl_series=The Whistler&dl_title=Spell In Green&dl_date=1954.04.25&dl_size=5.51 MB
The Whistler,https://radioechoes.com/?page=series&genre=OTR-Mystery&series=The%20Whistler,Gentlemen From Oxford,1954.05.09,https://radioechoes.com/?page=play_download&mode=play&dl_mp3folder=T&dl_file=the_whistler_1954-05-09_gentlemen_from_oxford.mp3&dl_series=The Whistler&dl_title=Gentlemen From Oxford&dl_date=1954.05.09&dl_size=5.19 MB
The Whistler,https://radioechoes.com/?page=series&genre=OTR-Mystery&series=The%20Whistler,She Wanted Too Much,1954.05.16,https://radioechoes.com/?page=play_download&mode=play&dl_mp3folder=T&dl_file=the_whistler_1954-05-16_she_wanted_too_much.mp3&dl_series=The Whistler&dl_title=She Wanted Too Much&dl_date=1954.05.16&dl_size=5.29 MB
The Whistler,https://radioechoes.com/?page=series&genre=OTR-Mystery&series=The%20Whistler,The Doll's Name Was Suzy,1954.05.23,https://radioechoes.com/?page=play_download&mode=play&dl_mp3folder=T&dl_file=the_whistler_1954-05-23_the_dolls_name_was_suzy.mp3&dl_series=The Whistler&dl_title=The Doll's Name Was Suzy&dl_date=1954.05.23&dl_size=5.2 MB
The Whistler,https://radioechoes.com/?page=series&genre=OTR-Mystery&series=The%20Whistler,That Culerville Affair,1954.05.30,https://radioechoes.com/?page=play_download&mode=play&dl_mp3folder=T&dl_file=the_whistler_1954-05-30_that_culerville_affair.mp3&dl_series=The Whistler&dl_title=That Culerville Affair&dl_date=1954.05.30&dl_size=5.49 MB
The Whistler,https://radioechoes.com/?page=series&genre=OTR-Mystery&series=The%20Whistler,Round Trip Tickets,1954.06.06,https://radioechoes.com/?page=play_download&mode=play&dl_mp3folder=T&dl_file=the_whistler_1954-06-06_round_trip_tickets.mp3&dl_series=The Whistler&dl_title=Round Trip Tickets&dl_date=1954.06.06&dl_size=5.13 MB
The Whistler,https://radioechoes.com/?page=series&genre=OTR-Mystery&series=The%20Whistler,Dark Pattern,1954.06.13,https://radioechoes.com/?page=play_download&mode=play&dl_mp3folder=T&dl_file=the_whistler_1954-06-13_dark_pattern.mp3&dl_series=The Whistler&dl_title=Dark Pattern&dl_date=1954.06.13&dl_size=5.09 MB
The Whistler,https://radioechoes.com/?page=series&genre=OTR-Mystery&series=The%20Whistler,Out Of The Past,1954.07.11,https://radioechoes.com/?page=play_download&mode=play&dl_mp3folder=T&dl_file=the_whistler_1954-07-11_out_of_the_past.mp3&dl_series=The Whistler&dl_title=Out Of The Past&dl_date=1954.07.11&dl_size=10.31 MB
The Whistler,https://radioechoes.com/?page=series&genre=OTR-Mystery&series=The%20Whistler,Mister Pettibone's Last Journey,1954.07.18,https://radioechoes.com/?page=play_download&mode=play&dl_mp3folder=T&dl_file=the_whistler_1954-07-18_mister_pettibones_last_journey.mp3&dl_series=The Whistler&dl_title=Mister Pettibone's Last Journey&dl_date=1954.07.18&dl_size=5.63 MB
The Whistler,https://radioechoes.com/?page=series&genre=OTR-Mystery&series=The%20Whistler,Anything For A Friend,1954.07.25,https://radioechoes.com/?page=play_download&mode=play&dl_mp3folder=T&dl_file=the_whistler_1954-07-25_anything_for_a_friend.mp3&dl_series=The Whistler&dl_title=Anything For A Friend&dl_date=1954.07.25&dl_size=6.09 MB
The Whistler,https://radioechoes.com/?page=series&genre=OTR-Mystery&series=The%20Whistler,Borrowed Future,1954.08.01,https://radioechoes.com/?page=play_download&mode=play&dl_mp3folder=T&dl_file=the_whistler_1954-08-01_borrowed_future.mp3&dl_series=The Whistler&dl_title=Borrowed Future&dl_date=1954.08.01&dl_size=5.58 MB
The Whistler,https://radioechoes.com/?page=series&genre=OTR-Mystery&series=The%20Whistler,Travelling Companion,1954.08.22,https://radioechoes.com/?page=play_download&mode=play&dl_mp3folder=T&dl_file=the_whistler_1954-08-22_travelling_companion.mp3&dl_series=The Whistler&dl_title=Travelling Companion&dl_date=1954.08.22&dl_size=6.09 MB
The Whistler,https://radioechoes.com/?page=series&genre=OTR-Mystery&series=The%20Whistler,Quadrangle,1954.08.29,https://radioechoes.com/?page=play_download&mode=play&dl_mp3folder=T&dl_file=the_whistler_1954-08-29_quadrangle.mp3&dl_series=The Whistler&dl_title=Quadrangle&dl_date=1954.08.29&dl_size=5.14 MB
The Whistler,https://radioechoes.com/?page=series&genre=OTR-Mystery&series=The%20Whistler,Landslide,1954.09.12,https://radioechoes.com/?page=play_download&mode=play&dl_mp3folder=T&dl_file=the_whistler_1954-09-12_landslide.mp3&dl_series=The Whistler&dl_title=Landslide&dl_date=1954.09.12&dl_size=10.96 MB
The Whistler,https://radioechoes.com/?page=series&genre=OTR-Mystery&series=The%20Whistler,Song Team,1954.09.19,https://radioechoes.com/?page=play_download&mode=play&dl_mp3folder=T&dl_file=the_whistler_1954-09-19_song_team.mp3&dl_series=The Whistler&dl_title=Song Team&dl_date=1954.09.19&dl_size=5.33 MB
The Whistler,https://radioechoes.com/?page=series&genre=OTR-Mystery&series=The%20Whistler,Stolen Letter,1954.10.03,https://radioechoes.com/?page=play_download&mode=play&dl_mp3folder=T&dl_file=the_whistler_1954-10-03_stolen_letter.mp3&dl_series=The Whistler&dl_title=Stolen Letter&dl_date=1954.10.03&dl_size=5.78 MB
The Whistler,https://radioechoes.com/?page=series&genre=OTR-Mystery&series=The%20Whistler,Stolen Letter,1954.10.10,https://radioechoes.com/?page=play_download&mode=play&dl_mp3folder=T&dl_file=the_whistler_1954-10-10_stolen_letter.mp3&dl_series=The Whistler&dl_title=Stolen Letter&dl_date=1954.10.10&dl_size=11.56 MB
The Whistler,https://radioechoes.com/?page=series&genre=OTR-Mystery&series=The%20Whistler,Last Request,1954.10.17,https://radioechoes.com/?page=play_download&mode=play&dl_mp3folder=T&dl_file=the_whistler_1954-10-17_last_request.mp3&dl_series=The Whistler&dl_title=Last Request&dl_date=1954.10.17&dl_size=6.58 MB
The Whistler,https://radioechoes.com/?page=series&genre=OTR-Mystery&series=The%20Whistler,The Hangtree Affair,1954.10.31,https://radioechoes.com/?page=play_download&mode=play&dl_mp3folder=T&dl_file=the_whistler_1954-10-31_the_hangtree_affair.mp3&dl_series=The Whistler&dl_title=The Hangtree Affair&dl_date=1954.10.31&dl_size=5.42 MB
The Whistler,https://radioechoes.com/?page=series&genre=OTR-Mystery&series=The%20Whistler,Warm Reception,1954.12.05,https://radioechoes.com/?page=play_download&mode=play&dl_mp3folder=T&dl_file=the_whistler_1954-12-05_warm_reception.mp3&dl_series=The Whistler&dl_title=Warm Reception&dl_date=1954.12.05&dl_size=6.56 MB
The Whistler,https://radioechoes.com/?page=series&genre=OTR-Mystery&series=The%20Whistler,The Prosecutor,1954.12.12,https://radioechoes.com/?page=play_download&mode=play&dl_mp3folder=T&dl_file=the_whistler_1954-12-12_the_prosecutor.mp3&dl_series=The Whistler&dl_title=The Prosecutor&dl_date=1954.12.12&dl_size=6.84 MB
The Whistler,https://radioechoes.com/?page=series&genre=OTR-Mystery&series=The%20Whistler,One Dark Night,1955.01.23,https://radioechoes.com/?page=play_download&mode=play&dl_mp3folder=T&dl_file=the_whistler_1955-01-23_one_dark_night.mp3&dl_series=The Whistler&dl_title=One Dark Night&dl_date=1955.01.23&dl_size=6.12 MB
The Whistler,https://radioechoes.com/?page=series&genre=OTR-Mystery&series=The%20Whistler,Whirlpool,1955.02.06,https://radioechoes.com/?page=play_download&mode=play&dl_mp3folder=T&dl_file=the_whistler_1955-02-06_whirlpool.mp3&dl_series=The Whistler&dl_title=Whirlpool&dl_date=1955.02.06&dl_size=5.43 MB
The Whistler,https://radioechoes.com/?page=series&genre=OTR-Mystery&series=The%20Whistler,Element X,1955.02.13,https://radioechoes.com/?page=play_download&mode=play&dl_mp3folder=T&dl_file=the_whistler_1955-02-13_element_x.mp3&dl_series=The Whistler&dl_title=Element X&dl_date=1955.02.13&dl_size=4.85 MB
The Whistler,https://radioechoes.com/?page=series&genre=OTR-Mystery&series=The%20Whistler,Undercurrent,1955.02.20,https://radioechoes.com/?page=play_download&mode=play&dl_mp3folder=T&dl_file=the_whistler_1955-02-20_undercurrent.mp3&dl_series=The Whistler&dl_title=Undercurrent&dl_date=1955.02.20&dl_size=5.45 MB
The Whistler,https://radioechoes.com/?page=series&genre=OTR-Mystery&series=The%20Whistler,Bright Boy,1955.02.24,https://radioechoes.com/?page=play_download&mode=play&dl_mp3folder=T&dl_file=the_whistler_1955-02-24_bright_boy.mp3&dl_series=The Whistler&dl_title=Bright Boy&dl_date=1955.02.24&dl_size=5.6 MB
The Whistler,https://radioechoes.com/?page=series&genre=OTR-Mystery&series=The%20Whistler,The Alibi,1955.03.03,https://radioechoes.com/?page=play_download&mode=play&dl_mp3folder=T&dl_file=the_whistler_1955-03-03_the_alibi.mp3&dl_series=The Whistler&dl_title=The Alibi&dl_date=1955.03.03&dl_size=6.66 MB
The Whistler,https://radioechoes.com/?page=series&genre=OTR-Mystery&series=The%20Whistler,Seven Steps To Murder,1955.03.10,https://radioechoes.com/?page=play_download&mode=play&dl_mp3folder=T&dl_file=the_whistler_1955-03-10_seven_steps_to_murder.mp3&dl_series=The Whistler&dl_title=Seven Steps To Murder&dl_date=1955.03.10&dl_size=4.93 MB
The Whistler,https://radioechoes.com/?page=series&genre=OTR-Mystery&series=The%20Whistler,A Matter Of Odds,1955.03.17,https://radioechoes.com/?page=play_download&mode=play&dl_mp3folder=T&dl_file=the_whistler_1955-03-17_a_matter_of_odds.mp3&dl_series=The Whistler&dl_title=A Matter Of Odds&dl_date=1955.03.17&dl_size=6.74 MB
The Whistler,https://radioechoes.com/?page=series&genre=OTR-Mystery&series=The%20Whistler,Backfire,1955.03.24,https://radioechoes.com/?page=play_download&mode=play&dl_mp3folder=T&dl_file=the_whistler_1955-03-24_backfire.mp3&dl_series=The Whistler&dl_title=Backfire&dl_date=1955.03.24&dl_size=4.83 MB
The Whistler,https://radioechoes.com/?page=series&genre=OTR-Mystery&series=The%20Whistler,The Ambassador,1955.03.31,https://radioechoes.com/?page=play_download&mode=play&dl_mp3folder=T&dl_file=the_whistler_1955-03-31_the_ambassador.mp3&dl_series=The Whistler&dl_title=The Ambassador&dl_date=1955.03.31&dl_size=4.65 MB
The Whistler,https://radioechoes.com/?page=series&genre=OTR-Mystery&series=The%20Whistler,Search For An Unknown,1955.04.07,https://radioechoes.com/?page=play_download&mode=play&dl_mp3folder=T&dl_file=the_whistler_1955-04-07_search_for_an_unknown.mp3&dl_series=The Whistler&dl_title=Search For An Unknown&dl_date=1955.04.07&dl_size=6.8 MB
The Whistler,https://radioechoes.com/?page=series&genre=OTR-Mystery&series=The%20Whistler,A Trip To Aunt Sarah's,1955.04.14,https://radioechoes.com/?page=play_download&mode=play&dl_mp3folder=T&dl_file=the_whistler_1955-04-14_a_trip_to_aunt_sarahs.mp3&dl_series=The Whistler&dl_title=A Trip To Aunt Sarah's&dl_date=1955.04.14&dl_size=9.45 MB
The Whistler,https://radioechoes.com/?page=series&genre=OTR-Mystery&series=The%20Whistler,Incident At Chalk Point,1955.04.21,https://radioechoes.com/?page=play_download&mode=play&dl_mp3folder=T&dl_file=the_whistler_1955-04-21_incident_at_chalk_point.mp3&dl_series=The Whistler&dl_title=Incident At Chalk Point&dl_date=1955.04.21&dl_size=5.67 MB
The Whistler,https://radioechoes.com/?page=series&genre=OTR-Mystery&series=The%20Whistler,Letters From Aaron Burr,1955.04.28,https://radioechoes.com/?page=play_download&mode=play&dl_mp3folder=T&dl_file=the_whistler_1955-04-28_letters_from_aaron_burr.mp3&dl_series=The Whistler&dl_title=Letters From Aaron Burr&dl_date=1955.04.28&dl_size=5.6 MB
The Whistler,https://radioechoes.com/?page=series&genre=OTR-Mystery&series=The%20Whistler,The Lovely Look,1955.05.05,https://radioechoes.com/?page=play_download&mode=play&dl_mp3folder=T&dl_file=the_whistler_1955-05-05_the_lovely_look.mp3&dl_series=The Whistler&dl_title=The Lovely Look&dl_date=1955.05.05&dl_size=5.18 MB
The Whistler,https://radioechoes.com/?page=series&genre=OTR-Mystery&series=The%20Whistler,Night Melody,1955.05.12,https://radioechoes.com/?page=play_download&mode=play&dl_mp3folder=T&dl_file=the_whistler_1955-05-12_night_melody.mp3&dl_series=The Whistler&dl_title=Night Melody&dl_date=1955.05.12&dl_size=5.37 MB
The Whistler,https://radioechoes.com/?page=series&genre=OTR-Mystery&series=The%20Whistler,A Case For Mister Carrington,1955.05.19,https://radioechoes.com/?page=play_download&mode=play&dl_mp3folder=T&dl_file=the_whistler_1955-05-19_a_case_for_mister_carrington.mp3&dl_series=The Whistler&dl_title=A Case For Mister Carrington&dl_date=1955.05.19&dl_size=4.67 MB
The Whistler,https://radioechoes.com/?page=series&genre=OTR-Mystery&series=The%20Whistler,The First Year,1955.06.02,https://radioechoes.com/?page=play_download&mode=play&dl_mp3folder=T&dl_file=the_whistler_1955-06-02_the_first_year.mp3&dl_series=The Whistler&dl_title=The First Year&dl_date=1955.06.02&dl_size=5.41 MB
The Whistler,https://radioechoes.com/?page=series&genre=OTR-Mystery&series=The%20Whistler,A Woman's Privilege,1955.06.09,https://radioechoes.com/?page=play_download&mode=play&dl_mp3folder=T&dl_file=the_whistler_1955-06-09_a_womans_privilege.mp3&dl_series=The Whistler&dl_title=A Woman's Privilege&dl_date=1955.06.09&dl_size=5.43 MB
The Whistler,https://radioechoes.com/?page=series&genre=OTR-Mystery&series=The%20Whistler,Two Lives Of Colby Fletcher,1955.06.16,https://radioechoes.com/?page=play_download&mode=play&dl_mp3folder=T&dl_file=the_whistler_1955-06-16_two_lives_of_colby_fletcher.mp3&dl_series=The Whistler&dl_title=Two Lives Of Colby Fletcher&dl_date=1955.06.16&dl_size=5.57 MB
The Whistler,https://radioechoes.com/?page=series&genre=OTR-Mystery&series=The%20Whistler,The Cliffs Of Wayrum,1955.06.23,https://radioechoes.com/?page=play_download&mode=play&dl_mp3folder=T&dl_file=the_whistler_1955-06-23_the_cliffs_of_wayrum.mp3&dl_series=The Whistler&dl_title=The Cliffs Of Wayrum&dl_date=1955.06.23&dl_size=9.72 MB
The Whistler,https://radioechoes.com/?page=series&genre=OTR-Mystery&series=The%20Whistler,Lady In Waiting,1955.06.30,https://radioechoes.com/?page=play_download&mode=play&dl_mp3folder=T&dl_file=the_whistler_1955-06-30_lady_in_waiting.mp3&dl_series=The Whistler&dl_title=Lady In Waiting&dl_date=1955.06.30&dl_size=6.78 MB
The Whistler,https://radioechoes.com/?page=series&genre=OTR-Mystery&series=The%20Whistler,The Big Prison,1955.07.07,https://radioechoes.com/?page=play_download&mode=play&dl_mp3folder=T&dl_file=the_whistler_1955-07-07_the_big_prison.mp3&dl_series=The Whistler&dl_title=The Big Prison&dl_date=1955.07.07&dl_size=5.8 MB
The Whistler,https://radioechoes.com/?page=series&genre=OTR-Mystery&series=The%20Whistler,The Blank Wall,1955.07.28,https://radioechoes.com/?page=play_download&mode=play&dl_mp3folder=T&dl_file=the_whistler_1955-07-28_the_blank_wall.mp3&dl_series=The Whistler&dl_title=The Blank Wall&dl_date=1955.07.28&dl_size=6.75 MB
The Whistler,https://radioechoes.com/?page=series&genre=OTR-Mystery&series=The%20Whistler,The Havana Lee,1955.08.04,https://radioechoes.com/?page=play_download&mode=play&dl_mp3folder=T&dl_file=the_whistler_1955-08-04_the_havana_lee.mp3&dl_series=The Whistler&dl_title=The Havana Lee&dl_date=1955.08.04&dl_size=4.97 MB
The Whistler,https://radioechoes.com/?page=series&genre=OTR-Mystery&series=The%20Whistler,Marked Man,1955.08.11,https://radioechoes.com/?page=play_download&mode=play&dl_mp3folder=T&dl_file=the_whistler_1955-08-11_marked_man.mp3&dl_series=The Whistler&dl_title=Marked Man&dl_date=1955.08.11&dl_size=4.78 MB
The Whistler,https://radioechoes.com/?page=series&genre=OTR-Mystery&series=The%20Whistler,A Present For Ricky,1955.08.18,https://radioechoes.com/?page=play_download&mode=play&dl_mp3folder=T&dl_file=the_whistler_1955-08-18_a_present_for_ricky.mp3&dl_series=The Whistler&dl_title=A Present For Ricky&dl_date=1955.08.18&dl_size=5.57 MB
The Whistler,https://radioechoes.com/?page=series&genre=OTR-Mystery&series=The%20Whistler,Little Red Book,1955.08.25,https://radioechoes.com/?page=play_download&mode=play&dl_mp3folder=T&dl_file=the_whistler_1955-08-25_little_red_book.mp3&dl_series=The Whistler&dl_title=Little Red Book&dl_date=1955.08.25&dl_size=5.2 MB
The Whistler,https://radioechoes.com/?page=series&genre=OTR-Mystery&series=The%20Whistler,Design For Murder,1955.09.08,https://radioechoes.com/?page=play_download&mode=play&dl_mp3folder=T&dl_file=the_whistler_1955-09-08_design_for_murder.mp3&dl_series=The Whistler&dl_title=Design For Murder&dl_date=1955.09.08&dl_size=5.56 MB
The Whistler,https://radioechoes.com/?page=series&genre=OTR-Mystery&series=The%20Whistler,Kaleidoscope,19xx.xx.xx,https://radioechoes.com/?page=play_download&mode=play&dl_mp3folder=T&dl_file=the_whistler_19xx-xx-xx_kaleidoscope.mp3&dl_series=The Whistler&dl_title=Kaleidoscope&dl_date=19xx.xx.xx&dl_size=6.62 MB
The Whistler,https://radioechoes.com/?page=series&genre=OTR-Mystery&series=The%20Whistler,One Man Jury,19xx.xx.xx,https://radioechoes.com/?page=play_download&mode=play&dl_mp3folder=T&dl_file=the_whistler_19xx-xx-xx_one_man_jury.mp3&dl_series=The Whistler&dl_title=One Man Jury&dl_date=19xx.xx.xx&dl_size=6.69 MB
The Whistler,https://radioechoes.com/?page=series&genre=OTR-Mystery&series=The%20Whistler,The Sellout,19xx.xx.xx,https://radioechoes.com/?page=play_download&mode=play&dl_mp3folder=T&dl_file=the_whistler_19xx-xx-xx_the_sellout.mp3&dl_series=The Whistler&dl_title=The Sellout&dl_date=19xx.xx.xx&dl_size=6.07 MB
Suspense,https://radioechoes.com/?page=series&genre=OTR-Drama&series=Suspense,Forcast The Lodger Audition,1940.07.21,https://radioechoes.com/?page=play_download&mode=play&dl_mp3folder=S&dl_file=suspense_1940-07-21_forcast_the_lodger_audition.mp3&dl_series=Suspense&dl_title=Forcast The Lodger Audition&dl_date=1940.07.21&dl_size=7.06 MB
Suspense,https://radioechoes.com/?page=series&genre=OTR-Drama&series=Suspense,The Burning Court,1942.06.17,https://radioechoes.com/?page=play_download&mode=play&dl_mp3folder=S&dl_file=suspense_1942-06-17_the_burning_court.mp3&dl_series=Suspense&dl_title=The Burning Court&dl_date=1942.06.17&dl_size=6.9 MB
Suspense,https://radioechoes.com/?page=series&genre=OTR-Drama&series=Suspense,Wet Saturday,1942.06.24,https://radioechoes.com/?page=play_download&mode=play&dl_mp3folder=S&dl_file=suspense_1942-06-24_wet_saturday.mp3&dl_series=Suspense&dl_title=Wet Saturday&dl_date=1942.06.24&dl_size=6.69 MB
Suspense,https://radioechoes.com/?page=series&genre=OTR-Drama&series=Suspense,The Cave Of Ali Baba,1942.08.19,https://radioechoes.com/?page=play_download&mode=play&dl_mp3folder=S&dl_file=suspense_1942-08-19_the_cave_of_ali_baba.mp3&dl_series=Suspense&dl_title=The Cave Of Ali Baba&dl_date=1942.08.19&dl_size=6.94 MB
Suspense,https://radioechoes.com/?page=series&genre=OTR-Drama&series=Suspense,Hitchiker,1942.09.02,https://radioechoes.com/?page=play_download&mode=play&dl_mp3folder=S&dl_file=suspense_1942-09-02_hitchiker.mp3&dl_series=Suspense&dl_title=Hitchiker&dl_date=1942.09.02&dl_size=13.52 MB
Suspense,https://radioechoes.com/?page=series&genre=OTR-Drama&series=Suspense,The Kettler Method,1942.09.16,https://radioechoes.com/?page=play_download&mode=play&dl_mp3folder=S&dl_file=suspense_1942-09-16_the_kettler_method.mp3&dl_series=Suspense&dl_title=The Kettler Method&dl_date=1942.09.16&dl_size=6.72 MB
Suspense,https://radioechoes.com/?page=series&genre=OTR-Drama&series=Suspense,A Passage To Beneris,1942.09.23,https://radioechoes.com/?page=play_download&mode=play&dl_mp3folder=S&dl_file=suspense_1942-09-23_a_passage_to_beneris.mp3&dl_series=Suspense&dl_title=A Passage To Beneris&dl_date=1942.09.23&dl_size=6.65 MB
Suspense,https://radioechoes.com/?page=series&genre=OTR-Drama&series=Suspense,One Hundred In The Dark,1942.09.30,https://radioechoes.com/?page=play_download&mode=play&dl_mp3folder=S&dl_file=suspense_1942-09-30_one_hundred_in_the_dark.mp3&dl_series=Suspense&dl_title=One Hundred In The Dark&dl_date=1942.09.30&dl_size=6.86 MB
Suspense,https://radioechoes.com/?page=series&genre=OTR-Drama&series=Suspense,Lord Of The Witch Doctors,1942.10.27,https://radioechoes.com/?page=play_download&mode=play&dl_mp3folder=S&dl_file=suspense_1942-10-27_lord_of_the_witch_doctors.mp3&dl_series=Suspense&dl_title=Lord Of The Witch Doctors&dl_date=1942.10.27&dl_size=6.88 MB
Suspense,https://radioechoes.com/?page=series&genre=OTR-Drama&series=Suspense,Devil In The Summerhouse,1942.11.03,https://radioechoes.com/?page=play_download&mode=play&dl_mp3folder=S&dl_file=suspense_1942-11-03_devil_in_the_summerhouse.mp3&dl_series=Suspense&dl_title=Devil In The Summerhouse&dl_date=1942.11.03&dl_size=6.79 MB
Suspense,https://radioechoes.com/?page=series&genre=OTR-Drama&series=Suspense,Will You Make A Bet With Death,1942.11.10,https://radioechoes.com/?page=play_download&mode=play&dl_mp3folder=S&dl_file=suspense_1942-11-10_will_you_make_a_bet_with_death.mp3&dl_series=Suspense&dl_title=Will You Make A Bet With Death&dl_date=1942.11.10&dl_size=6.59 MB
Suspense,https://radioechoes.com/?page=series&genre=OTR-Drama&series=Suspense,Menace In Wax,1942.11.17,https://radioechoes.com/?page=play_download&mode=play&dl_mp3folder=S&dl_file=suspense_1942-11-17_menace_in_wax.mp3&dl_series=Suspense&dl_title=Menace In Wax&dl_date=1942.11.17&dl_size=6.7 MB
Suspense,https://radioechoes.com/?page=series&genre=OTR-Drama&series=Suspense,The Body Snatchers,1942.11.24,https://radioechoes.com/?page=play_download&mode=play&dl_mp3folder=S&dl_file=suspense_1942-11-24_the_body_snatchers.mp3&dl_series=Suspense&dl_title=The Body Snatchers&dl_date=1942.11.24&dl_size=6.75 MB
Suspense,https://radioechoes.com/?page=series&genre=OTR-Drama&series=Suspense,The Bride Vanishes,1942.12.01,https://radioechoes.com/?page=play_download&mode=play&dl_mp3folder=S&dl_file=suspense_1942-12-01_the_bride_vanishes.mp3&dl_series=Suspense&dl_title=The Bride Vanishes&dl_date=1942.12.01&dl_size=6.27 MB
Suspense,https://radioechoes.com/?page=series&genre=OTR-Drama&series=Suspense,'Til Death Do Us Part,1942.12.15,https://radioechoes.com/?page=play_download&mode=play&dl_mp3folder=S&dl_file=suspense_1942-12-15_til_death_do_us_part.mp3&dl_series=Suspense&dl_title='Til Death Do Us Part&dl_date=1942.12.15&dl_size=6.45 MB
Suspense,https://radioechoes.com/?page=series&genre=OTR-Drama&series=Suspense,Two Sharp Knives,1942.12.22,https://radioechoes.com/?page=play_download&mode=play&dl_mp3folder=S&dl_file=suspense_1942-12-22_two_sharp_knives.mp3&dl_series=Suspense&dl_title=Two Sharp Knives&dl_date=1942.12.22&dl_size=6.74 MB
Suspense,https://radioechoes.com/?page=series&genre=OTR-Drama&series=Suspense,Nothing Up My Sleeve,1943.01.05,https://radioechoes.com/?page=play_download&mode=play&dl_mp3folder=S&dl_file=suspense_1943-01-05_nothing_up_my_sleeve.mp3&dl_series=Suspense&dl_title=Nothing Up My Sleeve&dl_date=1943.01.05&dl_size=6.53 MB
Suspense,https://radioechoes.com/?page=series&genre=OTR-Drama&series=Suspense,The Pit And The Pendulum,1943.01.12,https://radioechoes.com/?page=play_download&mode=play&dl_mp3folder=S&dl_file=suspense_1943-01-12_the_pit_and_the_pendulum.mp3&dl_series=Suspense&dl_title=The Pit And The Pendulum&dl_date=1943.01.12&dl_size=6.53 MB
Suspense,https://radioechoes.com/?page=series&genre=OTR-Drama&series=Suspense,The Devil's Saint,1943.01.19,https://radioechoes.com/?page=play_download&mode=play&dl_mp3folder=S&dl_file=suspense_1943-01-19_the_devils_saint.mp3&dl_series=Suspense&dl_title=The Devil's Saint&dl_date=1943.01.19&dl_size=6.75 MB
Suspense,https://radioechoes.com/?page=series&genre=OTR-Drama&series=Suspense,The Doctor Prescribed Death,1943.02.02,https://radioechoes.com/?page=play_download&mode=play&dl_mp3folder=S&dl_file=suspense_1943-02-02_the_doctor_prescribed_death.mp3&dl_series=Suspense&dl_title=The Doctor Prescribed Death&dl_date=1943.02.02&dl_size=5.78 MB
Suspense,https://radioechoes.com/?page=series&genre=OTR-Drama&series=Suspense,The Hangman Won't Wait 1st Half,1943.02.09,https://radioechoes.com/?page=play_download&mode=play&dl_mp3folder=S&dl_file=suspense_1943-02-09_the_hangman_wont_wait_1st_half.mp3&dl_series=Suspense&dl_title=The Hangman Won't Wait 1st Half&dl_date=1943.02.09&dl_size=3.41 MB
Suspense,https://radioechoes.com/?page=series&genre=OTR-Drama&series=Suspense,In Fear And Trembling,1943.02.16,https://radioechoes.com/?page=play_download&mode=play&dl_mp3folder=S&dl_file=suspense_1943-02-16_in_fear_and_trembling.mp3&dl_series=Suspense&dl_title=In Fear And Trembling&dl_date=1943.02.16&dl_size=6.36 MB
Suspense,https://radioechoes.com/?page=series&genre=OTR-Drama&series=Suspense,Will You Walk Into My Parlor? 1st Half,1943.02.23,https://radioechoes.com/?page=play_download&mode=play&dl_mp3folder=S&dl_file=suspense_1943-02-23_will_you_walk_into_my_parlor_1st_half.mp3&dl_series=Suspense&dl_title=Will You Walk Into My Parlor? 1st Half&dl_date=1943.02.23&dl_size=3.37 MB
Suspense,https://radioechoes.com/?page=series&genre=OTR-Drama&series=Suspense,Cabin B13,1943.03.16,https://radioechoes.com/?page=play_download&mode=play&dl_mp3folder=S&dl_file=suspense_1943-03-16_cabin_b13.mp3&dl_series=Suspense&dl_title=Cabin B13&dl_date=1943.03.16&dl_size=6.79 MB
Suspense,https://radioechoes.com/?page=series&genre=OTR-Drama&series=Suspense,Customers Like Murder,1943.03.23,https://radioechoes.com/?page=play_download&mode=play&dl_mp3folder=S&dl_file=suspense_1943-03-23_customers_like_murder.mp3&dl_series=Suspense&dl_title=Customers Like Murder&dl_date=1943.03.23&dl_size=6.63 MB
Suspense,https://radioechoes.com/?page=series&genre=OTR-Drama&series=Suspense,The Dead Sleep Lightly,1943.03.30,https://radioechoes.com/?page=play_download&mode=play&dl_mp3folder=S&dl_file=suspense_1943-03-30_the_dead_sleep_lightly.mp3&dl_series=Suspense&dl_title=The Dead Sleep Lightly&dl_date=1943.03.30&dl_size=6.71 MB
Suspense,https://radioechoes.com/?page=series&genre=OTR-Drama&series=Suspense,Fire Burn And Cauldron Bubble,1943.04.06,https://radioechoes.com/?page=play_download&mode=play&dl_mp3folder=S&dl_file=suspense_1943-04-06_fire_burn_and_cauldron_bubble.mp3&dl_series=Suspense&dl_title=Fire Burn And Cauldron Bubble&dl_date=1943.04.06&dl_size=6.7 MB
Suspense,https://radioechoes.com/?page=series&genre=OTR-Drama&series=Suspense,Fear Paints A Picture,1943.04.13,https://radioechoes.com/?page=play_download&mode=play&dl_mp3folder=S&dl_file=suspense_1943-04-13_fear_paints_a_picture.mp3&dl_series=Suspense&dl_title=Fear Paints A Picture&dl_date=1943.04.13&dl_size=6.78 MB
Suspense,https://radioechoes.com/?page=series&genre=OTR-Drama&series=Suspense,Moment Of Darkness,1943.04.20,https://radioechoes.com/?page=play_download&mode=play&dl_mp3folder=S&dl_file=suspense_1943-04-20_moment_of_darkness.mp3&dl_series=Suspense&dl_title=Moment Of Darkness&dl_date=1943.04.20&dl_size=6.88 MB
Suspense,https://radioechoes.com/?page=series&genre=OTR-Drama&series=Suspense,The Diary Of Sophronia Winters,1943.04.27,https://radioechoes.com/?page=play_download&mode=play&dl_mp3folder=S&dl_file=suspense_1943-04-27_the_diary_of_sophronia_winters.mp3&dl_series=Suspense&dl_title=The Diary Of Sophronia Winters&dl_date=1943.04.27&dl_size=6.16 MB
Suspense,https://radioechoes.com/?page=series&genre=OTR-Drama&series=Suspense,Death Flies Blind,1943.05.04,https://radioechoes.com/?page=play_download&mode=play&dl_mp3folder=S&dl_file=suspense_1943-05-04_death_flies_blind.mp3&dl_series=Suspense&dl_title=Death Flies Blind&dl_date=1943.05.04&dl_size=6.59 MB
Suspense,https://radioechoes.com/?page=series&genre=OTR-Drama&series=Suspense,Mr. Markham Antique Dealer,1943.05.11,https://radioechoes.com/?page=play_download&mode=play&dl_mp3folder=S&dl_file=suspense_1943-05-11_mr_markham_antique_dealer.mp3&dl_series=Suspense&dl_title=Mr. Markham Antique Dealer&dl_date=1943.05.11&dl_size=6.82 MB
Suspense,https://radioechoes.com/?page=series&genre=OTR-Drama&series=Suspense,The ABC Murders,1943.05.18,https://radioechoes.com/?page=play_download&mode=play&dl_mp3folder=S&dl_file=suspense_1943-05-18_the_abc_murders.mp3&dl_series=Suspense&dl_title=The ABC Murders&dl_date=1943.05.18&dl_size=6.62 MB
Suspense,https://radioechoes.com/?page=series&genre=OTR-Drama&series=Suspense,Sorry Wrong Number AFRS,1943.05.25,https://radioechoes.com/?page=play_download&mode=play&dl_mp3folder=S&dl_file=suspense_1943-05-25_sorry_wrong_number_afrs.mp3&dl_series=Suspense&dl_title=Sorry Wrong Number AFRS&dl_date=1943.05.25&dl_size=6.9 MB
Suspense,https://radioechoes.com/?page=series&genre=OTR-Drama&series=Suspense,Banquo's Chair,1943.06.01,https://radioechoes.com/?page=play_download&mode=play&dl_mp3folder=S&dl_file=suspense_1943-06-01_banquos_chair.mp3&dl_series=Suspense&dl_title=Banquo's Chair&dl_date=1943.06.01&dl_size=6.62 MB
Suspense,https://radioechoes.com/?page=series&genre=OTR-Drama&series=Suspense,Five Canaries In The Room,1943.06.08,https://radioechoes.com/?page=play_download&mode=play&dl_mp3folder=S&dl_file=suspense_1943-06-08_five_canaries_in_the_room.mp3&dl_series=Suspense&dl_title=Five Canaries In The Room&dl_date=1943.06.08&dl_size=6.4 MB
Suspense,https://radioechoes.com/?page=series&genre=OTR-Drama&series=Suspense,Last Night,1943.06.15,https://radioechoes.com/?page=play_download&mode=play&dl_mp3folder=S&dl_file=suspense_1943-06-15_last_night.mp3&dl_series=Suspense&dl_title=Last Night&dl_date=1943.06.15&dl_size=6.15 MB
Suspense,https://radioechoes.com/?page=series&genre=OTR-Drama&series=Suspense,Man Without A Body,1943.06.22,https://radioechoes.com/?page=play_download&mode=play&dl_mp3folder=S&dl_file=suspense_1943-06-22_man_without_a_body.mp3&dl_series=Suspense&dl_title=Man Without A Body&dl_date=1943.06.22&dl_size=6.87 MB
Suspense,https://radioechoes.com/?page=series&genre=OTR-Drama&series=Suspense,Uncle Henry's Rose Bush,1943.06.29,https://radioechoes.com/?page=play_download&mode=play&dl_mp3folder=S&dl_file=suspense_1943-06-29_uncle_henrys_rose_bush.mp3&dl_series=Suspense&dl_title=Uncle Henry's Rose Bush&dl_date=1943.06.29&dl_size=6.4 MB
Suspense,https://radioechoes.com/?page=series&genre=OTR-Drama&series=Suspense,The White Rose Murders,1943.07.06,https://radioechoes.com/?page=play_download&mode=play&dl_mp3folder=S&dl_file=suspense_1943-07-06_the_white_rose_murders.mp3&dl_series=Suspense&dl_title=The White Rose Murders&dl_date=1943.07.06&dl_size=5.95 MB
Suspense,https://radioechoes.com/?page=series&genre=OTR-Drama&series=Suspense,Murder Goes For A Swim,1943.07.20,https://radioechoes.com/?page=play_download&mode=play&dl_mp3folder=S&dl_file=suspense_1943-07-20_murder_goes_for_a_swim.mp3&dl_series=Suspense&dl_title=Murder Goes For A Swim&dl_date=1943.07.20&dl_size=6.89 MB
Suspense,https://radioechoes.com/?page=series&genre=OTR-Drama&series=Suspense,The Last Letter Of Dr. Bronson,1943.07.27,https://radioechoes.com/?page=play_download&mode=play&dl_mp3folder=S&dl_file=suspense_1943-07-27_the_last_letter_of_dr_bronson.mp3&dl_series=Suspense&dl_title=The Last Letter Of Dr. Bronson&dl_date=1943.07.27&dl_size=6.71 MB
Suspense,https://radioechoes.com/?page=series&genre=OTR-Drama&series=Suspense,Friend To Alexander,1943.08.03,https://radioechoes.com/?page=play_download&mode=play&dl_mp3folder=S&dl_file=suspense_1943-08-03_friend_to_alexander.mp3&dl_series=Suspense&dl_title=Friend To Alexander&dl_date=1943.08.03&dl_size=6.62 MB
Suspense,https://radioechoes.com/?page=series&genre=OTR-Drama&series=Suspense,The Fountain Plays,1943.08.10,https://radioechoes.com/?page=play_download&mode=play&dl_mp3folder=S&dl_file=suspense_1943-08-10_the_fountain_plays.mp3&dl_series=Suspense&dl_title=The Fountain Plays&dl_date=1943.08.10&dl_size=6.61 MB
Suspense,https://radioechoes.com/?page=series&genre=OTR-Drama&series=Suspense,Sorry Wrong Number 2nd,1943.08.21,https://radioechoes.com/?page=play_download&mode=play&dl_mp3folder=S&dl_file=suspense_1943-08-21_sorry_wrong_number_2nd.mp3&dl_series=Suspense&dl_title=Sorry Wrong  Number 2nd&dl_date=1943.08.21&dl_size=6.76 MB
Suspense,https://radioechoes.com/?page=series&genre=OTR-Drama&series=Suspense,The King's Birthday,1943.08.28,https://radioechoes.com/?page=play_download&mode=play&dl_mp3folder=S&dl_file=suspense_1943-08-28_the_kings_birthday.mp3&dl_series=Suspense&dl_title=The King's Birthday&dl_date=1943.08.28&dl_size=6.59 MB
Suspense,https://radioechoes.com/?page=series&genre=OTR-Drama&series=Suspense,The Singing Walls,1943.09.02,https://radioechoes.com/?page=play_download&mode=play&dl_mp3folder=S&dl_file=suspense_1943-09-02_the_singing_walls.mp3&dl_series=Suspense&dl_title=The Singing Walls&dl_date=1943.09.02&dl_size=6.71 MB
Suspense,https://radioechoes.com/?page=series&genre=OTR-Drama&series=Suspense,Marry For Murder,1943.09.09,https://radioechoes.com/?page=play_download&mode=play&dl_mp3folder=S&dl_file=suspense_1943-09-09_marry_for_murder.mp3&dl_series=Suspense&dl_title=Marry For Murder&dl_date=1943.09.09&dl_size=6.83 MB
Suspense,https://radioechoes.com/?page=series&genre=OTR-Drama&series=Suspense,The Cross Eyed Bear,1943.09.16,https://radioechoes.com/?page=play_download&mode=play&dl_mp3folder=S&dl_file=suspense_1943-09-16_the_cross_eyed_bear.mp3&dl_series=Suspense&dl_title=The Cross Eyed Bear&dl_date=1943.09.16&dl_size=6.91 MB
Suspense,https://radioechoes.com/?page=series&genre=OTR-Drama&series=Suspense,The Most Dangerous Game,1943.09.23,https://radioechoes.com/?page=play_download&mode=play&dl_mp3folder=S&dl_file=suspense_1943-09-23_the_most_dangerous_game.mp3&dl_series=Suspense&dl_title=The Most Dangerous Game&dl_date=1943.09.23&dl_size=6.85 MB
Suspense,https://radioechoes.com/?page=series&genre=OTR-Drama&series=Suspense,The Lost Special,1943.09.30,https://radioechoes.com/?page=play_download&mode=play&dl_mp3folder=S&dl_file=suspense_1943-09-30_the_lost_special.mp3&dl_series=Suspense&dl_title=The Lost Special&dl_date=1943.09.30&dl_size=6.95 MB
Suspense,https://radioechoes.com/?page=series&genre=OTR-Drama&series=Suspense,Philomel Cottage,1943.10.07,https://radioechoes.com/?page=play_download&mode=play&dl_mp3folder=S&dl_file=suspense_1943-10-07_philomel_cottage.mp3&dl_series=Suspense&dl_title=Philomel Cottage&dl_date=1943.10.07&dl_size=6.61 MB
Suspense,https://radioechoes.com/?page=series&genre=OTR-Drama&series=Suspense,Lazarus Walks,1943.10.19,https://radioechoes.com/?page=play_download&mode=play&dl_mp3folder=S&dl_file=suspense_1943-10-19_lazarus_walks.mp3&dl_series=Suspense&dl_title=Lazarus Walks&dl_date=1943.10.19&dl_size=13.04 MB
Suspense,https://radioechoes.com/?page=series&genre=OTR-Drama&series=Suspense,After Dinner Story,1943.10.26,https://radioechoes.com/?page=play_download&mode=play&dl_mp3folder=S&dl_file=suspense_1943-10-26_after_dinner_story.mp3&dl_series=Suspense&dl_title=After Dinner Story&dl_date=1943.10.26&dl_size=6.52 MB
Suspense,https://radioechoes.com/?page=series&genre=OTR-Drama&series=Suspense,Statement Of Employee Henry Wilson,1943.11.02,https://radioechoes.com/?page=play_download&mode=play&dl_mp3folder=S&dl_file=suspense_1943-11-02_statement_of_employee_henry_wilson.mp3&dl_series=Suspense&dl_title=Statement Of Employee Henry Wilson&dl_date=1943.11.02&dl_size=6.79 MB
Suspense,https://radioechoes.com/?page=series&genre=OTR-Drama&series=Suspense,Cabin B13,1943.11.09,https://radioechoes.com/?page=play_download&mode=play&dl_mp3folder=S&dl_file=suspense_1943-11-09_cabin_b13.mp3&dl_series=Suspense&dl_title=Cabin B13&dl_date=1943.11.09&dl_size=6.79 MB
Suspense,https://radioechoes.com/?page=series&genre=OTR-Drama&series=Suspense,Thieves Fall Out,1943.11.16,https://radioechoes.com/?page=play_download&mode=play&dl_mp3folder=S&dl_file=suspense_1943-11-16_thieves_fall_out.mp3&dl_series=Suspense&dl_title=Thieves Fall Out&dl_date=1943.11.16&dl_size=6.87 MB
Suspense,https://radioechoes.com/?page=series&genre=OTR-Drama&series=Suspense,The Strange Death Of Charles Umberstein,1943.11.23,https://radioechoes.com/?page=play_download&mode=play&dl_mp3folder=S&dl_file=suspense_1943-11-23_the_strange_death_of_charles_umberstein.mp3&dl_series=Suspense&dl_title=The Strange Death Of Charles Umberstein&dl_date=1943.11.23&dl_size=6.4 MB
Suspense,https://radioechoes.com/?page=series&genre=OTR-Drama&series=Suspense,The Lady In The Red Hat,1943.11.30,https://radioechoes.com/?page=play_download&mode=play&dl_mp3folder=S&dl_file=suspense_1943-11-30_the_lady_in_the_red_hat.mp3&dl_series=Suspense&dl_title=The Lady In The Red Hat&dl_date=1943.11.30&dl_size=6.57 MB
Suspense,https://radioechoes.com/?page=series&genre=OTR-Drama&series=Suspense,The Black Curtain,1943.12.02,https://radioechoes.com/?page=play_download&mode=play&dl_mp3folder=S&dl_file=suspense_1943-12-02_the_black_curtain.mp3&dl_series=Suspense&dl_title=The Black Curtain&dl_date=1943.12.02&dl_size=6.75 MB
Suspense,https://radioechoes.com/?page=series&genre=OTR-Drama&series=Suspense,The Night Reveals,1943.12.09,https://radioechoes.com/?page=play_download&mode=play&dl_mp3folder=S&dl_file=suspense_1943-12-09_the_night_reveals.mp3&dl_series=Suspense&dl_title=The Night Reveals&dl_date=1943.12.09&dl_size=6.74 MB
Suspense,https://radioechoes.com/?page=series&genre=OTR-Drama&series=Suspense,Wet Saturday,1943.12.16,https://radioechoes.com/?page=play_download&mode=play&dl_mp3folder=S&dl_file=suspense_1943-12-16_wet_saturday.mp3&dl_series=Suspense&dl_title=Wet Saturday&dl_date=1943.12.16&dl_size=5.94 MB
Suspense,https://radioechoes.com/?page=series&genre=OTR-Drama&series=Suspense,Back For Christmas,1943.12.23,https://radioechoes.com/?page=play_download&mode=play&dl_mp3folder=S&dl_file=suspense_1943-12-23_back_for_christmas.mp3&dl_series=Suspense&dl_title=Back For Christmas&dl_date=1943.12.23&dl_size=6.55 MB
Suspense,https://radioechoes.com/?page=series&genre=OTR-Drama&series=Suspense,Finishing School,1943.12.30,https://radioechoes.com/?page=play_download&mode=play&dl_mp3folder=S&dl_file=suspense_1943-12-30_finishing_school.mp3&dl_series=Suspense&dl_title=Finishing School&dl_date=1943.12.30&dl_size=6.81 MB
Suspense,https://radioechoes.com/?page=series&genre=OTR-Drama&series=Suspense,One Way Ride To Nowhere,1944.01.06,https://radioechoes.com/?page=play_download&mode=play&dl_mp3folder=S&dl_file=suspense_1944-01-06_one_way_ride_to_nowhere.mp3&dl_series=Suspense&dl_title=One Way Ride To Nowhere&dl_date=1944.01.06&dl_size=6.56 MB
Suspense,https://radioechoes.com/?page=series&genre=OTR-Drama&series=Suspense,Dime A Dance,1944.01.13,https://radioechoes.com/?page=play_download&mode=play&dl_mp3folder=S&dl_file=suspense_1944-01-13_dime_a_dance.mp3&dl_series=Suspense&dl_title=Dime A Dance&dl_date=1944.01.13&dl_size=5.93 MB
Suspense,https://radioechoes.com/?page=series&genre=OTR-Drama&series=Suspense,World Of Darkness,1944.01.20,https://radioechoes.com/?page=play_download&mode=play&dl_mp3folder=S&dl_file=suspense_1944-01-20_world_of_darkness.mp3&dl_series=Suspense&dl_title=World Of Darkness&dl_date=1944.01.20&dl_size=7.23 MB
Suspense,https://radioechoes.com/?page=series&genre=OTR-Drama&series=Suspense,The Locked Room,1944.01.27,https://radioechoes.com/?page=play_download&mode=play&dl_mp3folder=S&dl_file=suspense_1944-01-27_the_locked_room.mp3&dl_series=Suspense&dl_title=The Locked Room&dl_date=1944.01.27&dl_size=6.85 MB
Suspense,https://radioechoes.com/?page=series&genre=OTR-Drama&series=Suspense,The Sisters,1944.02.03,https://radioechoes.com/?page=play_download&mode=play&dl_mp3folder=S&dl_file=suspense_1944-02-03_the_sisters.mp3&dl_series=Suspense&dl_title=The Sisters&dl_date=1944.02.03&dl_size=6.66 MB
Suspense,https://radioechoes.com/?page=series&genre=OTR-Drama&series=Suspense,Suspicion,1944.02.10,https://radioechoes.com/?page=play_download&mode=play&dl_mp3folder=S&dl_file=suspense_1944-02-10_suspicion.mp3&dl_series=Suspense&dl_title=Suspicion&dl_date=1944.02.10&dl_size=7.02 MB
Suspense,https://radioechoes.com/?page=series&genre=OTR-Drama&series=Suspense,Life Ends At Midnight,1944.02.17,https://radioechoes.com/?page=play_download&mode=play&dl_mp3folder=S&dl_file=suspense_1944-02-17_life_ends_at_midnight.mp3&dl_series=Suspense&dl_title=Life Ends At Midnight&dl_date=1944.02.17&dl_size=6.89 MB
Suspense,https://radioechoes.com/?page=series&genre=OTR-Drama&series=Suspense,Sorry Wrong Number,1944.02.24,https://radioechoes.com/?page=play_download&mode=play&dl_mp3folder=S&dl_file=suspense_1944-02-24_sorry_wrong_number.mp3&dl_series=Suspense&dl_title=Sorry Wrong Number&dl_date=1944.02.24&dl_size=6.8 MB
Suspense,https://radioechoes.com/?page=series&genre=OTR-Drama&series=Suspense,Portrait Without A Face,1944.03.02,https://radioechoes.com/?page=play_download&mode=play&dl_mp3folder=S&dl_file=suspense_1944-03-02_portrait_without_a_face.mp3&dl_series=Suspense&dl_title=Portrait Without A Face&dl_date=1944.03.02&dl_size=6.83 MB
Suspense,https://radioechoes.com/?page=series&genre=OTR-Drama&series=Suspense,The Defense Rests,1944.03.09,https://radioechoes.com/?page=play_download&mode=play&dl_mp3folder=S&dl_file=suspense_1944-03-09_the_defense_rests.mp3&dl_series=Suspense&dl_title=The Defense Rests&dl_date=1944.03.09&dl_size=6.58 MB
Suspense,https://radioechoes.com/?page=series&genre=OTR-Drama&series=Suspense,Narrative About Clarence,1944.03.16,https://radioechoes.com/?page=play_download&mode=play&dl_mp3folder=S&dl_file=suspense_1944-03-16_narrative_about_clarence.mp3&dl_series=Suspense&dl_title=Narrative About Clarence&dl_date=1944.03.16&dl_size=6.6 MB
Suspense,https://radioechoes.com/?page=series&genre=OTR-Drama&series=Suspense,Sneak Preview,1944.03.23,https://radioechoes.com/?page=play_download&mode=play&dl_mp3folder=S&dl_file=suspense_1944-03-23_sneak_preview.mp3&dl_series=Suspense&dl_title=Sneak Preview&dl_date=1944.03.23&dl_size=6.43 MB
Suspense,https://radioechoes.com/?page=series&genre=OTR-Drama&series=Suspense,Cat And Mouse,1944.03.30,https://radioechoes.com/?page=play_download&mode=play&dl_mp3folder=S&dl_file=suspense_1944-03-30_cat_and_mouse.mp3&dl_series=Suspense&dl_title=Cat And Mouse&dl_date=1944.03.30&dl_size=5.89 MB
Suspense,https://radioechoes.com/?page=series&genre=OTR-Drama&series=Suspense,The Woman In Red,1944.04.06,https://radioechoes.com/?page=play_download&mode=play&dl_mp3folder=S&dl_file=suspense_1944-04-06_the_woman_in_red.mp3&dl_series=Suspense&dl_title=The Woman In Red&dl_date=1944.04.06&dl_size=6.71 MB
Suspense,https://radioechoes.com/?page=series&genre=OTR-Drama&series=Suspense,The Marvelous Barastro,1944.04.13,https://radioechoes.com/?page=play_download&mode=play&dl_mp3folder=S&dl_file=suspense_1944-04-13_the_marvelous_barastro.mp3&dl_series=Suspense&dl_title=The Marvelous Barastro&dl_date=1944.04.13&dl_size=5.22 MB
Suspense,https://radioechoes.com/?page=series&genre=OTR-Drama&series=Suspense,The Palmer Method,1944.04.20,https://radioechoes.com/?page=play_download&mode=play&dl_mp3folder=S&dl_file=suspense_1944-04-20_the_palmer_method.mp3&dl_series=Suspense&dl_title=The Palmer Method&dl_date=1944.04.20&dl_size=6.8 MB
Suspense,https://radioechoes.com/?page=series&genre=OTR-Drama&series=Suspense,Death Went Along For The Ride,1944.04.27,https://radioechoes.com/?page=play_download&mode=play&dl_mp3folder=S&dl_file=suspense_1944-04-27_death_went_along_for_the_ride.mp3&dl_series=Suspense&dl_title=Death Went Along For The Ride&dl_date=1944.04.27&dl_size=6.73 MB
Suspense,https://radioechoes.com/?page=series&genre=OTR-Drama&series=Suspense,The Dark Tower,1944.05.04,https://radioechoes.com/?page=play_download&mode=play&dl_mp3folder=S&dl_file=suspense_1944-05-04_the_dark_tower.mp3&dl_series=Suspense&dl_title=The Dark Tower&dl_date=1944.05.04&dl_size=6.79 MB
Suspense,https://radioechoes.com/?page=series&genre=OTR-Drama&series=Suspense,The Visitor,1944.05.11,https://radioechoes.com/?page=play_download&mode=play&dl_mp3folder=S&dl_file=suspense_1944-05-11_the_visitor.mp3&dl_series=Suspense&dl_title=The Visitor&dl_date=1944.05.11&dl_size=6.82 MB
Suspense,https://radioechoes.com/?page=series&genre=OTR-Drama&series=Suspense,Donovan's Brain,1944.05.18,https://radioechoes.com/?page=play_download&mode=play&dl_mp3folder=S&dl_file=suspense_1944-05-18_donovans_brain_ep01of02.mp3&dl_series=Suspense&dl_title=Donovan's Brain&dl_date=1944.05.18&dl_size=6.43 MB
Suspense,https://radioechoes.com/?page=series&genre=OTR-Drama&series=Suspense,Donovan's Brain,1944.05.25,https://radioechoes.com/?page=play_download&mode=play&dl_mp3folder=S&dl_file=suspense_1944-05-25_donovans_brain_ep02of02.mp3&dl_series=Suspense&dl_title=Donovan's Brain&dl_date=1944.05.25&dl_size=6.61 MB
Suspense,https://radioechoes.com/?page=series&genre=OTR-Drama&series=Suspense,Fugue In C Minor,1944.06.01,https://radioechoes.com/?page=play_download&mode=play&dl_mp3folder=S&dl_file=suspense_1944-06-01_fugue_in_c_minor.mp3&dl_series=Suspense&dl_title=Fugue In C Minor&dl_date=1944.06.01&dl_size=6.79 MB
Suspense,https://radioechoes.com/?page=series&genre=OTR-Drama&series=Suspense,Case History On Edgar Lowndes,1944.06.08,https://radioechoes.com/?page=play_download&mode=play&dl_mp3folder=S&dl_file=suspense_1944-06-08_case_history_on_edgar_lowndes.mp3&dl_series=Suspense&dl_title=Case History On Edgar Lowndes&dl_date=1944.06.08&dl_size=6.8 MB
Suspense,https://radioechoes.com/?page=series&genre=OTR-Drama&series=Suspense,A Friend To Alexander,1944.06.15,https://radioechoes.com/?page=play_download&mode=play&dl_mp3folder=S&dl_file=suspense_1944-06-15_a_friend_to_alexander.mp3&dl_series=Suspense&dl_title=A Friend To Alexander&dl_date=1944.06.15&dl_size=7.13 MB
Suspense,https://radioechoes.com/?page=series&genre=OTR-Drama&series=Suspense,The Ten Grand,1944.06.22,https://radioechoes.com/?page=play_download&mode=play&dl_mp3folder=S&dl_file=suspense_1944-06-22_the_ten_grand.mp3&dl_series=Suspense&dl_title=The Ten Grand&dl_date=1944.06.22&dl_size=6.99 MB
Suspense,https://radioechoes.com/?page=series&genre=OTR-Drama&series=Suspense,Walls Come Tumbling Down,1944.06.29,https://radioechoes.com/?page=play_download&mode=play&dl_mp3folder=S&dl_file=suspense_1944-06-29_walls_come_tumbling_down.mp3&dl_series=Suspense&dl_title=Walls Come Tumbling Down&dl_date=1944.06.29&dl_size=6.81 MB
Suspense,https://radioechoes.com/?page=series&genre=OTR-Drama&series=Suspense,The Search For Henri Lefevre,1944.07.06,https://radioechoes.com/?page=play_download&mode=play&dl_mp3folder=S&dl_file=suspense_1944-07-06_the_search_for_henri_lefevre.mp3&dl_series=Suspense&dl_title=The Search For Henri Lefevre&dl_date=1944.07.06&dl_size=6.73 MB
Suspense,https://radioechoes.com/?page=series&genre=OTR-Drama&series=Suspense,The Beast Must Die,1944.07.13,https://radioechoes.com/?page=play_download&mode=play&dl_mp3folder=S&dl_file=suspense_1944-07-13_the_beast_must_die.mp3&dl_series=Suspense&dl_title=The Beast Must Die&dl_date=1944.07.13&dl_size=5.86 MB
Suspense,https://radioechoes.com/?page=series&genre=OTR-Drama&series=Suspense,Of Maestro And Man,1944.07.20,https://radioechoes.com/?page=play_download&mode=play&dl_mp3folder=S&dl_file=suspense_1944-07-20_of_maestro_and_man.mp3&dl_series=Suspense&dl_title=Of Maestro And Man&dl_date=1944.07.20&dl_size=6.88 MB
Suspense,https://radioechoes.com/?page=series&genre=OTR-Drama&series=Suspense,The Black Shawl,1944.07.27,https://radioechoes.com/?page=play_download&mode=play&dl_mp3folder=S&dl_file=suspense_1944-07-27_the_black_shawl.mp3&dl_series=Suspense&dl_title=The Black Shawl&dl_date=1944.07.27&dl_size=6.75 MB
Suspense,https://radioechoes.com/?page=series&genre=OTR-Drama&series=Suspense,Banquo's Chair,1944.08.03,https://radioechoes.com/?page=play_download&mode=play&dl_mp3folder=S&dl_file=suspense_1944-08-03_banquos_chair.mp3&dl_series=Suspense&dl_title=Banquo's Chair&dl_date=1944.08.03&dl_size=7.04 MB
Suspense,https://radioechoes.com/?page=series&genre=OTR-Drama&series=Suspense,The Man Who Knew How,1944.08.10,https://radioechoes.com/?page=play_download&mode=play&dl_mp3folder=S&dl_file=suspense_1944-08-10_the_man_who_knew_how.mp3&dl_series=Suspense&dl_title=The Man Who Knew How&dl_date=1944.08.10&dl_size=6.78 MB
Suspense,https://radioechoes.com/?page=series&genre=OTR-Drama&series=Suspense,The Diary Of Sophronia Winters,1944.08.17,https://radioechoes.com/?page=play_download&mode=play&dl_mp3folder=S&dl_file=suspense_1944-08-17_the_diary_of_sophronia_winters.mp3&dl_series=Suspense&dl_title=The Diary Of Sophronia Winters&dl_date=1944.08.17&dl_size=6.61 MB
Suspense,https://radioechoes.com/?page=series&genre=OTR-Drama&series=Suspense,Actor's Blood,1944.08.24,https://radioechoes.com/?page=play_download&mode=play&dl_mp3folder=S&dl_file=suspense_1944-08-24_actors_blood.mp3&dl_series=Suspense&dl_title=Actor's Blood&dl_date=1944.08.24&dl_size=6.91 MB
Suspense,https://radioechoes.com/?page=series&genre=OTR-Drama&series=Suspense,The Black Path Of Fear,1944.08.31,https://radioechoes.com/?page=play_download&mode=play&dl_mp3folder=S&dl_file=suspense_1944-08-31_the_black_path_of_fear.mp3&dl_series=Suspense&dl_title=The Black Path Of Fear&dl_date=1944.08.31&dl_size=6.73 MB
Suspense,https://radioechoes.com/?page=series&genre=OTR-Drama&series=Suspense,Voyage Through Darkness,1944.09.07,https://radioechoes.com/?page=play_download&mode=play&dl_mp3folder=S&dl_file=suspense_1944-09-07_voyage_through_darkness.mp3&dl_series=Suspense&dl_title=Voyage Through Darkness&dl_date=1944.09.07&dl_size=6.4 MB
Suspense,https://radioechoes.com/?page=series&genre=OTR-Drama&series=Suspense,You'll Never See Me Again,1944.09.14,https://radioechoes.com/?page=play_download&mode=play&dl_mp3folder=S&dl_file=suspense_1944-09-14_youll_never_see_me_again.mp3&dl_series=Suspense&dl_title=You'll Never See Me Again&dl_date=1944.09.14&dl_size=6.66 MB
Suspense,https://radioechoes.com/?page=series&genre=OTR-Drama&series=Suspense,The Bluebeard Of Bellac,1944.09.21,https://radioechoes.com/?page=play_download&mode=play&dl_mp3folder=S&dl_file=suspense_1944-09-21_the_bluebeard_of_bellac.mp3&dl_series=Suspense&dl_title=The Bluebeard Of Bellac&dl_date=1944.09.21&dl_size=6.75 MB
Suspense,https://radioechoes.com/?page=series&genre=OTR-Drama&series=Suspense,The Man Who Couldn't Lose,1944.09.28,https://radioechoes.com/?page=play_download&mode=play&dl_mp3folder=S&dl_file=suspense_1944-09-28_the_man_who_couldnt_lose.mp3&dl_series=Suspense&dl_title=The Man Who Couldn't Lose&dl_date=1944.09.28&dl_size=6.39 MB
Suspense,https://radioechoes.com/?page=series&genre=OTR-Drama&series=Suspense,Dateline Lisbon,1944.10.05,https://radioechoes.com/?page=play_download&mode=play&dl_mp3folder=S&dl_file=suspense_1944-10-05_dateline_lisbon.mp3&dl_series=Suspense&dl_title=Dateline Lisbon&dl_date=1944.10.05&dl_size=6.8 MB
Suspense,https://radioechoes.com/?page=series&genre=OTR-Drama&series=Suspense,The Merry Widower,1944.10.12,https://radioechoes.com/?page=play_download&mode=play&dl_mp3folder=S&dl_file=suspense_1944-10-12_the_merry_widower.mp3&dl_series=Suspense&dl_title=The Merry Widower&dl_date=1944.10.12&dl_size=6.78 MB
Suspense,https://radioechoes.com/?page=series&genre=OTR-Drama&series=Suspense,Eve,1944.10.19,https://radioechoes.com/?page=play_download&mode=play&dl_mp3folder=S&dl_file=suspense_1944-10-19_eve.mp3&dl_series=Suspense&dl_title=Eve&dl_date=1944.10.19&dl_size=6.83 MB
Suspense,https://radioechoes.com/?page=series&genre=OTR-Drama&series=Suspense,The Night Man,1944.10.26,https://radioechoes.com/?page=play_download&mode=play&dl_mp3folder=S&dl_file=suspense_1944-10-26_the_night_man.mp3&dl_series=Suspense&dl_title=The Night Man&dl_date=1944.10.26&dl_size=6.41 MB
Suspense,https://radioechoes.com/?page=series&genre=OTR-Drama&series=Suspense,The Singing Walls,1944.11.02,https://radioechoes.com/?page=play_download&mode=play&dl_mp3folder=S&dl_file=suspense_1944-11-02_the_singing_walls.mp3&dl_series=Suspense&dl_title=The Singing Walls&dl_date=1944.11.02&dl_size=6.71 MB
Suspense,https://radioechoes.com/?page=series&genre=OTR-Drama&series=Suspense,You Were Wonderful,1944.11.09,https://radioechoes.com/?page=play_download&mode=play&dl_mp3folder=S&dl_file=suspense_1944-11-09_you_were_wonderful.mp3&dl_series=Suspense&dl_title=You Were Wonderful&dl_date=1944.11.09&dl_size=6.7 MB
Suspense,https://radioechoes.com/?page=series&genre=OTR-Drama&series=Suspense,Dead Of The Night,1944.11.16,https://radioechoes.com/?page=play_download&mode=play&dl_mp3folder=S&dl_file=suspense_1944-11-16_dead_of_the_night.mp3&dl_series=Suspense&dl_title=Dead Of The Night&dl_date=1944.11.16&dl_size=6.86 MB
Suspense,https://radioechoes.com/?page=series&genre=OTR-Drama&series=Suspense,Fountain Plays,1944.11.23,https://radioechoes.com/?page=play_download&mode=play&dl_mp3folder=S&dl_file=suspense_1944-11-23_fountain_plays.mp3&dl_series=Suspense&dl_title=Fountain Plays&dl_date=1944.11.23&dl_size=7 MB
Suspense,https://radioechoes.com/?page=series&genre=OTR-Drama&series=Suspense,The Black Curtain,1944.11.30,https://radioechoes.com/?page=play_download&mode=play&dl_mp3folder=S&dl_file=suspense_1944-11-30_the_black_curtain.mp3&dl_series=Suspense&dl_title=The Black Curtain&dl_date=1944.11.30&dl_size=6.6 MB
Suspense,https://radioechoes.com/?page=series&genre=OTR-Drama&series=Suspense,The Lodger,1944.12.14,https://radioechoes.com/?page=play_download&mode=play&dl_mp3folder=S&dl_file=suspense_1944-12-14_the_lodger.mp3&dl_series=Suspense&dl_title=The Lodger&dl_date=1944.12.14&dl_size=6.65 MB
Suspense,https://radioechoes.com/?page=series&genre=OTR-Drama&series=Suspense,The Brighton Strangler,1944.12.21,https://radioechoes.com/?page=play_download&mode=play&dl_mp3folder=S&dl_file=suspense_1944-12-21_the_brighton_strangler.mp3&dl_series=Suspense&dl_title=The Brighton Strangler&dl_date=1944.12.21&dl_size=6.75 MB
Suspense,https://radioechoes.com/?page=series&genre=OTR-Drama&series=Suspense,A Thing Of Beauty,1944.12.28,https://radioechoes.com/?page=play_download&mode=play&dl_mp3folder=S&dl_file=suspense_1944-12-28_a_thing_of_beauty.mp3&dl_series=Suspense&dl_title=A Thing Of Beauty&dl_date=1944.12.28&dl_size=6.72 MB
Suspense,https://radioechoes.com/?page=series&genre=OTR-Drama&series=Suspense,I Had An Alibi,1945.01.04,https://radioechoes.com/?page=play_download&mode=play&dl_mp3folder=S&dl_file=suspense_1945-01-04_i_had_an_alibi.mp3&dl_series=Suspense&dl_title=I Had An Alibi&dl_date=1945.01.04&dl_size=6.88 MB
Suspense,https://radioechoes.com/?page=series&genre=OTR-Drama&series=Suspense,Drive In,1945.01.11,https://radioechoes.com/?page=play_download&mode=play&dl_mp3folder=S&dl_file=suspense_1945-01-11_drive_in.mp3&dl_series=Suspense&dl_title=Drive In&dl_date=1945.01.11&dl_size=6.7 MB
Suspense,https://radioechoes.com/?page=series&genre=OTR-Drama&series=Suspense,To Find Help,1945.01.18,https://radioechoes.com/?page=play_download&mode=play&dl_mp3folder=S&dl_file=suspense_1945-01-18_to_find_help.mp3&dl_series=Suspense&dl_title=To Find Help&dl_date=1945.01.18&dl_size=6.65 MB
Suspense,https://radioechoes.com/?page=series&genre=OTR-Drama&series=Suspense,Drury's Bones,1945.01.25,https://radioechoes.com/?page=play_download&mode=play&dl_mp3folder=S&dl_file=suspense_1945-01-25_drurys_bones.mp3&dl_series=Suspense&dl_title=Drury's Bones&dl_date=1945.01.25&dl_size=6.68 MB
Suspense,https://radioechoes.com/?page=series&genre=OTR-Drama&series=Suspense,The Most Dangerous Game,1945.02.01,https://radioechoes.com/?page=play_download&mode=play&dl_mp3folder=S&dl_file=suspense_1945-02-01_the_most_dangerous_game.mp3&dl_series=Suspense&dl_title=The Most Dangerous Game&dl_date=1945.02.01&dl_size=6.66 MB
Suspense,https://radioechoes.com/?page=series&genre=OTR-Drama&series=Suspense,A Tale Of Two Sisters,1945.02.08,https://radioechoes.com/?page=play_download&mode=play&dl_mp3folder=S&dl_file=suspense_1945-02-08_a_tale_of_two_sisters.mp3&dl_series=Suspense&dl_title=A Tale Of Two Sisters&dl_date=1945.02.08&dl_size=6.63 MB
Suspense,https://radioechoes.com/?page=series&genre=OTR-Drama&series=Suspense,Sell Me Your Life,1945.02.15,https://radioechoes.com/?page=play_download&mode=play&dl_mp3folder=S&dl_file=suspense_1945-02-15_sell_me_your_life.mp3&dl_series=Suspense&dl_title=Sell Me Your Life&dl_date=1945.02.15&dl_size=6.08 MB
Suspense,https://radioechoes.com/?page=series&genre=OTR-Drama&series=Suspense,John Barbey And Son,1945.02.22,https://radioechoes.com/?page=play_download&mode=play&dl_mp3folder=S&dl_file=suspense_1945-02-22_john_barbey_and_son.mp3&dl_series=Suspense&dl_title=John Barbey And Son&dl_date=1945.02.22&dl_size=6.55 MB
Suspense,https://radioechoes.com/?page=series&genre=OTR-Drama&series=Suspense,My Wife Geraldine,1945.03.01,https://radioechoes.com/?page=play_download&mode=play&dl_mp3folder=S&dl_file=suspense_1945-03-01_my_wife_geraldine.mp3&dl_series=Suspense&dl_title=My Wife Geraldine&dl_date=1945.03.01&dl_size=6.3 MB
Suspense,https://radioechoes.com/?page=series&genre=OTR-Drama&series=Suspense,Loves Lovely Counterfeit,1945.03.08,https://radioechoes.com/?page=play_download&mode=play&dl_mp3folder=S&dl_file=suspense_1945-03-08_loves_lovely_counterfeit.mp3&dl_series=Suspense&dl_title=Loves Lovely Counterfeit&dl_date=1945.03.08&dl_size=7.09 MB
Suspense,https://radioechoes.com/?page=series&genre=OTR-Drama&series=Suspense,The Cricket,1945.03.15,https://radioechoes.com/?page=play_download&mode=play&dl_mp3folder=S&dl_file=suspense_1945-03-15_the_cricket.mp3&dl_series=Suspense&dl_title=The Cricket&dl_date=1945.03.15&dl_size=5.91 MB
Suspense,https://radioechoes.com/?page=series&genre=OTR-Drama&series=Suspense,Heart's Desire,1945.03.22,https://radioechoes.com/?page=play_download&mode=play&dl_mp3folder=S&dl_file=suspense_1945-03-22_hearts_desire.mp3&dl_series=Suspense&dl_title=Heart's Desire&dl_date=1945.03.22&dl_size=6.69 MB
Suspense,https://radioechoes.com/?page=series&genre=OTR-Drama&series=Suspense,Taming Of The Beast,1945.03.29,https://radioechoes.com/?page=play_download&mode=play&dl_mp3folder=S&dl_file=suspense_1945-03-29_taming_of_the_beast.mp3&dl_series=Suspense&dl_title=Taming Of The Beast&dl_date=1945.03.29&dl_size=6.87 MB
Suspense,https://radioechoes.com/?page=series&genre=OTR-Drama&series=Suspense,A Guy Gets Lonely,1945.04.05,https://radioechoes.com/?page=play_download&mode=play&dl_mp3folder=S&dl_file=suspense_1945-04-05_a_guy_gets_lonely.mp3&dl_series=Suspense&dl_title=A Guy Gets Lonely&dl_date=1945.04.05&dl_size=7.03 MB
Suspense,https://radioechoes.com/?page=series&genre=OTR-Drama&series=Suspense,Pearls Are A Nuisance,1945.04.19,https://radioechoes.com/?page=play_download&mode=play&dl_mp3folder=S&dl_file=suspense_1945-04-19_pearls_are_a_nuisance.mp3&dl_series=Suspense&dl_title=Pearls Are A Nuisance&dl_date=1945.04.19&dl_size=7.09 MB
Suspense,https://radioechoes.com/?page=series&genre=OTR-Drama&series=Suspense,Fear Paints A Picture,1945.05.03,https://radioechoes.com/?page=play_download&mode=play&dl_mp3folder=S&dl_file=suspense_1945-05-03_fear_paints_a_picture.mp3&dl_series=Suspense&dl_title=Fear Paints A Picture&dl_date=1945.05.03&dl_size=6.78 MB
Suspense,https://radioechoes.com/?page=series&genre=OTR-Drama&series=Suspense,Reprieve,1945.05.10,https://radioechoes.com/?page=play_download&mode=play&dl_mp3folder=S&dl_file=suspense_1945-05-10_reprieve.mp3&dl_series=Suspense&dl_title=Reprieve&dl_date=1945.05.10&dl_size=6.7 MB
Suspense,https://radioechoes.com/?page=series&genre=OTR-Drama&series=Suspense,Two Birds With One Stone,1945.05.17,https://radioechoes.com/?page=play_download&mode=play&dl_mp3folder=S&dl_file=suspense_1945-05-17_two_birds_with_one_stone.mp3&dl_series=Suspense&dl_title=Two Birds With One Stone&dl_date=1945.05.17&dl_size=5.21 MB
Suspense,https://radioechoes.com/?page=series&genre=OTR-Drama&series=Suspense,My Own Murderer,1945.05.24,https://radioechoes.com/?page=play_download&mode=play&dl_mp3folder=S&dl_file=suspense_1945-05-24_my_own_murderer.mp3&dl_series=Suspense&dl_title=My Own Murderer&dl_date=1945.05.24&dl_size=6.87 MB
Suspense,https://radioechoes.com/?page=series&genre=OTR-Drama&series=Suspense,August Heat,1945.05.31,https://radioechoes.com/?page=play_download&mode=play&dl_mp3folder=S&dl_file=suspense_1945-05-31_august_heat.mp3&dl_series=Suspense&dl_title=August Heat&dl_date=1945.05.31&dl_size=6.77 MB
Suspense,https://radioechoes.com/?page=series&genre=OTR-Drama&series=Suspense,Two Sharp Knives,1945.06.07,https://radioechoes.com/?page=play_download&mode=play&dl_mp3folder=S&dl_file=suspense_1945-06-07_two_sharp_knives.mp3&dl_series=Suspense&dl_title=Two Sharp Knives&dl_date=1945.06.07&dl_size=7.21 MB
Suspense,https://radioechoes.com/?page=series&genre=OTR-Drama&series=Suspense,The Burning Court,1945.06.14,https://radioechoes.com/?page=play_download&mode=play&dl_mp3folder=S&dl_file=suspense_1945-06-14_the_burning_court.mp3&dl_series=Suspense&dl_title=The Burning Court&dl_date=1945.06.14&dl_size=6.9 MB
Suspense,https://radioechoes.com/?page=series&genre=OTR-Drama&series=Suspense,Story Of Ivy,1945.06.21,https://radioechoes.com/?page=play_download&mode=play&dl_mp3folder=S&dl_file=suspense_1945-06-21_story_of_ivy.mp3&dl_series=Suspense&dl_title=Story Of Ivy&dl_date=1945.06.21&dl_size=6.77 MB
Suspense,https://radioechoes.com/?page=series&genre=OTR-Drama&series=Suspense,The Dealings Of Mr. Markham,1945.06.28,https://radioechoes.com/?page=play_download&mode=play&dl_mp3folder=S&dl_file=suspense_1945-06-28_the_dealings_of_mr_markham.mp3&dl_series=Suspense&dl_title=The Dealings Of Mr. Markham&dl_date=1945.06.28&dl_size=6.75 MB
Suspense,https://radioechoes.com/?page=series&genre=OTR-Drama&series=Suspense,Last Detail,1945.07.05,https://radioechoes.com/?page=play_download&mode=play&dl_mp3folder=S&dl_file=suspense_1945-07-05_last_detail.mp3&dl_series=Suspense&dl_title=Last Detail&dl_date=1945.07.05&dl_size=6.9 MB
Suspense,https://radioechoes.com/?page=series&genre=OTR-Drama&series=Suspense,Footfalls,1945.07.12,https://radioechoes.com/?page=play_download&mode=play&dl_mp3folder=S&dl_file=suspense_1945-07-12_footfalls.mp3&dl_series=Suspense&dl_title=Footfalls&dl_date=1945.07.12&dl_size=6.23 MB
Suspense,https://radioechoes.com/?page=series&genre=OTR-Drama&series=Suspense,Bank Holiday,1945.07.19,https://radioechoes.com/?page=play_download&mode=play&dl_mp3folder=S&dl_file=suspense_1945-07-19_bank_holiday.mp3&dl_series=Suspense&dl_title=Bank Holiday&dl_date=1945.07.19&dl_size=6.66 MB
Suspense,https://radioechoes.com/?page=series&genre=OTR-Drama&series=Suspense,The Man In The House,1945.08.02,https://radioechoes.com/?page=play_download&mode=play&dl_mp3folder=S&dl_file=suspense_1945-08-02_the_man_in_the_house.mp3&dl_series=Suspense&dl_title=The Man In The House&dl_date=1945.08.02&dl_size=6.65 MB
Suspense,https://radioechoes.com/?page=series&genre=OTR-Drama&series=Suspense,Murder For Myra,1945.08.09,https://radioechoes.com/?page=play_download&mode=play&dl_mp3folder=S&dl_file=suspense_1945-08-09_murder_for_myra.mp3&dl_series=Suspense&dl_title=Murder For Myra&dl_date=1945.08.09&dl_size=6.48 MB
Suspense,https://radioechoes.com/?page=series&genre=OTR-Drama&series=Suspense,Short Order,1945.08.16,https://radioechoes.com/?page=play_download&mode=play&dl_mp3folder=S&dl_file=suspense_1945-08-16_short_order.mp3&dl_series=Suspense&dl_title=Short Order&dl_date=1945.08.16&dl_size=6.94 MB
Suspense,https://radioechoes.com/?page=series&genre=OTR-Drama&series=Suspense,This Will Kill You,1945.08.23,https://radioechoes.com/?page=play_download&mode=play&dl_mp3folder=S&dl_file=suspense_1945-08-23_this_will_kill_you.mp3&dl_series=Suspense&dl_title=This Will Kill You&dl_date=1945.08.23&dl_size=6.91 MB
Suspense,https://radioechoes.com/?page=series&genre=OTR-Drama&series=Suspense,Nobody Loves Me,1945.08.30,https://radioechoes.com/?page=play_download&mode=play&dl_mp3folder=S&dl_file=suspense_1945-08-30_nobody_loves_me.mp3&dl_series=Suspense&dl_title=Nobody Loves Me&dl_date=1945.08.30&dl_size=6.94 MB
Suspense,https://radioechoes.com/?page=series&genre=OTR-Drama&series=Suspense,Sorry Wrong Number,1945.09.06,https://radioechoes.com/?page=play_download&mode=play&dl_mp3folder=S&dl_file=suspense_1945-09-06_sorry_wrong_number.mp3&dl_series=Suspense&dl_title=Sorry Wrong Number&dl_date=1945.09.06&dl_size=7.31 MB
Suspense,https://radioechoes.com/?page=series&genre=OTR-Drama&series=Suspense,Furnished Floor,1945.09.13,https://radioechoes.com/?page=play_download&mode=play&dl_mp3folder=S&dl_file=suspense_1945-09-13_furnished_floor.mp3&dl_series=Suspense&dl_title=Furnished Floor&dl_date=1945.09.13&dl_size=6.84 MB
Suspense,https://radioechoes.com/?page=series&genre=OTR-Drama&series=Suspense,Library Book,1945.09.20,https://radioechoes.com/?page=play_download&mode=play&dl_mp3folder=S&dl_file=suspense_1945-09-20_library_book.mp3&dl_series=Suspense&dl_title=Library Book&dl_date=1945.09.20&dl_size=6.68 MB
Suspense,https://radioechoes.com/?page=series&genre=OTR-Drama&series=Suspense,Library Book,1945.09.20,https://radioechoes.com/?page=play_download&mode=play&dl_mp3folder=S&dl_file=suspense_1945-09-20_library_book.mp3&dl_series=Suspense&dl_title=Library Book&dl_date=1945.09.20&dl_size=7.03 MB
Suspense,https://radioechoes.com/?page=series&genre=OTR-Drama&series=Suspense,The Earth Is Made Of Glass,1945.09.27,https://radioechoes.com/?page=play_download&mode=play&dl_mp3folder=S&dl_file=suspense_1945-09-27_the_earth_is_made_of_glass.mp3&dl_series=Suspense&dl_title=The Earth Is Made Of Glass&dl_date=1945.09.27&dl_size=6.09 MB
Suspense,https://radioechoes.com/?page=series&genre=OTR-Drama&series=Suspense,Death On Highway 99,1945.10.04,https://radioechoes.com/?page=play_download&mode=play&dl_mp3folder=S&dl_file=suspense_1945-10-04_death_on_highway_99.mp3&dl_series=Suspense&dl_title=Death On Highway 99&dl_date=1945.10.04&dl_size=5.75 MB
Suspense,https://radioechoes.com/?page=series&genre=OTR-Drama&series=Suspense,Beyond Good And Evil,1945.10.11,https://radioechoes.com/?page=play_download&mode=play&dl_mp3folder=S&dl_file=suspense_1945-10-11_beyond_good_and_evil.mp3&dl_series=Suspense&dl_title=Beyond Good And Evil&dl_date=1945.10.11&dl_size=6.73 MB
Suspense,https://radioechoes.com/?page=series&genre=OTR-Drama&series=Suspense,Summer Storm,1945.10.18,https://radioechoes.com/?page=play_download&mode=play&dl_mp3folder=S&dl_file=suspense_1945-10-18_summer_storm.mp3&dl_series=Suspense&dl_title=Summer Storm&dl_date=1945.10.18&dl_size=5.91 MB
Suspense,https://radioechoes.com/?page=series&genre=OTR-Drama&series=Suspense,A Shroud For Sara,1945.10.25,https://radioechoes.com/?page=play_download&mode=play&dl_mp3folder=S&dl_file=suspense_1945-10-25_a_shroud_for_sara.mp3&dl_series=Suspense&dl_title=A Shroud For Sara&dl_date=1945.10.25&dl_size=6.73 MB
Suspense,https://radioechoes.com/?page=series&genre=OTR-Drama&series=Suspense,The Dunwich Horror,1945.11.01,https://radioechoes.com/?page=play_download&mode=play&dl_mp3folder=S&dl_file=suspense_1945-11-01_the_dunwich_horror.mp3&dl_series=Suspense&dl_title=The Dunwich Horror&dl_date=1945.11.01&dl_size=10.85 MB
Suspense,https://radioechoes.com/?page=series&genre=OTR-Drama&series=Suspense,The Bet,1945.11.08,https://radioechoes.com/?page=play_download&mode=play&dl_mp3folder=S&dl_file=suspense_1945-11-08_the_bet.mp3&dl_series=Suspense&dl_title=The Bet&dl_date=1945.11.08&dl_size=6.35 MB
Suspense,https://radioechoes.com/?page=series&genre=OTR-Drama&series=Suspense,Murder Off Key,1945.11.15,https://radioechoes.com/?page=play_download&mode=play&dl_mp3folder=S&dl_file=suspense_1945-11-15_murder_off_key.mp3&dl_series=Suspense&dl_title=Murder Off Key&dl_date=1945.11.15&dl_size=6.8 MB
Suspense,https://radioechoes.com/?page=series&genre=OTR-Drama&series=Suspense,19 Deacon Street,1945.11.22,https://radioechoes.com/?page=play_download&mode=play&dl_mp3folder=S&dl_file=suspense_1945-11-22_19_deacon_street.mp3&dl_series=Suspense&dl_title=19 Deacon Street&dl_date=1945.11.22&dl_size=6.82 MB
Suspense,https://radioechoes.com/?page=series&genre=OTR-Drama&series=Suspense,A Week Ago Wednesday,1945.11.29,https://radioechoes.com/?page=play_download&mode=play&dl_mp3folder=S&dl_file=suspense_1945-11-29_a_week_ago_wednesday.mp3&dl_series=Suspense&dl_title=A Week Ago Wednesday&dl_date=1945.11.29&dl_size=6.69 MB
Suspense,https://radioechoes.com/?page=series&genre=OTR-Drama&series=Suspense,I Won't Take A Minute,1945.12.06,https://radioechoes.com/?page=play_download&mode=play&dl_mp3folder=S&dl_file=suspense_1945-12-06_i_wont_take_a_minute.mp3&dl_series=Suspense&dl_title=I Won't Take A Minute&dl_date=1945.12.06&dl_size=6.75 MB
Suspense,https://radioechoes.com/?page=series&genre=OTR-Drama&series=Suspense,The Argyle Album,1945.12.13,https://radioechoes.com/?page=play_download&mode=play&dl_mp3folder=S&dl_file=suspense_1945-12-13_the_argyle_album.mp3&dl_series=Suspense&dl_title=The Argyle Album&dl_date=1945.12.13&dl_size=7.21 MB
Suspense,https://radioechoes.com/?page=series&genre=OTR-Drama&series=Suspense,Double Entry,1945.12.20,https://radioechoes.com/?page=play_download&mode=play&dl_mp3folder=S&dl_file=suspense_1945-12-20_double_entry.mp3&dl_series=Suspense&dl_title=Double Entry&dl_date=1945.12.20&dl_size=6.87 MB
Suspense,https://radioechoes.com/?page=series&genre=OTR-Drama&series=Suspense,Pink Camellias,1945.12.27,https://radioechoes.com/?page=play_download&mode=play&dl_mp3folder=S&dl_file=suspense_1945-12-27_pink_camellias.mp3&dl_series=Suspense&dl_title=Pink Camellias&dl_date=1945.12.27&dl_size=6.79 MB
Suspense,https://radioechoes.com/?page=series&genre=OTR-Drama&series=Suspense,Angel Of Death,1946.01.03,https://radioechoes.com/?page=play_download&mode=play&dl_mp3folder=S&dl_file=suspense_1946-01-03_angel_of_death.mp3&dl_series=Suspense&dl_title=Angel Of Death&dl_date=1946.01.03&dl_size=6.76 MB
Suspense,https://radioechoes.com/?page=series&genre=OTR-Drama&series=Suspense,The Pasteboard Box,1946.01.17,https://radioechoes.com/?page=play_download&mode=play&dl_mp3folder=S&dl_file=suspense_1946-01-17_the_pasteboard_box.mp3&dl_series=Suspense&dl_title=The Pasteboard Box&dl_date=1946.01.17&dl_size=6.84 MB
Suspense,https://radioechoes.com/?page=series&genre=OTR-Drama&series=Suspense,My Dear Niece,1946.01.24,https://radioechoes.com/?page=play_download&mode=play&dl_mp3folder=S&dl_file=suspense_1946-01-24_my_dear_niece.mp3&dl_series=Suspense&dl_title=My Dear Niece&dl_date=1946.01.24&dl_size=5.51 MB
Suspense,https://radioechoes.com/?page=series&genre=OTR-Drama&series=Suspense,The Long Shot,1946.01.31,https://radioechoes.com/?page=play_download&mode=play&dl_mp3folder=S&dl_file=suspense_1946-01-31_the_long_shot.mp3&dl_series=Suspense&dl_title=The Long Shot&dl_date=1946.01.31&dl_size=5.76 MB
Suspense,https://radioechoes.com/?page=series&genre=OTR-Drama&series=Suspense,The Lucky Lady East Coast,1946.02.14,https://radioechoes.com/?page=play_download&mode=play&dl_mp3folder=S&dl_file=suspense_1946-02-14_the_lucky_lady_east_coast.mp3&dl_series=Suspense&dl_title=The Lucky Lady East Coast&dl_date=1946.02.14&dl_size=6.56 MB
Suspense,https://radioechoes.com/?page=series&genre=OTR-Drama&series=Suspense,The Lucky Lady West Coast,1946.02.14,https://radioechoes.com/?page=play_download&mode=play&dl_mp3folder=S&dl_file=suspense_1946-02-14_the_lucky_lady_west_coast.mp3&dl_series=Suspense&dl_title=The Lucky Lady West Coast&dl_date=1946.02.14&dl_size=6.67 MB
Suspense,https://radioechoes.com/?page=series&genre=OTR-Drama&series=Suspense,Consequence,1946.02.21,https://radioechoes.com/?page=play_download&mode=play&dl_mp3folder=S&dl_file=suspense_1946-02-21_consequence.mp3&dl_series=Suspense&dl_title=Consequence&dl_date=1946.02.21&dl_size=7.05 MB
Suspense,https://radioechoes.com/?page=series&genre=OTR-Drama&series=Suspense,Black Path Of Fear,1946.03.07,https://radioechoes.com/?page=play_download&mode=play&dl_mp3folder=S&dl_file=suspense_1946-03-07_black_path_of_fear.mp3&dl_series=Suspense&dl_title=Black Path Of Fear&dl_date=1946.03.07&dl_size=5.9 MB
Suspense,https://radioechoes.com/?page=series&genre=OTR-Drama&series=Suspense,No More Alice,1946.03.14,https://radioechoes.com/?page=play_download&mode=play&dl_mp3folder=S&dl_file=suspense_1946-03-14_no_more_alice.mp3&dl_series=Suspense&dl_title=No More Alice&dl_date=1946.03.14&dl_size=6.93 MB
Suspense,https://radioechoes.com/?page=series&genre=OTR-Drama&series=Suspense,Lonely Road,1946.03.21,https://radioechoes.com/?page=play_download&mode=play&dl_mp3folder=S&dl_file=suspense_1946-03-21_lonely_road.mp3&dl_series=Suspense&dl_title=Lonely Road&dl_date=1946.03.21&dl_size=6.83 MB
Suspense,https://radioechoes.com/?page=series&genre=OTR-Drama&series=Suspense,Out Of Control,1946.03.28,https://radioechoes.com/?page=play_download&mode=play&dl_mp3folder=S&dl_file=suspense_1946-03-28_out_of_control.mp3&dl_series=Suspense&dl_title=Out Of Control&dl_date=1946.03.28&dl_size=6.88 MB
Suspense,https://radioechoes.com/?page=series&genre=OTR-Drama&series=Suspense,Post Mortem,1946.04.04,https://radioechoes.com/?page=play_download&mode=play&dl_mp3folder=S&dl_file=suspense_1946-04-04_post_mortem.mp3&dl_series=Suspense&dl_title=Post Mortem&dl_date=1946.04.04&dl_size=6.25 MB
Suspense,https://radioechoes.com/?page=series&genre=OTR-Drama&series=Suspense,The Name Of The Beast,1946.04.11,https://radioechoes.com/?page=play_download&mode=play&dl_mp3folder=S&dl_file=suspense_1946-04-11_the_name_of_the_beast.mp3&dl_series=Suspense&dl_title=The Name Of The Beast&dl_date=1946.04.11&dl_size=6.61 MB
Suspense,https://radioechoes.com/?page=series&genre=OTR-Drama&series=Suspense,The Night Reveals,1946.04.18,https://radioechoes.com/?page=play_download&mode=play&dl_mp3folder=S&dl_file=suspense_1946-04-18_the_night_reveals.mp3&dl_series=Suspense&dl_title=The Night Reveals&dl_date=1946.04.18&dl_size=6.83 MB
Suspense,https://radioechoes.com/?page=series&genre=OTR-Drama&series=Suspense,Dark Journey,1946.04.25,https://radioechoes.com/?page=play_download&mode=play&dl_mp3folder=S&dl_file=suspense_1946-04-25_dark_journey.mp3&dl_series=Suspense&dl_title=Dark Journey&dl_date=1946.04.25&dl_size=6.98 MB
Suspense,https://radioechoes.com/?page=series&genre=OTR-Drama&series=Suspense,Crime Without Passion,1946.05.02,https://radioechoes.com/?page=play_download&mode=play&dl_mp3folder=S&dl_file=suspense_1946-05-02_crime_without_passion.mp3&dl_series=Suspense&dl_title=Crime Without Passion&dl_date=1946.05.02&dl_size=6.58 MB
Suspense,https://radioechoes.com/?page=series&genre=OTR-Drama&series=Suspense,The Clock And The Rope AFRS,1946.05.09,https://radioechoes.com/?page=play_download&mode=play&dl_mp3folder=S&dl_file=suspense_1946-05-09_the_clock_and_the_rope_afrs.mp3&dl_series=Suspense&dl_title=The Clock And The Rope AFRS&dl_date=1946.05.09&dl_size=5.78 MB
Suspense,https://radioechoes.com/?page=series&genre=OTR-Drama&series=Suspense,The Plan,1946.05.16,https://radioechoes.com/?page=play_download&mode=play&dl_mp3folder=S&dl_file=suspense_1946-05-16_the_plan.mp3&dl_series=Suspense&dl_title=The Plan&dl_date=1946.05.16&dl_size=6.77 MB
Suspense,https://radioechoes.com/?page=series&genre=OTR-Drama&series=Suspense,Spoils For Victor,1946.05.23,https://radioechoes.com/?page=play_download&mode=play&dl_mp3folder=S&dl_file=suspense_1946-05-23_spoils_for_victor.mp3&dl_series=Suspense&dl_title=Spoils For Victor&dl_date=1946.05.23&dl_size=5.87 MB
Suspense,https://radioechoes.com/?page=series&genre=OTR-Drama&series=Suspense,Leading Citizen Of Pratt County,1946.05.30,https://radioechoes.com/?page=play_download&mode=play&dl_mp3folder=S&dl_file=suspense_1946-05-30_leading_citizen_of_pratt_county.mp3&dl_series=Suspense&dl_title=Leading Citizen Of Pratt County&dl_date=1946.05.30&dl_size=6.75 MB
Suspense,https://radioechoes.com/?page=series&genre=OTR-Drama&series=Suspense,High Wall,1946.06.06,https://radioechoes.com/?page=play_download&mode=play&dl_mp3folder=S&dl_file=suspense_1946-06-06_high_wall.mp3&dl_series=Suspense&dl_title=High Wall&dl_date=1946.06.06&dl_size=6.14 MB
Suspense,https://radioechoes.com/?page=series&genre=OTR-Drama&series=Suspense,Too Many Smiths,1946.06.13,https://radioechoes.com/?page=play_download&mode=play&dl_mp3folder=S&dl_file=suspense_1946-06-13_too_many_smiths.mp3&dl_series=Suspense&dl_title=Too Many Smiths&dl_date=1946.06.13&dl_size=6.82 MB
Suspense,https://radioechoes.com/?page=series&genre=OTR-Drama&series=Suspense,Your Devoted Wife,1946.06.20,https://radioechoes.com/?page=play_download&mode=play&dl_mp3folder=S&dl_file=suspense_1946-06-20_your_devoted_wife.mp3&dl_series=Suspense&dl_title=Your Devoted Wife&dl_date=1946.06.20&dl_size=6.53 MB
Suspense,https://radioechoes.com/?page=series&genre=OTR-Drama&series=Suspense,Return Trip,1946.06.27,https://radioechoes.com/?page=play_download&mode=play&dl_mp3folder=S&dl_file=suspense_1946-06-27_return_trip.mp3&dl_series=Suspense&dl_title=Return Trip&dl_date=1946.06.27&dl_size=6.81 MB
Suspense,https://radioechoes.com/?page=series&genre=OTR-Drama&series=Suspense,An Evening Diversion,1946.07.04,https://radioechoes.com/?page=play_download&mode=play&dl_mp3folder=S&dl_file=suspense_1946-07-04_an_evening_diversion.mp3&dl_series=Suspense&dl_title=An Evening Diversion&dl_date=1946.07.04&dl_size=6.77 MB
Suspense,https://radioechoes.com/?page=series&genre=OTR-Drama&series=Suspense,Feast Of The Furies,1946.07.11,https://radioechoes.com/?page=play_download&mode=play&dl_mp3folder=S&dl_file=suspense_1946-07-11_feast_of_the_furies.mp3&dl_series=Suspense&dl_title=Feast Of The Furies&dl_date=1946.07.11&dl_size=6.93 MB
Suspense,https://radioechoes.com/?page=series&genre=OTR-Drama&series=Suspense,Photo Finish,1946.07.18,https://radioechoes.com/?page=play_download&mode=play&dl_mp3folder=S&dl_file=suspense_1946-07-18_photo_finish.mp3&dl_series=Suspense&dl_title=Photo Finish&dl_date=1946.07.18&dl_size=6.64 MB
Suspense,https://radioechoes.com/?page=series&genre=OTR-Drama&series=Suspense,Cant We Be Friends,1946.07.25,https://radioechoes.com/?page=play_download&mode=play&dl_mp3folder=S&dl_file=suspense_1946-07-25_cant_we_be_friends.mp3&dl_series=Suspense&dl_title=Cant We Be Friends&dl_date=1946.07.25&dl_size=6.52 MB
Suspense,https://radioechoes.com/?page=series&genre=OTR-Drama&series=Suspense,Commuter Ticket,1946.08.01,https://radioechoes.com/?page=play_download&mode=play&dl_mp3folder=S&dl_file=suspense_1946-08-01_commuter_ticket.mp3&dl_series=Suspense&dl_title=Commuter Ticket&dl_date=1946.08.01&dl_size=5.62 MB
Suspense,https://radioechoes.com/?page=series&genre=OTR-Drama&series=Suspense,Dead Ernest,1946.08.08,https://radioechoes.com/?page=play_download&mode=play&dl_mp3folder=S&dl_file=suspense_1946-08-08_dead_ernest.mp3&dl_series=Suspense&dl_title=Dead Ernest&dl_date=1946.08.08&dl_size=6.5 MB
Suspense,https://radioechoes.com/?page=series&genre=OTR-Drama&series=Suspense,Last Letter Of Dr. Bronson,1946.08.15,https://radioechoes.com/?page=play_download&mode=play&dl_mp3folder=S&dl_file=suspense_1946-08-15_last_letter_of_dr_bronson.mp3&dl_series=Suspense&dl_title=Last Letter Of Dr. Bronson&dl_date=1946.08.15&dl_size=5.6 MB
Suspense,https://radioechoes.com/?page=series&genre=OTR-Drama&series=Suspense,Great Horrell,1946.08.22,https://radioechoes.com/?page=play_download&mode=play&dl_mp3folder=S&dl_file=suspense_1946-08-22_great_horrell.mp3&dl_series=Suspense&dl_title=Great Horrell&dl_date=1946.08.22&dl_size=7.12 MB
Suspense,https://radioechoes.com/?page=series&genre=OTR-Drama&series=Suspense,Blue Eyes,1946.08.29,https://radioechoes.com/?page=play_download&mode=play&dl_mp3folder=S&dl_file=suspense_1946-08-29_blue_eyes.mp3&dl_series=Suspense&dl_title=Blue Eyes&dl_date=1946.08.29&dl_size=6.75 MB
Suspense,https://radioechoes.com/?page=series&genre=OTR-Drama&series=Suspense,You'll Never See Me Again,1946.09.05,https://radioechoes.com/?page=play_download&mode=play&dl_mp3folder=S&dl_file=suspense_1946-09-05_youll_never_see_me_again.mp3&dl_series=Suspense&dl_title=You'll Never See Me Again&dl_date=1946.09.05&dl_size=6.6 MB
Suspense,https://radioechoes.com/?page=series&genre=OTR-Drama&series=Suspense,Hunting Trip,1946.09.12,https://radioechoes.com/?page=play_download&mode=play&dl_mp3folder=S&dl_file=suspense_1946-09-12_hunting_trip.mp3&dl_series=Suspense&dl_title=Hunting Trip&dl_date=1946.09.12&dl_size=5.25 MB
Suspense,https://radioechoes.com/?page=series&genre=OTR-Drama&series=Suspense,Till The Day I Die,1946.09.19,https://radioechoes.com/?page=play_download&mode=play&dl_mp3folder=S&dl_file=suspense_1946-09-19_till_the_day_i_die.mp3&dl_series=Suspense&dl_title=Till The Day I Die&dl_date=1946.09.19&dl_size=6.81 MB
Suspense,https://radioechoes.com/?page=series&genre=OTR-Drama&series=Suspense,Statement Of Employee Henry Wilson,1946.09.26,https://radioechoes.com/?page=play_download&mode=play&dl_mp3folder=S&dl_file=suspense_1946-09-26_statement_of_employee_henry_wilson.mp3&dl_series=Suspense&dl_title=Statement Of Employee Henry Wilson&dl_date=1946.09.26&dl_size=6.85 MB
Suspense,https://radioechoes.com/?page=series&genre=OTR-Drama&series=Suspense,Three Times Murder,1946.10.03,https://radioechoes.com/?page=play_download&mode=play&dl_mp3folder=S&dl_file=suspense_1946-10-03_three_times_murder.mp3&dl_series=Suspense&dl_title=Three Times Murder&dl_date=1946.10.03&dl_size=6.83 MB
Suspense,https://radioechoes.com/?page=series&genre=OTR-Drama&series=Suspense,A Plain Case Of Murder,1946.10.10,https://radioechoes.com/?page=play_download&mode=play&dl_mp3folder=S&dl_file=suspense_1946-10-10_a_plain_case_of_murder.mp3&dl_series=Suspense&dl_title=A Plain Case Of Murder&dl_date=1946.10.10&dl_size=6.35 MB
Suspense,https://radioechoes.com/?page=series&genre=OTR-Drama&series=Suspense,Man Who Thought He Was E. G. Robinson,1946.10.17,https://radioechoes.com/?page=play_download&mode=play&dl_mp3folder=S&dl_file=suspense_1946-10-17_man_who_thought_he_was_e_g_robinson.mp3&dl_series=Suspense&dl_title=Man Who Thought He Was E. G. Robinson&dl_date=1946.10.17&dl_size=7.38 MB
Suspense,https://radioechoes.com/?page=series&genre=OTR-Drama&series=Suspense,Dame Fortune,1946.10.24,https://radioechoes.com/?page=play_download&mode=play&dl_mp3folder=S&dl_file=suspense_1946-10-24_dame_fortune.mp3&dl_series=Suspense&dl_title=Dame Fortune&dl_date=1946.10.24&dl_size=6.79 MB
Suspense,https://radioechoes.com/?page=series&genre=OTR-Drama&series=Suspense,Lazarus Walks,1946.10.31,https://radioechoes.com/?page=play_download&mode=play&dl_mp3folder=S&dl_file=suspense_1946-10-31_lazarus_walks.mp3&dl_series=Suspense&dl_title=Lazarus Walks&dl_date=1946.10.31&dl_size=6.6 MB
Suspense,https://radioechoes.com/?page=series&genre=OTR-Drama&series=Suspense,Easy Money,1946.11.07,https://radioechoes.com/?page=play_download&mode=play&dl_mp3folder=S&dl_file=suspense_1946-11-07_easy_money.mp3&dl_series=Suspense&dl_title=Easy Money&dl_date=1946.11.07&dl_size=6.85 MB
Suspense,https://radioechoes.com/?page=series&genre=OTR-Drama&series=Suspense,The One Who Got Away,1946.11.14,https://radioechoes.com/?page=play_download&mode=play&dl_mp3folder=S&dl_file=suspense_1946-11-14_the_one_who_got_away.mp3&dl_series=Suspense&dl_title=The One Who Got Away&dl_date=1946.11.14&dl_size=6.57 MB
Suspense,https://radioechoes.com/?page=series&genre=OTR-Drama&series=Suspense,Drive In - Judy Garland,1946.11.21,https://radioechoes.com/?page=play_download&mode=play&dl_mp3folder=S&dl_file=suspense_1946-11-21_drive_in_-_judy_garland.mp3&dl_series=Suspense&dl_title=Drive In - Judy Garland&dl_date=1946.11.21&dl_size=27.44 MB
Suspense,https://radioechoes.com/?page=series&genre=OTR-Drama&series=Suspense,The Strange Death Of Gordon Fitzroy,1946.11.28,https://radioechoes.com/?page=play_download&mode=play&dl_mp3folder=S&dl_file=suspense_1946-11-28_the_strange_death_of_gordon_fitzroy.mp3&dl_series=Suspense&dl_title=The Strange Death Of Gordon Fitzroy&dl_date=1946.11.28&dl_size=5.51 MB
Suspense,https://radioechoes.com/?page=series&genre=OTR-Drama&series=Suspense,The House In Cypress Canyon,1946.12.05,https://radioechoes.com/?page=play_download&mode=play&dl_mp3folder=S&dl_file=suspense_1946-12-05_the_house_in_cypress_canyon.mp3&dl_series=Suspense&dl_title=The House In Cypress Canyon&dl_date=1946.12.05&dl_size=6.12 MB
Suspense,https://radioechoes.com/?page=series&genre=OTR-Drama&series=Suspense,They Call Me Patrice,1946.12.12,https://radioechoes.com/?page=play_download&mode=play&dl_mp3folder=S&dl_file=suspense_1946-12-12_they_call_me_patrice.mp3&dl_series=Suspense&dl_title=They Call Me Patrice&dl_date=1946.12.12&dl_size=6.12 MB
Suspense,https://radioechoes.com/?page=series&genre=OTR-Drama&series=Suspense,The Thing In The Window,1946.12.19,https://radioechoes.com/?page=play_download&mode=play&dl_mp3folder=S&dl_file=suspense_1946-12-19_the_thing_in_the_window.mp3&dl_series=Suspense&dl_title=The Thing In The Window&dl_date=1946.12.19&dl_size=6.18 MB
Suspense,https://radioechoes.com/?page=series&genre=OTR-Drama&series=Suspense,Philomel Cottage,1946.12.26,https://radioechoes.com/?page=play_download&mode=play&dl_mp3folder=S&dl_file=suspense_1946-12-26_philomel_cottage.mp3&dl_series=Suspense&dl_title=Philomel Cottage&dl_date=1946.12.26&dl_size=6.31 MB
Suspense,https://radioechoes.com/?page=series&genre=OTR-Drama&series=Suspense,Tree Of Life,1947.01.02,https://radioechoes.com/?page=play_download&mode=play&dl_mp3folder=S&dl_file=suspense_1947-01-02_tree_of_life.mp3&dl_series=Suspense&dl_title=Tree Of Life&dl_date=1947.01.02&dl_size=6.6 MB
Suspense,https://radioechoes.com/?page=series&genre=OTR-Drama&series=Suspense,Will To Power,1947.01.09,https://radioechoes.com/?page=play_download&mode=play&dl_mp3folder=S&dl_file=suspense_1947-01-09_will_to_power.mp3&dl_series=Suspense&dl_title=Will To Power&dl_date=1947.01.09&dl_size=6.96 MB
Suspense,https://radioechoes.com/?page=series&genre=OTR-Drama&series=Suspense,Overture In Two Keys,1947.01.16,https://radioechoes.com/?page=play_download&mode=play&dl_mp3folder=S&dl_file=suspense_1947-01-16_overture_in_two_keys.mp3&dl_series=Suspense&dl_title=Overture In Two Keys&dl_date=1947.01.16&dl_size=6.77 MB
Suspense,https://radioechoes.com/?page=series&genre=OTR-Drama&series=Suspense,One Way Street,1947.01.23,https://radioechoes.com/?page=play_download&mode=play&dl_mp3folder=S&dl_file=suspense_1947-01-23_one_way_street.mp3&dl_series=Suspense&dl_title=One Way Street&dl_date=1947.01.23&dl_size=6.79 MB
Suspense,https://radioechoes.com/?page=series&genre=OTR-Drama&series=Suspense,Three Blind Mice,1947.01.30,https://radioechoes.com/?page=play_download&mode=play&dl_mp3folder=S&dl_file=suspense_1947-01-30_three_blind_mice.mp3&dl_series=Suspense&dl_title=Three Blind Mice&dl_date=1947.01.30&dl_size=6.89 MB
Suspense,https://radioechoes.com/?page=series&genre=OTR-Drama&series=Suspense,End Of The Road,1947.02.06,https://radioechoes.com/?page=play_download&mode=play&dl_mp3folder=S&dl_file=suspense_1947-02-06_end_of_the_road.mp3&dl_series=Suspense&dl_title=End Of The Road&dl_date=1947.02.06&dl_size=6.65 MB
Suspense,https://radioechoes.com/?page=series&genre=OTR-Drama&series=Suspense,The 13th Sound,1947.02.13,https://radioechoes.com/?page=play_download&mode=play&dl_mp3folder=S&dl_file=suspense_1947-02-13_the_13th_sound.mp3&dl_series=Suspense&dl_title=The 13th Sound&dl_date=1947.02.13&dl_size=6.81 MB
Suspense,https://radioechoes.com/?page=series&genre=OTR-Drama&series=Suspense,Always Room At The Top,1947.02.20,https://radioechoes.com/?page=play_download&mode=play&dl_mp3folder=S&dl_file=suspense_1947-02-20_always_room_at_the_top.mp3&dl_series=Suspense&dl_title=Always Room At The Top&dl_date=1947.02.20&dl_size=6.77 MB
Suspense,https://radioechoes.com/?page=series&genre=OTR-Drama&series=Suspense,Three Faces For Midnight,1947.02.27,https://radioechoes.com/?page=play_download&mode=play&dl_mp3folder=S&dl_file=suspense_1947-02-27_three_faces_for_midnight.mp3&dl_series=Suspense&dl_title=Three Faces For Midnight&dl_date=1947.02.27&dl_size=6.71 MB
Suspense,https://radioechoes.com/?page=series&genre=OTR-Drama&series=Suspense,Elwood,1947.03.06,https://radioechoes.com/?page=play_download&mode=play&dl_mp3folder=S&dl_file=suspense_1947-03-06_elwood.mp3&dl_series=Suspense&dl_title=Elwood&dl_date=1947.03.06&dl_size=6.89 MB
Suspense,https://radioechoes.com/?page=series&genre=OTR-Drama&series=Suspense,You Take Ballistics,1947.03.13,https://radioechoes.com/?page=play_download&mode=play&dl_mp3folder=S&dl_file=suspense_1947-03-13_you_take_ballistics.mp3&dl_series=Suspense&dl_title=You Take Ballistics&dl_date=1947.03.13&dl_size=5.76 MB
Suspense,https://radioechoes.com/?page=series&genre=OTR-Drama&series=Suspense,Swift Rise Of Eddie Albright,1947.04.03,https://radioechoes.com/?page=play_download&mode=play&dl_mp3folder=S&dl_file=suspense_1947-04-03_swift_rise_of_eddie_albright.mp3&dl_series=Suspense&dl_title=Swift Rise Of Eddie Albright&dl_date=1947.04.03&dl_size=5.95 MB
Suspense,https://radioechoes.com/?page=series&genre=OTR-Drama&series=Suspense,Community Property,1947.04.10,https://radioechoes.com/?page=play_download&mode=play&dl_mp3folder=S&dl_file=suspense_1947-04-10_community_property.mp3&dl_series=Suspense&dl_title=Community Property&dl_date=1947.04.10&dl_size=5.93 MB
Suspense,https://radioechoes.com/?page=series&genre=OTR-Drama&series=Suspense,Green Eyed Monster,1947.04.17,https://radioechoes.com/?page=play_download&mode=play&dl_mp3folder=S&dl_file=suspense_1947-04-17_green_eyed_monster.mp3&dl_series=Suspense&dl_title=Green Eyed Monster&dl_date=1947.04.17&dl_size=6.79 MB
Suspense,https://radioechoes.com/?page=series&genre=OTR-Drama&series=Suspense,Win Place And Murder,1947.04.24,https://radioechoes.com/?page=play_download&mode=play&dl_mp3folder=S&dl_file=suspense_1947-04-24_win_place_and_murder.mp3&dl_series=Suspense&dl_title=Win Place And Murder&dl_date=1947.04.24&dl_size=6.69 MB
Suspense,https://radioechoes.com/?page=series&genre=OTR-Drama&series=Suspense,Lady In Distress,1947.05.01,https://radioechoes.com/?page=play_download&mode=play&dl_mp3folder=S&dl_file=suspense_1947-05-01_lady_in_distress.mp3&dl_series=Suspense&dl_title=Lady In Distress&dl_date=1947.05.01&dl_size=6.43 MB
Suspense,https://radioechoes.com/?page=series&genre=OTR-Drama&series=Suspense,Dead Ernest,1947.05.08,https://radioechoes.com/?page=play_download&mode=play&dl_mp3folder=S&dl_file=suspense_1947-05-08_dead_ernest.mp3&dl_series=Suspense&dl_title=Dead Ernest&dl_date=1947.05.08&dl_size=6.51 MB
Suspense,https://radioechoes.com/?page=series&genre=OTR-Drama&series=Suspense,Death At Live Oak,1947.05.15,https://radioechoes.com/?page=play_download&mode=play&dl_mp3folder=S&dl_file=suspense_1947-05-15_death_at_live_oak.mp3&dl_series=Suspense&dl_title=Death At Live Oak&dl_date=1947.05.15&dl_size=6.89 MB
Suspense,https://radioechoes.com/?page=series&genre=OTR-Drama&series=Suspense,Knight Comes Riding,1947.05.22,https://radioechoes.com/?page=play_download&mode=play&dl_mp3folder=S&dl_file=suspense_1947-05-22_knight_comes_riding.mp3&dl_series=Suspense&dl_title=Knight Comes Riding&dl_date=1947.05.22&dl_size=6.77 MB
Suspense,https://radioechoes.com/?page=series&genre=OTR-Drama&series=Suspense,A Thing Of Beauty,1947.05.29,https://radioechoes.com/?page=play_download&mode=play&dl_mp3folder=S&dl_file=suspense_1947-05-29_a_thing_of_beauty.mp3&dl_series=Suspense&dl_title=A Thing Of Beauty&dl_date=1947.05.29&dl_size=6.41 MB
Suspense,https://radioechoes.com/?page=series&genre=OTR-Drama&series=Suspense,Make Mad The Guilty,1947.06.05,https://radioechoes.com/?page=play_download&mode=play&dl_mp3folder=S&dl_file=suspense_1947-06-05_make_mad_the_guilty.mp3&dl_series=Suspense&dl_title=Make Mad The Guilty&dl_date=1947.06.05&dl_size=6.49 MB
Suspense,https://radioechoes.com/?page=series&genre=OTR-Drama&series=Suspense,Stand In,1947.06.12,https://radioechoes.com/?page=play_download&mode=play&dl_mp3folder=S&dl_file=suspense_1947-06-12_stand_in.mp3&dl_series=Suspense&dl_title=Stand In&dl_date=1947.06.12&dl_size=6.07 MB
Suspense,https://radioechoes.com/?page=series&genre=OTR-Drama&series=Suspense,Dead Of Night,1947.06.19,https://radioechoes.com/?page=play_download&mode=play&dl_mp3folder=S&dl_file=suspense_1947-06-19_dead_of_night.mp3&dl_series=Suspense&dl_title=Dead Of Night&dl_date=1947.06.19&dl_size=6.52 MB
Suspense,https://radioechoes.com/?page=series&genre=OTR-Drama&series=Suspense,Phobia,1947.06.26,https://radioechoes.com/?page=play_download&mode=play&dl_mp3folder=S&dl_file=suspense_1947-06-26_phobia.mp3&dl_series=Suspense&dl_title=Phobia&dl_date=1947.06.26&dl_size=5.99 MB
Suspense,https://radioechoes.com/?page=series&genre=OTR-Drama&series=Suspense,Money Talks,1947.07.03,https://radioechoes.com/?page=play_download&mode=play&dl_mp3folder=S&dl_file=suspense_1947-07-03_money_talks.mp3&dl_series=Suspense&dl_title=Money Talks&dl_date=1947.07.03&dl_size=6.5 MB
Suspense,https://radioechoes.com/?page=series&genre=OTR-Drama&series=Suspense,Murder By The Book,1947.07.10,https://radioechoes.com/?page=play_download&mode=play&dl_mp3folder=S&dl_file=suspense_1947-07-10_murder_by_the_book.mp3&dl_series=Suspense&dl_title=Murder By The Book&dl_date=1947.07.10&dl_size=6.85 MB
Suspense,https://radioechoes.com/?page=series&genre=OTR-Drama&series=Suspense,Murder By An Expert,1947.07.24,https://radioechoes.com/?page=play_download&mode=play&dl_mp3folder=S&dl_file=suspense_1947-07-24_murder_by_an_expert.mp3&dl_series=Suspense&dl_title=Murder By An Expert&dl_date=1947.07.24&dl_size=6.34 MB
Suspense,https://radioechoes.com/?page=series&genre=OTR-Drama&series=Suspense,Mortmain,1947.07.31,https://radioechoes.com/?page=play_download&mode=play&dl_mp3folder=S&dl_file=suspense_1947-07-31_mortmain.mp3&dl_series=Suspense&dl_title=Mortmain&dl_date=1947.07.31&dl_size=6.72 MB
Suspense,https://radioechoes.com/?page=series&genre=OTR-Drama&series=Suspense,Quiet Desperation,1947.08.07,https://radioechoes.com/?page=play_download&mode=play&dl_mp3folder=S&dl_file=suspense_1947-08-07_quiet_desperation.mp3&dl_series=Suspense&dl_title=Quiet Desperation&dl_date=1947.08.07&dl_size=6.49 MB
Suspense,https://radioechoes.com/?page=series&genre=OTR-Drama&series=Suspense,Smiley,1947.08.14,https://radioechoes.com/?page=play_download&mode=play&dl_mp3folder=S&dl_file=suspense_1947-08-14_smiley.mp3&dl_series=Suspense&dl_title=Smiley&dl_date=1947.08.14&dl_size=6.72 MB
Suspense,https://radioechoes.com/?page=series&genre=OTR-Drama&series=Suspense,Murder Aboard The Alphabet,1947.08.21,https://radioechoes.com/?page=play_download&mode=play&dl_mp3folder=S&dl_file=suspense_1947-08-21_murder_aboard_the_alphabet.mp3&dl_series=Suspense&dl_title=Murder Aboard The Alphabet&dl_date=1947.08.21&dl_size=6.62 MB
Suspense,https://radioechoes.com/?page=series&genre=OTR-Drama&series=Suspense,Double Ugly,1947.08.28,https://radioechoes.com/?page=play_download&mode=play&dl_mp3folder=S&dl_file=suspense_1947-08-28_double_ugly.mp3&dl_series=Suspense&dl_title=Double Ugly&dl_date=1947.08.28&dl_size=6.04 MB
Suspense,https://radioechoes.com/?page=series&genre=OTR-Drama&series=Suspense,Argyle Album,1947.09.04,https://radioechoes.com/?page=play_download&mode=play&dl_mp3folder=S&dl_file=suspense_1947-09-04_argyle_album.mp3&dl_series=Suspense&dl_title=Argyle Album&dl_date=1947.09.04&dl_size=7.03 MB
Suspense,https://radioechoes.com/?page=series&genre=OTR-Drama&series=Suspense,Twist,1947.09.11,https://radioechoes.com/?page=play_download&mode=play&dl_mp3folder=S&dl_file=suspense_1947-09-11_twist.mp3&dl_series=Suspense&dl_title=Twist&dl_date=1947.09.11&dl_size=5.93 MB
Suspense,https://radioechoes.com/?page=series&genre=OTR-Drama&series=Suspense,The Visitor,1947.09.18,https://radioechoes.com/?page=play_download&mode=play&dl_mp3folder=S&dl_file=suspense_1947-09-18_the_visitor.mp3&dl_series=Suspense&dl_title=The Visitor&dl_date=1947.09.18&dl_size=6.95 MB
Suspense,https://radioechoes.com/?page=series&genre=OTR-Drama&series=Suspense,Blue Hour,1947.09.25,https://radioechoes.com/?page=play_download&mode=play&dl_mp3folder=S&dl_file=suspense_1947-09-25_blue_hour.mp3&dl_series=Suspense&dl_title=Blue Hour&dl_date=1947.09.25&dl_size=6.79 MB
Suspense,https://radioechoes.com/?page=series&genre=OTR-Drama&series=Suspense,The Story Of Markham's Death,1947.10.02,https://radioechoes.com/?page=play_download&mode=play&dl_mp3folder=S&dl_file=suspense_1947-10-02_the_story_of_markhams_death.mp3&dl_series=Suspense&dl_title=The Story Of Markham's Death&dl_date=1947.10.02&dl_size=6.93 MB
Suspense,https://radioechoes.com/?page=series&genre=OTR-Drama&series=Suspense,The Man Who Liked Dickens,1947.10.09,https://radioechoes.com/?page=play_download&mode=play&dl_mp3folder=S&dl_file=suspense_1947-10-09_the_man_who_liked_dickens.mp3&dl_series=Suspense&dl_title=The Man Who Liked Dickens&dl_date=1947.10.09&dl_size=6.32 MB
Suspense,https://radioechoes.com/?page=series&genre=OTR-Drama&series=Suspense,Self Defense,1947.10.16,https://radioechoes.com/?page=play_download&mode=play&dl_mp3folder=S&dl_file=suspense_1947-10-16_self_defense.mp3&dl_series=Suspense&dl_title=Self Defense&dl_date=1947.10.16&dl_size=6.8 MB
Suspense,https://radioechoes.com/?page=series&genre=OTR-Drama&series=Suspense,The X-Ray Camera,1947.10.23,https://radioechoes.com/?page=play_download&mode=play&dl_mp3folder=S&dl_file=suspense_1947-10-23_the_xray_camera.mp3&dl_series=Suspense&dl_title=The X-Ray Camera&dl_date=1947.10.23&dl_size=6.85 MB
Suspense,https://radioechoes.com/?page=series&genre=OTR-Drama&series=Suspense,Subway,1947.10.30,https://radioechoes.com/?page=play_download&mode=play&dl_mp3folder=S&dl_file=suspense_1947-10-30_subway.mp3&dl_series=Suspense&dl_title=Subway&dl_date=1947.10.30&dl_size=6.65 MB
Suspense,https://radioechoes.com/?page=series&genre=OTR-Drama&series=Suspense,Dream Song,1947.11.06,https://radioechoes.com/?page=play_download&mode=play&dl_mp3folder=S&dl_file=suspense_1947-11-06_dream_song.mp3&dl_series=Suspense&dl_title=Dream Song&dl_date=1947.11.06&dl_size=6.81 MB
Suspense,https://radioechoes.com/?page=series&genre=OTR-Drama&series=Suspense,Riabouchinska,1947.11.13,https://radioechoes.com/?page=play_download&mode=play&dl_mp3folder=S&dl_file=suspense_1947-11-13_riabouchinska.mp3&dl_series=Suspense&dl_title=Riabouchinska&dl_date=1947.11.13&dl_size=6.78 MB
Suspense,https://radioechoes.com/?page=series&genre=OTR-Drama&series=Suspense,One Hundred In The Dark,1947.11.20,https://radioechoes.com/?page=play_download&mode=play&dl_mp3folder=S&dl_file=suspense_1947-11-20_one_hundred_in_the_dark.mp3&dl_series=Suspense&dl_title=One Hundred In The Dark&dl_date=1947.11.20&dl_size=6.81 MB
Suspense,https://radioechoes.com/?page=series&genre=OTR-Drama&series=Suspense,The Pit And The Pendulum,1947.11.27,https://radioechoes.com/?page=play_download&mode=play&dl_mp3folder=S&dl_file=suspense_1947-11-27_the_pit_and_the_pendulum.mp3&dl_series=Suspense&dl_title=The Pit And The Pendulum&dl_date=1947.11.27&dl_size=6.7 MB
Suspense,https://radioechoes.com/?page=series&genre=OTR-Drama&series=Suspense,Clock And The Rope,1947.12.05,https://radioechoes.com/?page=play_download&mode=play&dl_mp3folder=S&dl_file=suspense_1947-12-05_clock_and_the_rope.mp3&dl_series=Suspense&dl_title=Clock And The Rope&dl_date=1947.12.05&dl_size=6.7 MB
Suspense,https://radioechoes.com/?page=series&genre=OTR-Drama&series=Suspense,Man Who Couldn't Lose,1947.12.12,https://radioechoes.com/?page=play_download&mode=play&dl_mp3folder=S&dl_file=suspense_1947-12-12_man_who_couldnt_lose.mp3&dl_series=Suspense&dl_title=Man Who Couldn't Lose&dl_date=1947.12.12&dl_size=6.77 MB
Suspense,https://radioechoes.com/?page=series&genre=OTR-Drama&series=Suspense,Wet Saturday,1947.12.19,https://radioechoes.com/?page=play_download&mode=play&dl_mp3folder=S&dl_file=suspense_1947-12-19_wet_saturday.mp3&dl_series=Suspense&dl_title=Wet Saturday&dl_date=1947.12.19&dl_size=6.46 MB
Suspense,https://radioechoes.com/?page=series&genre=OTR-Drama&series=Suspense,Too Little To Live On,1947.12.26,https://radioechoes.com/?page=play_download&mode=play&dl_mp3folder=S&dl_file=suspense_1947-12-26_too_little_to_live_on.mp3&dl_series=Suspense&dl_title=Too Little To Live On&dl_date=1947.12.26&dl_size=6.76 MB
Suspense,https://radioechoes.com/?page=series&genre=OTR-Drama&series=Suspense,The Black Curtain,1948.01.03,https://radioechoes.com/?page=play_download&mode=play&dl_mp3folder=S&dl_file=suspense_1948-01-03_the_black_curtain.mp3&dl_series=Suspense&dl_title=The Black Curtain&dl_date=1948.01.03&dl_size=12.53 MB
Suspense,https://radioechoes.com/?page=series&genre=OTR-Drama&series=Suspense,The Khandi Tooth Caper,1948.01.10,https://radioechoes.com/?page=play_download&mode=play&dl_mp3folder=S&dl_file=suspense_1948-01-10_the_khandi_tooth_caper.mp3&dl_series=Suspense&dl_title=The Khandi Tooth Caper&dl_date=1948.01.10&dl_size=12.93 MB
Suspense,https://radioechoes.com/?page=series&genre=OTR-Drama&series=Suspense,Love's Lovely Counterfeit,1948.01.17,https://radioechoes.com/?page=play_download&mode=play&dl_mp3folder=S&dl_file=suspense_1948-01-17_loves_lovely_counterfeit.mp3&dl_series=Suspense&dl_title=Love's Lovely Counterfeit&dl_date=1948.01.17&dl_size=13.81 MB
Suspense,https://radioechoes.com/?page=series&genre=OTR-Drama&series=Suspense,Eve,1948.01.24,https://radioechoes.com/?page=play_download&mode=play&dl_mp3folder=S&dl_file=suspense_1948-01-24_eve.mp3&dl_series=Suspense&dl_title=Eve&dl_date=1948.01.24&dl_size=13.21 MB
Suspense,https://radioechoes.com/?page=series&genre=OTR-Drama&series=Suspense,Donovan's Brain,1948.02.07,https://radioechoes.com/?page=play_download&mode=play&dl_mp3folder=S&dl_file=suspense_1948-02-07_donovans_brain.mp3&dl_series=Suspense&dl_title=Donovan's Brain&dl_date=1948.02.07&dl_size=13.74 MB
Suspense,https://radioechoes.com/?page=series&genre=OTR-Drama&series=Suspense,The Lodger,1948.02.14,https://radioechoes.com/?page=play_download&mode=play&dl_mp3folder=S&dl_file=suspense_1948-02-14_the_lodger.mp3&dl_series=Suspense&dl_title=The Lodger&dl_date=1948.02.14&dl_size=13.73 MB
Suspense,https://radioechoes.com/?page=series&genre=OTR-Drama&series=Suspense,Beyond Reason,1948.02.21,https://radioechoes.com/?page=play_download&mode=play&dl_mp3folder=S&dl_file=suspense_1948-02-21_beyond_reason.mp3&dl_series=Suspense&dl_title=Beyond Reason&dl_date=1948.02.21&dl_size=13.71 MB
Suspense,https://radioechoes.com/?page=series&genre=OTR-Drama&series=Suspense,House By The River,1948.02.28,https://radioechoes.com/?page=play_download&mode=play&dl_mp3folder=S&dl_file=suspense_1948-02-28_house_by_the_river.mp3&dl_series=Suspense&dl_title=House By The River&dl_date=1948.02.28&dl_size=13.68 MB
Suspense,https://radioechoes.com/?page=series&genre=OTR-Drama&series=Suspense,In A Lonely Place,1948.03.06,https://radioechoes.com/?page=play_download&mode=play&dl_mp3folder=S&dl_file=suspense_1948-03-06_in_a_lonely_place.mp3&dl_series=Suspense&dl_title=In A Lonely Place&dl_date=1948.03.06&dl_size=13.14 MB
Suspense,https://radioechoes.com/?page=series&genre=OTR-Drama&series=Suspense,Nightmare,1948.03.13,https://radioechoes.com/?page=play_download&mode=play&dl_mp3folder=S&dl_file=suspense_1948-03-13_nightmare.mp3&dl_series=Suspense&dl_title=Nightmare&dl_date=1948.03.13&dl_size=13.74 MB
Suspense,https://radioechoes.com/?page=series&genre=OTR-Drama&series=Suspense,Wet Saturday August Heat,1948.03.20,https://radioechoes.com/?page=play_download&mode=play&dl_mp3folder=S&dl_file=suspense_1948-03-20_wet_saturday_august_heat.mp3&dl_series=Suspense&dl_title=Wet Saturday August Heat&dl_date=1948.03.20&dl_size=13.74 MB
Suspense,https://radioechoes.com/?page=series&genre=OTR-Drama&series=Suspense,Night Must Fall,1948.03.27,https://radioechoes.com/?page=play_download&mode=play&dl_mp3folder=S&dl_file=suspense_1948-03-27_night_must_fall.mp3&dl_series=Suspense&dl_title=Night Must Fall&dl_date=1948.03.27&dl_size=13.74 MB
Suspense,https://radioechoes.com/?page=series&genre=OTR-Drama&series=Suspense,Suspicion,1948.04.03,https://radioechoes.com/?page=play_download&mode=play&dl_mp3folder=S&dl_file=suspense_1948-04-03_suspicion.mp3&dl_series=Suspense&dl_title=Suspicion&dl_date=1948.04.03&dl_size=13.84 MB
Suspense,https://radioechoes.com/?page=series&genre=OTR-Drama&series=Suspense,Crossfire,1948.04.10,https://radioechoes.com/?page=play_download&mode=play&dl_mp3folder=S&dl_file=suspense_1948-04-10_crossfire.mp3&dl_series=Suspense&dl_title=Crossfire&dl_date=1948.04.10&dl_size=13.7 MB
Suspense,https://radioechoes.com/?page=series&genre=OTR-Drama&series=Suspense,The Search,1948.04.24,https://radioechoes.com/?page=play_download&mode=play&dl_mp3folder=S&dl_file=suspense_1948-04-24_the_search.mp3&dl_series=Suspense&dl_title=The Search&dl_date=1948.04.24&dl_size=10.01 MB
Suspense,https://radioechoes.com/?page=series&genre=OTR-Drama&series=Suspense,The Blind Spot,1948.05.01,https://radioechoes.com/?page=play_download&mode=play&dl_mp3folder=S&dl_file=suspense_1948-05-01_the_blind_spot.mp3&dl_series=Suspense&dl_title=The Blind Spot&dl_date=1948.05.01&dl_size=13.75 MB
Suspense,https://radioechoes.com/?page=series&genre=OTR-Drama&series=Suspense,Life Ends At Midnight,1948.05.08,https://radioechoes.com/?page=play_download&mode=play&dl_mp3folder=S&dl_file=suspense_1948-05-08_life_ends_at_midnight.mp3&dl_series=Suspense&dl_title=Life Ends At Midnight&dl_date=1948.05.08&dl_size=5.74 MB
Suspense,https://radioechoes.com/?page=series&genre=OTR-Drama&series=Suspense,Deadline At Dawn,1948.05.15,https://radioechoes.com/?page=play_download&mode=play&dl_mp3folder=S&dl_file=suspense_1948-05-15_deadline_at_dawn.mp3&dl_series=Suspense&dl_title=Deadline At Dawn&dl_date=1948.05.15&dl_size=14.14 MB
Suspense,https://radioechoes.com/?page=series&genre=OTR-Drama&series=Suspense,Summer Night,1948.07.15,https://radioechoes.com/?page=play_download&mode=play&dl_mp3folder=S&dl_file=suspense_1948-07-15_summer_night.mp3&dl_series=Suspense&dl_title=Summer Night&dl_date=1948.07.15&dl_size=6.73 MB
Suspense,https://radioechoes.com/?page=series&genre=OTR-Drama&series=Suspense,Deep Into Darkness,1948.07.22,https://radioechoes.com/?page=play_download&mode=play&dl_mp3folder=S&dl_file=suspense_1948-07-22_deep_into_darkness.mp3&dl_series=Suspense&dl_title=Deep Into Darkness&dl_date=1948.07.22&dl_size=6.69 MB
Suspense,https://radioechoes.com/?page=series&genre=OTR-Drama&series=Suspense,The Yellow Wallpaper,1948.07.29,https://radioechoes.com/?page=play_download&mode=play&dl_mp3folder=S&dl_file=suspense_1948-07-29_the_yellow_wallpaper.mp3&dl_series=Suspense&dl_title=The Yellow Wallpaper&dl_date=1948.07.29&dl_size=6.8 MB
Suspense,https://radioechoes.com/?page=series&genre=OTR-Drama&series=Suspense,Yellow Wallpaper,1948.07.29,https://radioechoes.com/?page=play_download&mode=play&dl_mp3folder=S&dl_file=suspense_1948-07-29_yellow_wallpaper.mp3&dl_series=Suspense&dl_title=Yellow Wallpaper&dl_date=1948.07.29&dl_size=6.79 MB
Suspense,https://radioechoes.com/?page=series&genre=OTR-Drama&series=Suspense,An Honest Man,1948.08.05,https://radioechoes.com/?page=play_download&mode=play&dl_mp3folder=S&dl_file=suspense_1948-08-05_an_honest_man.mp3&dl_series=Suspense&dl_title=An Honest Man&dl_date=1948.08.05&dl_size=6.9 MB
Suspense,https://radioechoes.com/?page=series&genre=OTR-Drama&series=Suspense,Beware The Quiet Man,1948.08.12,https://radioechoes.com/?page=play_download&mode=play&dl_mp3folder=S&dl_file=suspense_1948-08-12_beware_the_quiet_man.mp3&dl_series=Suspense&dl_title=Beware The Quiet Man&dl_date=1948.08.12&dl_size=6.81 MB
Suspense,https://radioechoes.com/?page=series&genre=OTR-Drama&series=Suspense,Crisis,1948.08.19,https://radioechoes.com/?page=play_download&mode=play&dl_mp3folder=S&dl_file=suspense_1948-08-19_crisis.mp3&dl_series=Suspense&dl_title=Crisis&dl_date=1948.08.19&dl_size=6.79 MB
Suspense,https://radioechoes.com/?page=series&genre=OTR-Drama&series=Suspense,Song Of The Heart,1948.08.26,https://radioechoes.com/?page=play_download&mode=play&dl_mp3folder=S&dl_file=suspense_1948-08-26_song_of_the_heart.mp3&dl_series=Suspense&dl_title=Song Of The Heart&dl_date=1948.08.26&dl_size=6.29 MB
Suspense,https://radioechoes.com/?page=series&genre=OTR-Drama&series=Suspense,The Morrison Affair,1948.09.02,https://radioechoes.com/?page=play_download&mode=play&dl_mp3folder=S&dl_file=suspense_1948-09-02_the_morrison_affair.mp3&dl_series=Suspense&dl_title=The Morrison Affair&dl_date=1948.09.02&dl_size=7.12 MB
Suspense,https://radioechoes.com/?page=series&genre=OTR-Drama&series=Suspense,Big Shot,1948.09.09,https://radioechoes.com/?page=play_download&mode=play&dl_mp3folder=S&dl_file=suspense_1948-09-09_big_shot.mp3&dl_series=Suspense&dl_title=Big Shot&dl_date=1948.09.09&dl_size=6.45 MB
Suspense,https://radioechoes.com/?page=series&genre=OTR-Drama&series=Suspense,Hitchhiker Poker With Gregory Peck,1948.09.16,https://radioechoes.com/?page=play_download&mode=play&dl_mp3folder=S&dl_file=suspense_1948-09-16_hitchhiker_poker_w_gregory_peck.mp3&dl_series=Suspense&dl_title=Hitchhiker Poker With Gregory Peck&dl_date=1948.09.16&dl_size=5.87 MB
Suspense,https://radioechoes.com/?page=series&genre=OTR-Drama&series=Suspense,Celebration,1948.09.23,https://radioechoes.com/?page=play_download&mode=play&dl_mp3folder=S&dl_file=suspense_1948-09-23_celebration.mp3&dl_series=Suspense&dl_title=Celebration&dl_date=1948.09.23&dl_size=6.69 MB
Suspense,https://radioechoes.com/?page=series&genre=OTR-Drama&series=Suspense,The Man Who Thought He Was Edward G. Robinson,1948.09.30,https://radioechoes.com/?page=play_download&mode=play&dl_mp3folder=S&dl_file=suspense_1948-09-30_the_man_who_thought_he_was_edward_g-_robinson.mp3&dl_series=Suspense&dl_title=The Man Who Thought He Was Edward G. Robinson&dl_date=1948.09.30&dl_size=6.86 MB
Suspense,https://radioechoes.com/?page=series&genre=OTR-Drama&series=Suspense,Night Cry,1948.10.07,https://radioechoes.com/?page=play_download&mode=play&dl_mp3folder=S&dl_file=suspense_1948-10-07_night_cry.mp3&dl_series=Suspense&dl_title=Night Cry&dl_date=1948.10.07&dl_size=6.7 MB
Suspense,https://radioechoes.com/?page=series&genre=OTR-Drama&series=Suspense,Little Piece Of Rope,1948.10.14,https://radioechoes.com/?page=play_download&mode=play&dl_mp3folder=S&dl_file=suspense_1948-10-14_little_piece_of_rope.mp3&dl_series=Suspense&dl_title=Little Piece Of Rope&dl_date=1948.10.14&dl_size=6.96 MB
Suspense,https://radioechoes.com/?page=series&genre=OTR-Drama&series=Suspense,Give Me Liberty,1948.10.21,https://radioechoes.com/?page=play_download&mode=play&dl_mp3folder=S&dl_file=suspense_1948-10-21_give_me_liberty.mp3&dl_series=Suspense&dl_title=Give Me Liberty&dl_date=1948.10.21&dl_size=6.78 MB
Suspense,https://radioechoes.com/?page=series&genre=OTR-Drama&series=Suspense,Death Sentence,1948.11.04,https://radioechoes.com/?page=play_download&mode=play&dl_mp3folder=S&dl_file=suspense_1948-11-04_death_sentence.mp3&dl_series=Suspense&dl_title=Death Sentence&dl_date=1948.11.04&dl_size=6.53 MB
Suspense,https://radioechoes.com/?page=series&genre=OTR-Drama&series=Suspense,Muddy Track,1948.11.11,https://radioechoes.com/?page=play_download&mode=play&dl_mp3folder=S&dl_file=suspense_1948-11-11_muddy_track.mp3&dl_series=Suspense&dl_title=Muddy Track&dl_date=1948.11.11&dl_size=6.83 MB
Suspense,https://radioechoes.com/?page=series&genre=OTR-Drama&series=Suspense,Sorry Wrong Number,1948.11.18,https://radioechoes.com/?page=play_download&mode=play&dl_mp3folder=S&dl_file=suspense_1948-11-18_sorry_wrong_number.mp3&dl_series=Suspense&dl_title=Sorry Wrong Number&dl_date=1948.11.18&dl_size=6.84 MB
Suspense,https://radioechoes.com/?page=series&genre=OTR-Drama&series=Suspense,The Screaming Woman,1948.11.25,https://radioechoes.com/?page=play_download&mode=play&dl_mp3folder=S&dl_file=suspense_1948-11-25_the_screaming_woman.mp3&dl_series=Suspense&dl_title=The Screaming Woman&dl_date=1948.11.25&dl_size=6.64 MB
Suspense,https://radioechoes.com/?page=series&genre=OTR-Drama&series=Suspense,The Hands Of Mr. Ottermole,1948.12.02,https://radioechoes.com/?page=play_download&mode=play&dl_mp3folder=S&dl_file=suspense_1948-12-02_the_hands_of_mr_ottermole.mp3&dl_series=Suspense&dl_title=The Hands Of Mr. Ottermole&dl_date=1948.12.02&dl_size=6.57 MB
Suspense,https://radioechoes.com/?page=series&genre=OTR-Drama&series=Suspense,The Sisters,1948.12.09,https://radioechoes.com/?page=play_download&mode=play&dl_mp3folder=S&dl_file=suspense_1948-12-09_the_sisters.mp3&dl_series=Suspense&dl_title=The Sisters&dl_date=1948.12.09&dl_size=6.98 MB
Suspense,https://radioechoes.com/?page=series&genre=OTR-Drama&series=Suspense,No Escape,1948.12.16,https://radioechoes.com/?page=play_download&mode=play&dl_mp3folder=S&dl_file=suspense_1948-12-16_no_escape.mp3&dl_series=Suspense&dl_title=No Escape&dl_date=1948.12.16&dl_size=6.87 MB
Suspense,https://radioechoes.com/?page=series&genre=OTR-Drama&series=Suspense,Back For Christmas,1948.12.23,https://radioechoes.com/?page=play_download&mode=play&dl_mp3folder=S&dl_file=suspense_1948-12-23_back_for_christmas.mp3&dl_series=Suspense&dl_title=Back For Christmas&dl_date=1948.12.23&dl_size=6.68 MB
Suspense,https://radioechoes.com/?page=series&genre=OTR-Drama&series=Suspense,Break Up,1948.12.30,https://radioechoes.com/?page=play_download&mode=play&dl_mp3folder=S&dl_file=suspense_1948-12-30_break_up.mp3&dl_series=Suspense&dl_title=Break Up&dl_date=1948.12.30&dl_size=6.72 MB
Suspense,https://radioechoes.com/?page=series&genre=OTR-Drama&series=Suspense,To Find Help,1949.01.06,https://radioechoes.com/?page=play_download&mode=play&dl_mp3folder=S&dl_file=suspense_1949-01-06_to_find_help.mp3&dl_series=Suspense&dl_title=To Find Help&dl_date=1949.01.06&dl_size=6.68 MB
Suspense,https://radioechoes.com/?page=series&genre=OTR-Drama&series=Suspense,The Too Perfect Alibi,1949.01.13,https://radioechoes.com/?page=play_download&mode=play&dl_mp3folder=S&dl_file=suspense_1949-01-13_the_too_perfect_alibi.mp3&dl_series=Suspense&dl_title=The Too Perfect Alibi&dl_date=1949.01.13&dl_size=6.56 MB
Suspense,https://radioechoes.com/?page=series&genre=OTR-Drama&series=Suspense,If The Dead Could Talk,1949.01.20,https://radioechoes.com/?page=play_download&mode=play&dl_mp3folder=S&dl_file=suspense_1949-01-20_if_the_dead_could_talk.mp3&dl_series=Suspense&dl_title=If The Dead Could Talk&dl_date=1949.01.20&dl_size=6.76 MB
Suspense,https://radioechoes.com/?page=series&genre=OTR-Drama&series=Suspense,The Thing In The Window,1949.01.27,https://radioechoes.com/?page=play_download&mode=play&dl_mp3folder=S&dl_file=suspense_1949-01-27_the_thing_in_the_window.mp3&dl_series=Suspense&dl_title=The Thing In The Window&dl_date=1949.01.27&dl_size=6.17 MB
Suspense,https://radioechoes.com/?page=series&genre=OTR-Drama&series=Suspense,For The Love Of Murder,1949.01.28,https://radioechoes.com/?page=play_download&mode=play&dl_mp3folder=S&dl_file=suspense_1949-01-28_for_the_love_of_murder.mp3&dl_series=Suspense&dl_title=For The Love Of Murder&dl_date=1949.01.28&dl_size=6.83 MB
Suspense,https://radioechoes.com/?page=series&genre=OTR-Drama&series=Suspense,Back Seat Driver,1949.02.03,https://radioechoes.com/?page=play_download&mode=play&dl_mp3folder=S&dl_file=suspense_1949-02-03_back_seat_driver.mp3&dl_series=Suspense&dl_title=Back Seat Driver&dl_date=1949.02.03&dl_size=6.12 MB
Suspense,https://radioechoes.com/?page=series&genre=OTR-Drama&series=Suspense,Demortuis,1949.02.10,https://radioechoes.com/?page=play_download&mode=play&dl_mp3folder=S&dl_file=suspense_1949-02-10_demortuis.mp3&dl_series=Suspense&dl_title=Demortuis&dl_date=1949.02.10&dl_size=6.94 MB
Suspense,https://radioechoes.com/?page=series&genre=OTR-Drama&series=Suspense,Catch Me If You Can,1949.02.17,https://radioechoes.com/?page=play_download&mode=play&dl_mp3folder=S&dl_file=suspense_1949-02-17_catch_me_if_you_can.mp3&dl_series=Suspense&dl_title=Catch Me If You Can&dl_date=1949.02.17&dl_size=6.79 MB
Suspense,https://radioechoes.com/?page=series&genre=OTR-Drama&series=Suspense,Where There's A Will,1949.02.24,https://radioechoes.com/?page=play_download&mode=play&dl_mp3folder=S&dl_file=suspense_1949-02-24_where_theres_a_will.mp3&dl_series=Suspense&dl_title=Where There's A Will&dl_date=1949.02.24&dl_size=7.03 MB
Suspense,https://radioechoes.com/?page=series&genre=OTR-Drama&series=Suspense,Lovebirds,1949.03.03,https://radioechoes.com/?page=play_download&mode=play&dl_mp3folder=S&dl_file=suspense_1949-03-03_lovebirds.mp3&dl_series=Suspense&dl_title=Lovebirds&dl_date=1949.03.03&dl_size=6.47 MB
Suspense,https://radioechoes.com/?page=series&genre=OTR-Drama&series=Suspense,Three O'Clock,1949.03.10,https://radioechoes.com/?page=play_download&mode=play&dl_mp3folder=S&dl_file=suspense_1949-03-10_three_o_clock.mp3&dl_series=Suspense&dl_title=Three O'Clock&dl_date=1949.03.10&dl_size=5.61 MB
Suspense,https://radioechoes.com/?page=series&genre=OTR-Drama&series=Suspense,Murder Through The Looking Glass,1949.03.17,https://radioechoes.com/?page=play_download&mode=play&dl_mp3folder=S&dl_file=suspense_1949-03-17_murder_through_the_looking_glass.mp3&dl_series=Suspense&dl_title=Murder Through The Looking Glass&dl_date=1949.03.17&dl_size=6.53 MB
Suspense,https://radioechoes.com/?page=series&genre=OTR-Drama&series=Suspense,Dead Ernest,1949.03.24,https://radioechoes.com/?page=play_download&mode=play&dl_mp3folder=S&dl_file=suspense_1949-03-24_dead_ernest.mp3&dl_series=Suspense&dl_title=Dead Ernest&dl_date=1949.03.24&dl_size=6.55 MB
Suspense,https://radioechoes.com/?page=series&genre=OTR-Drama&series=Suspense,You Can't Die Twice,1949.03.31,https://radioechoes.com/?page=play_download&mode=play&dl_mp3folder=S&dl_file=suspense_1949-03-31_you_cant_die_twice.mp3&dl_series=Suspense&dl_title=You Can't Die Twice&dl_date=1949.03.31&dl_size=6.77 MB
Suspense,https://radioechoes.com/?page=series&genre=OTR-Drama&series=Suspense,Noose Of Coincidence,1949.04.07,https://radioechoes.com/?page=play_download&mode=play&dl_mp3folder=S&dl_file=suspense_1949-04-07_noose_of_coincidence.mp3&dl_series=Suspense&dl_title=Noose Of Coincidence&dl_date=1949.04.07&dl_size=5.74 MB
Suspense,https://radioechoes.com/?page=series&genre=OTR-Drama&series=Suspense,Murder In Black And White,1949.04.14,https://radioechoes.com/?page=play_download&mode=play&dl_mp3folder=S&dl_file=suspense_1949-04-14_murder_in_black_and_white.mp3&dl_series=Suspense&dl_title=Murder In Black And White&dl_date=1949.04.14&dl_size=5.88 MB
Suspense,https://radioechoes.com/?page=series&genre=OTR-Drama&series=Suspense,The Copper Tea Strainer,1949.04.21,https://radioechoes.com/?page=play_download&mode=play&dl_mp3folder=S&dl_file=suspense_1949-04-21_the_copper_tea_strainer.mp3&dl_series=Suspense&dl_title=The Copper Tea Strainer&dl_date=1949.04.21&dl_size=6.69 MB
Suspense,https://radioechoes.com/?page=series&genre=OTR-Drama&series=Suspense,The Lie,1949.04.28,https://radioechoes.com/?page=play_download&mode=play&dl_mp3folder=S&dl_file=suspense_1949-04-28_the_lie.mp3&dl_series=Suspense&dl_title=The Lie&dl_date=1949.04.28&dl_size=6.59 MB
Suspense,https://radioechoes.com/?page=series&genre=OTR-Drama&series=Suspense,Death Has A Shadow,1949.05.05,https://radioechoes.com/?page=play_download&mode=play&dl_mp3folder=S&dl_file=suspense_1949-05-05_death_has_a_shadow.mp3&dl_series=Suspense&dl_title=Death Has A Shadow&dl_date=1949.05.05&dl_size=6.55 MB
Suspense,https://radioechoes.com/?page=series&genre=OTR-Drama&series=Suspense,The Light Switch,1949.05.12,https://radioechoes.com/?page=play_download&mode=play&dl_mp3folder=S&dl_file=suspense_1949-05-12_the_light_switch.mp3&dl_series=Suspense&dl_title=The Light Switch&dl_date=1949.05.12&dl_size=6.53 MB
Suspense,https://radioechoes.com/?page=series&genre=OTR-Drama&series=Suspense,Consequence,1949.05.19,https://radioechoes.com/?page=play_download&mode=play&dl_mp3folder=S&dl_file=suspense_1949-05-19_consequence.mp3&dl_series=Suspense&dl_title=Consequence&dl_date=1949.05.19&dl_size=6.68 MB
Suspense,https://radioechoes.com/?page=series&genre=OTR-Drama&series=Suspense,The Night Reveals,1949.05.26,https://radioechoes.com/?page=play_download&mode=play&dl_mp3folder=S&dl_file=suspense_1949-05-26_the_night_reveals.mp3&dl_series=Suspense&dl_title=The Night Reveals&dl_date=1949.05.26&dl_size=6.89 MB
Suspense,https://radioechoes.com/?page=series&genre=OTR-Drama&series=Suspense,The Ten Years,1949.06.02,https://radioechoes.com/?page=play_download&mode=play&dl_mp3folder=S&dl_file=suspense_1949-06-02_the_ten_years.mp3&dl_series=Suspense&dl_title=The Ten Years&dl_date=1949.06.02&dl_size=6.47 MB
Suspense,https://radioechoes.com/?page=series&genre=OTR-Drama&series=Suspense,The Lunch Kit,1949.06.09,https://radioechoes.com/?page=play_download&mode=play&dl_mp3folder=S&dl_file=suspense_1949-06-09_the_lunch_kit.mp3&dl_series=Suspense&dl_title=The Lunch Kit&dl_date=1949.06.09&dl_size=5.87 MB
Suspense,https://radioechoes.com/?page=series&genre=OTR-Drama&series=Suspense,The Trap,1949.06.16,https://radioechoes.com/?page=play_download&mode=play&dl_mp3folder=S&dl_file=suspense_1949-06-16_the_trap.mp3&dl_series=Suspense&dl_title=The Trap&dl_date=1949.06.16&dl_size=5.69 MB
Suspense,https://radioechoes.com/?page=series&genre=OTR-Drama&series=Suspense,Ghost Hunt,1949.06.23,https://radioechoes.com/?page=play_download&mode=play&dl_mp3folder=S&dl_file=suspense_1949-06-23_ghost_hunt.mp3&dl_series=Suspense&dl_title=Ghost Hunt&dl_date=1949.06.23&dl_size=6.76 MB
Suspense,https://radioechoes.com/?page=series&genre=OTR-Drama&series=Suspense,The Day I Died,1949.06.30,https://radioechoes.com/?page=play_download&mode=play&dl_mp3folder=S&dl_file=suspense_1949-06-30_the_day_i_died.mp3&dl_series=Suspense&dl_title=The Day I Died&dl_date=1949.06.30&dl_size=6.6 MB
Suspense,https://radioechoes.com/?page=series&genre=OTR-Drama&series=Suspense,Nightmare,1949.09.01,https://radioechoes.com/?page=play_download&mode=play&dl_mp3folder=S&dl_file=suspense_1949-09-01_nightmare.mp3&dl_series=Suspense&dl_title=Nightmare&dl_date=1949.09.01&dl_size=6.18 MB
Suspense,https://radioechoes.com/?page=series&genre=OTR-Drama&series=Suspense,Chicken Feed,1949.09.08,https://radioechoes.com/?page=play_download&mode=play&dl_mp3folder=S&dl_file=suspense_1949-09-08_chicken_feed.mp3&dl_series=Suspense&dl_title=Chicken Feed&dl_date=1949.09.08&dl_size=6.48 MB
Suspense,https://radioechoes.com/?page=series&genre=OTR-Drama&series=Suspense,Last Confession,1949.09.15,https://radioechoes.com/?page=play_download&mode=play&dl_mp3folder=S&dl_file=suspense_1949-09-15_last_confession.mp3&dl_series=Suspense&dl_title=Last Confession&dl_date=1949.09.15&dl_size=6.53 MB
Suspense,https://radioechoes.com/?page=series&genre=OTR-Drama&series=Suspense,Experiment 6R,1949.09.22,https://radioechoes.com/?page=play_download&mode=play&dl_mp3folder=S&dl_file=suspense_1949-09-22_experiment_6r.mp3&dl_series=Suspense&dl_title=Experiment 6R&dl_date=1949.09.22&dl_size=5.84 MB
Suspense,https://radioechoes.com/?page=series&genre=OTR-Drama&series=Suspense,Blind Date,1949.09.29,https://radioechoes.com/?page=play_download&mode=play&dl_mp3folder=S&dl_file=suspense_1949-09-29_blind_date.mp3&dl_series=Suspense&dl_title=Blind Date&dl_date=1949.09.29&dl_size=5.49 MB
Suspense,https://radioechoes.com/?page=series&genre=OTR-Drama&series=Suspense,The Defense Rests,1949.10.06,https://radioechoes.com/?page=play_download&mode=play&dl_mp3folder=S&dl_file=suspense_1949-10-06_the_defense_rests.mp3&dl_series=Suspense&dl_title=The Defense Rests&dl_date=1949.10.06&dl_size=6.98 MB
Suspense,https://radioechoes.com/?page=series&genre=OTR-Drama&series=Suspense,Account Payable,1949.10.13,https://radioechoes.com/?page=play_download&mode=play&dl_mp3folder=S&dl_file=suspense_1949-10-13_account_payable.mp3&dl_series=Suspense&dl_title=Account Payable&dl_date=1949.10.13&dl_size=7.21 MB
Suspense,https://radioechoes.com/?page=series&genre=OTR-Drama&series=Suspense,Goodnight Mrs. Russell,1949.10.20,https://radioechoes.com/?page=play_download&mode=play&dl_mp3folder=S&dl_file=suspense_1949-10-20_goodnight_mrs_russell.mp3&dl_series=Suspense&dl_title=Goodnight Mrs. Russell&dl_date=1949.10.20&dl_size=7 MB
Suspense,https://radioechoes.com/?page=series&genre=OTR-Drama&series=Suspense,Momentum,1949.10.27,https://radioechoes.com/?page=play_download&mode=play&dl_mp3folder=S&dl_file=suspense_1949-10-27_momentum.mp3&dl_series=Suspense&dl_title=Momentum&dl_date=1949.10.27&dl_size=7.06 MB
Suspense,https://radioechoes.com/?page=series&genre=OTR-Drama&series=Suspense,Search For Isabel,1949.11.03,https://radioechoes.com/?page=play_download&mode=play&dl_mp3folder=S&dl_file=suspense_1949-11-03_search_for_isabel.mp3&dl_series=Suspense&dl_title=Search For Isabel&dl_date=1949.11.03&dl_size=7.13 MB
Suspense,https://radioechoes.com/?page=series&genre=OTR-Drama&series=Suspense,Murder Of Aunt Delia,1949.11.10,https://radioechoes.com/?page=play_download&mode=play&dl_mp3folder=S&dl_file=suspense_1949-11-10_murder_of_aunt_delia.mp3&dl_series=Suspense&dl_title=Murder Of Aunt Delia&dl_date=1949.11.10&dl_size=6.74 MB
Suspense,https://radioechoes.com/?page=series&genre=OTR-Drama&series=Suspense,The Red Headed Woman,1949.11.17,https://radioechoes.com/?page=play_download&mode=play&dl_mp3folder=S&dl_file=suspense_1949-11-17_the_red_headed_woman.mp3&dl_series=Suspense&dl_title=The Red Headed Woman&dl_date=1949.11.17&dl_size=6.98 MB
Suspense,https://radioechoes.com/?page=series&genre=OTR-Drama&series=Suspense,The Long Wait,1949.11.24,https://radioechoes.com/?page=play_download&mode=play&dl_mp3folder=S&dl_file=suspense_1949-11-24_the_long_wait.mp3&dl_series=Suspense&dl_title=The Long Wait&dl_date=1949.11.24&dl_size=6.84 MB
Suspense,https://radioechoes.com/?page=series&genre=OTR-Drama&series=Suspense,Mission Completed,1949.12.01,https://radioechoes.com/?page=play_download&mode=play&dl_mp3folder=S&dl_file=suspense_1949-12-01_mission_completed.mp3&dl_series=Suspense&dl_title=Mission Completed&dl_date=1949.12.01&dl_size=6.75 MB
Suspense,https://radioechoes.com/?page=series&genre=OTR-Drama&series=Suspense,For Love Or Murder,1949.12.08,https://radioechoes.com/?page=play_download&mode=play&dl_mp3folder=S&dl_file=suspense_1949-12-08_for_love_or_murder.mp3&dl_series=Suspense&dl_title=For Love Or Murder&dl_date=1949.12.08&dl_size=6.66 MB
Suspense,https://radioechoes.com/?page=series&genre=OTR-Drama&series=Suspense,The Flame Blue Glove,1949.12.15,https://radioechoes.com/?page=play_download&mode=play&dl_mp3folder=S&dl_file=suspense_1949-12-15_the_flame_blue_glove.mp3&dl_series=Suspense&dl_title=The Flame Blue Glove&dl_date=1949.12.15&dl_size=7.09 MB
Suspense,https://radioechoes.com/?page=series&genre=OTR-Drama&series=Suspense,Double Entry,1949.12.22,https://radioechoes.com/?page=play_download&mode=play&dl_mp3folder=S&dl_file=suspense_1949-12-22_double_entry.mp3&dl_series=Suspense&dl_title=Double Entry&dl_date=1949.12.22&dl_size=6.96 MB
Suspense,https://radioechoes.com/?page=series&genre=OTR-Drama&series=Suspense,The Bullet,1949.12.29,https://radioechoes.com/?page=play_download&mode=play&dl_mp3folder=S&dl_file=suspense_1949-12-29_the_bullet.mp3&dl_series=Suspense&dl_title=The Bullet&dl_date=1949.12.29&dl_size=6.92 MB
Suspense,https://radioechoes.com/?page=series&genre=OTR-Drama&series=Suspense,I Never Met The Dead Man,1950.01.05,https://radioechoes.com/?page=play_download&mode=play&dl_mp3folder=S&dl_file=suspense_1950-01-05_i_never_met_the_dead_man.mp3&dl_series=Suspense&dl_title=I Never Met The Dead Man&dl_date=1950.01.05&dl_size=6.61 MB
Suspense,https://radioechoes.com/?page=series&genre=OTR-Drama&series=Suspense,Four Hours To Kill,1950.01.12,https://radioechoes.com/?page=play_download&mode=play&dl_mp3folder=S&dl_file=suspense_1950-01-12_four_hours_to_kill.mp3&dl_series=Suspense&dl_title=Four Hours To Kill&dl_date=1950.01.12&dl_size=6.79 MB
Suspense,https://radioechoes.com/?page=series&genre=OTR-Drama&series=Suspense,The Escape Of Lacey Abbott,1950.01.19,https://radioechoes.com/?page=play_download&mode=play&dl_mp3folder=S&dl_file=suspense_1950-01-19_the_escape_of_lacey_abbott.mp3&dl_series=Suspense&dl_title=The Escape Of Lacey Abbott&dl_date=1950.01.19&dl_size=6.77 MB
Suspense,https://radioechoes.com/?page=series&genre=OTR-Drama&series=Suspense,Mr. Diogenes,1950.01.26,https://radioechoes.com/?page=play_download&mode=play&dl_mp3folder=S&dl_file=suspense_1950-01-26_mr_diogenes.mp3&dl_series=Suspense&dl_title=Mr. Diogenes&dl_date=1950.01.26&dl_size=6.19 MB
Suspense,https://radioechoes.com/?page=series&genre=OTR-Drama&series=Suspense,Consideration,1950.02.02,https://radioechoes.com/?page=play_download&mode=play&dl_mp3folder=S&dl_file=suspense_1950-02-02_consideration.mp3&dl_series=Suspense&dl_title=Consideration&dl_date=1950.02.02&dl_size=5.48 MB
Suspense,https://radioechoes.com/?page=series&genre=OTR-Drama&series=Suspense,The Butcher's Wife,1950.02.09,https://radioechoes.com/?page=play_download&mode=play&dl_mp3folder=S&dl_file=suspense_1950-02-09_the_butchers_wife.mp3&dl_series=Suspense&dl_title=The Butcher's Wife&dl_date=1950.02.09&dl_size=6.56 MB
Suspense,https://radioechoes.com/?page=series&genre=OTR-Drama&series=Suspense,Murder Strikes Three Times,1950.02.16,https://radioechoes.com/?page=play_download&mode=play&dl_mp3folder=S&dl_file=suspense_1950-02-16_murder_strikes_three_times.mp3&dl_series=Suspense&dl_title=Murder Strikes Three Times&dl_date=1950.02.16&dl_size=6.74 MB
Suspense,https://radioechoes.com/?page=series&genre=OTR-Drama&series=Suspense,Slow Burn,1950.02.23,https://radioechoes.com/?page=play_download&mode=play&dl_mp3folder=S&dl_file=suspense_1950-02-23_slow_burn.mp3&dl_series=Suspense&dl_title=Slow Burn&dl_date=1950.02.23&dl_size=6.82 MB
Suspense,https://radioechoes.com/?page=series&genre=OTR-Drama&series=Suspense,Lady Killer,1950.03.02,https://radioechoes.com/?page=play_download&mode=play&dl_mp3folder=S&dl_file=suspense_1950-03-02_lady_killer.mp3&dl_series=Suspense&dl_title=Lady Killer&dl_date=1950.03.02&dl_size=6.7 MB
Suspense,https://radioechoes.com/?page=series&genre=OTR-Drama&series=Suspense,Banquo's Chair,1950.03.09,https://radioechoes.com/?page=play_download&mode=play&dl_mp3folder=S&dl_file=suspense_1950-03-09_banquos_chair.mp3&dl_series=Suspense&dl_title=Banquo's Chair&dl_date=1950.03.09&dl_size=6.79 MB
Suspense,https://radioechoes.com/?page=series&genre=OTR-Drama&series=Suspense,Motive For Murder,1950.03.16,https://radioechoes.com/?page=play_download&mode=play&dl_mp3folder=S&dl_file=suspense_1950-03-16_motive_for_murder.mp3&dl_series=Suspense&dl_title=Motive For Murder&dl_date=1950.03.16&dl_size=6.68 MB
Suspense,https://radioechoes.com/?page=series&genre=OTR-Drama&series=Suspense,One And One's A Lonesome,1950.03.23,https://radioechoes.com/?page=play_download&mode=play&dl_mp3folder=S&dl_file=suspense_1950-03-23_one_and_ones_a_lonesome.mp3&dl_series=Suspense&dl_title=One And One's A Lonesome&dl_date=1950.03.23&dl_size=6.77 MB
Suspense,https://radioechoes.com/?page=series&genre=OTR-Drama&series=Suspense,Blood Sacrifice,1950.03.30,https://radioechoes.com/?page=play_download&mode=play&dl_mp3folder=S&dl_file=suspense_1950-03-30_blood_sacrifice_1950-03-30.mp3&dl_series=Suspense&dl_title=Blood Sacrifice&dl_date=1950.03.30&dl_size=6.54 MB
Suspense,https://radioechoes.com/?page=series&genre=OTR-Drama&series=Suspense,Salvage,1950.04.06,https://radioechoes.com/?page=play_download&mode=play&dl_mp3folder=S&dl_file=suspense_1950-04-06_salvage.mp3&dl_series=Suspense&dl_title=Salvage&dl_date=1950.04.06&dl_size=6.59 MB
Suspense,https://radioechoes.com/?page=series&genre=OTR-Drama&series=Suspense,Six Feet Under,1950.04.13,https://radioechoes.com/?page=play_download&mode=play&dl_mp3folder=S&dl_file=suspense_1950-04-13_six_feet_under.mp3&dl_series=Suspense&dl_title=Six Feet Under&dl_date=1950.04.13&dl_size=6.81 MB
Suspense,https://radioechoes.com/?page=series&genre=OTR-Drama&series=Suspense,Pearls Are A Nuisance,1950.04.20,https://radioechoes.com/?page=play_download&mode=play&dl_mp3folder=S&dl_file=suspense_1950-04-20_pearls_are_a_nuisance.mp3&dl_series=Suspense&dl_title=Pearls Are A Nuisance&dl_date=1950.04.20&dl_size=6.55 MB
Suspense,https://radioechoes.com/?page=series&genre=OTR-Drama&series=Suspense,The Chain,1950.04.27,https://radioechoes.com/?page=play_download&mode=play&dl_mp3folder=S&dl_file=suspense_1950-04-27_the_chain.mp3&dl_series=Suspense&dl_title=The Chain&dl_date=1950.04.27&dl_size=6.51 MB
Suspense,https://radioechoes.com/?page=series&genre=OTR-Drama&series=Suspense,Statement Of Mary Blake,1950.05.04,https://radioechoes.com/?page=play_download&mode=play&dl_mp3folder=S&dl_file=suspense_1950-05-04_statement_of_mary_blake.mp3&dl_series=Suspense&dl_title=Statement Of Mary Blake&dl_date=1950.05.04&dl_size=6.65 MB
Suspense,https://radioechoes.com/?page=series&genre=OTR-Drama&series=Suspense,The Man In The Room,1950.05.11,https://radioechoes.com/?page=play_download&mode=play&dl_mp3folder=S&dl_file=suspense_1950-05-11_the_man_in_the_room.mp3&dl_series=Suspense&dl_title=The Man In The Room&dl_date=1950.05.11&dl_size=6.73 MB
Suspense,https://radioechoes.com/?page=series&genre=OTR-Drama&series=Suspense,Angel Face,1950.05.18,https://radioechoes.com/?page=play_download&mode=play&dl_mp3folder=S&dl_file=suspense_1950-05-18_angel_face.mp3&dl_series=Suspense&dl_title=Angel Face&dl_date=1950.05.18&dl_size=6.27 MB
Suspense,https://radioechoes.com/?page=series&genre=OTR-Drama&series=Suspense,Very Much Like A Nightmare,1950.05.25,https://radioechoes.com/?page=play_download&mode=play&dl_mp3folder=S&dl_file=suspense_1950-05-25_very_much_like_a_nightmare.mp3&dl_series=Suspense&dl_title=Very Much Like A Nightmare&dl_date=1950.05.25&dl_size=6.44 MB
Suspense,https://radioechoes.com/?page=series&genre=OTR-Drama&series=Suspense,Case Of Nerves,1950.06.01,https://radioechoes.com/?page=play_download&mode=play&dl_mp3folder=S&dl_file=suspense_1950-06-01_case_of_nerves.mp3&dl_series=Suspense&dl_title=Case Of Nerves&dl_date=1950.06.01&dl_size=5.6 MB
Suspense,https://radioechoes.com/?page=series&genre=OTR-Drama&series=Suspense,The Case Of Henri Vivard,1950.06.08,https://radioechoes.com/?page=play_download&mode=play&dl_mp3folder=S&dl_file=suspense_1950-06-08_the_case_of_henri_vivard.mp3&dl_series=Suspense&dl_title=The Case Of Henri Vivard&dl_date=1950.06.08&dl_size=6.58 MB
Suspense,https://radioechoes.com/?page=series&genre=OTR-Drama&series=Suspense,The One Millionth Joe,1950.06.22,https://radioechoes.com/?page=play_download&mode=play&dl_mp3folder=S&dl_file=suspense_1950-06-22_the_one_millionth_joe.mp3&dl_series=Suspense&dl_title=The One Millionth Joe&dl_date=1950.06.22&dl_size=6.66 MB
Suspense,https://radioechoes.com/?page=series&genre=OTR-Drama&series=Suspense,Love Honor Or Murder,1950.06.29,https://radioechoes.com/?page=play_download&mode=play&dl_mp3folder=S&dl_file=suspense_1950-06-29_love_honor_or_murder.mp3&dl_series=Suspense&dl_title=Love Honor Or Murder&dl_date=1950.06.29&dl_size=6.57 MB
Suspense,https://radioechoes.com/?page=series&genre=OTR-Drama&series=Suspense,True Report,1950.08.31,https://radioechoes.com/?page=play_download&mode=play&dl_mp3folder=S&dl_file=suspense_1950-08-31_true_report.mp3&dl_series=Suspense&dl_title=True Report&dl_date=1950.08.31&dl_size=6.6 MB
Suspense,https://radioechoes.com/?page=series&genre=OTR-Drama&series=Suspense,Over The Bounding Main,1950.09.14,https://radioechoes.com/?page=play_download&mode=play&dl_mp3folder=S&dl_file=suspense_1950-09-14_over_the_bounding_main.mp3&dl_series=Suspense&dl_title=Over The Bounding Main&dl_date=1950.09.14&dl_size=6.65 MB
Suspense,https://radioechoes.com/?page=series&genre=OTR-Drama&series=Suspense,The Crowd,1950.09.21,https://radioechoes.com/?page=play_download&mode=play&dl_mp3folder=S&dl_file=suspense_1950-09-21_the_crowd.mp3&dl_series=Suspense&dl_title=The Crowd&dl_date=1950.09.21&dl_size=6.67 MB
Suspense,https://radioechoes.com/?page=series&genre=OTR-Drama&series=Suspense,Fly By Night,1950.09.28,https://radioechoes.com/?page=play_download&mode=play&dl_mp3folder=S&dl_file=suspense_1950-09-28_fly_by_night.mp3&dl_series=Suspense&dl_title=Fly By Night&dl_date=1950.09.28&dl_size=6.53 MB
Suspense,https://radioechoes.com/?page=series&genre=OTR-Drama&series=Suspense,Rose Garden,1950.10.05,https://radioechoes.com/?page=play_download&mode=play&dl_mp3folder=S&dl_file=suspense_1950-10-05_rose_garden.mp3&dl_series=Suspense&dl_title=Rose Garden&dl_date=1950.10.05&dl_size=6.84 MB
Suspense,https://radioechoes.com/?page=series&genre=OTR-Drama&series=Suspense,Rave Notice,1950.10.12,https://radioechoes.com/?page=play_download&mode=play&dl_mp3folder=S&dl_file=suspense_1950-10-12_rave_notice.mp3&dl_series=Suspense&dl_title=Rave Notice&dl_date=1950.10.12&dl_size=6.76 MB
Suspense,https://radioechoes.com/?page=series&genre=OTR-Drama&series=Suspense,The Wages Of Sin,1950.10.19,https://radioechoes.com/?page=play_download&mode=play&dl_mp3folder=S&dl_file=suspense_1950-10-19_the_wages_of_sin.mp3&dl_series=Suspense&dl_title=The Wages Of Sin&dl_date=1950.10.19&dl_size=6.65 MB
Suspense,https://radioechoes.com/?page=series&genre=OTR-Drama&series=Suspense,Too Hot To Live,1950.10.26,https://radioechoes.com/?page=play_download&mode=play&dl_mp3folder=S&dl_file=suspense_1950-10-26_too_hot_to_live.mp3&dl_series=Suspense&dl_title=Too Hot To Live&dl_date=1950.10.26&dl_size=6.93 MB
Suspense,https://radioechoes.com/?page=series&genre=OTR-Drama&series=Suspense,The Victoria Cross,1950.11.02,https://radioechoes.com/?page=play_download&mode=play&dl_mp3folder=S&dl_file=suspense_1950-11-02_the_victoria_cross.mp3&dl_series=Suspense&dl_title=The Victoria Cross&dl_date=1950.11.02&dl_size=6.74 MB
Suspense,https://radioechoes.com/?page=series&genre=OTR-Drama&series=Suspense,Blood On The Trumpet,1950.11.09,https://radioechoes.com/?page=play_download&mode=play&dl_mp3folder=S&dl_file=suspense_1950-11-09_blood_on_the_trumpet.mp3&dl_series=Suspense&dl_title=Blood On The Trumpet&dl_date=1950.11.09&dl_size=6.61 MB
Suspense,https://radioechoes.com/?page=series&genre=OTR-Drama&series=Suspense,On A Country Road,1950.11.16,https://radioechoes.com/?page=play_download&mode=play&dl_mp3folder=S&dl_file=suspense_1950-11-16_on_a_country_road.mp3&dl_series=Suspense&dl_title=On A Country Road&dl_date=1950.11.16&dl_size=6.71 MB
Suspense,https://radioechoes.com/?page=series&genre=OTR-Drama&series=Suspense,Going Going Gone,1950.11.23,https://radioechoes.com/?page=play_download&mode=play&dl_mp3folder=S&dl_file=suspense_1950-11-23_going_going_gone.mp3&dl_series=Suspense&dl_title=Going Going Gone&dl_date=1950.11.23&dl_size=6.72 MB
Suspense,https://radioechoes.com/?page=series&genre=OTR-Drama&series=Suspense,The Lady In The Red Hat,1950.11.30,https://radioechoes.com/?page=play_download&mode=play&dl_mp3folder=S&dl_file=suspense_1950-11-30_the_lady_in_the_red_hat.mp3&dl_series=Suspense&dl_title=The Lady In The Red Hat&dl_date=1950.11.30&dl_size=6.81 MB
Suspense,https://radioechoes.com/?page=series&genre=OTR-Drama&series=Suspense,After The Movies,1950.12.07,https://radioechoes.com/?page=play_download&mode=play&dl_mp3folder=S&dl_file=suspense_1950-12-07_after_the_movies.mp3&dl_series=Suspense&dl_title=After The Movies&dl_date=1950.12.07&dl_size=6.88 MB
Suspense,https://radioechoes.com/?page=series&genre=OTR-Drama&series=Suspense,A Killing In Abilene,1950.12.14,https://radioechoes.com/?page=play_download&mode=play&dl_mp3folder=S&dl_file=suspense_1950-12-14_a_killing_in_abilene.mp3&dl_series=Suspense&dl_title=A Killing In Abilene&dl_date=1950.12.14&dl_size=6.8 MB
Suspense,https://radioechoes.com/?page=series&genre=OTR-Drama&series=Suspense,Christmas For Carole,1950.12.21,https://radioechoes.com/?page=play_download&mode=play&dl_mp3folder=S&dl_file=suspense_1950-12-21_christmas_for_carole.mp3&dl_series=Suspense&dl_title=Christmas For Carole&dl_date=1950.12.21&dl_size=6.71 MB
Suspense,https://radioechoes.com/?page=series&genre=OTR-Drama&series=Suspense,A Ring For Marya,1950.12.28,https://radioechoes.com/?page=play_download&mode=play&dl_mp3folder=S&dl_file=suspense_1950-12-28_a_ring_for_marya.mp3&dl_series=Suspense&dl_title=A Ring For Marya&dl_date=1950.12.28&dl_size=6.52 MB
Suspense,https://radioechoes.com/?page=series&genre=OTR-Drama&series=Suspense,Alibi Me,1951.01.04,https://radioechoes.com/?page=play_download&mode=play&dl_mp3folder=S&dl_file=suspense_1951-01-04_alibi_me.mp3&dl_series=Suspense&dl_title=Alibi Me&dl_date=1951.01.04&dl_size=6.53 MB
Suspense,https://radioechoes.com/?page=series&genre=OTR-Drama&series=Suspense,Vamp Till Dead,1951.01.11,https://radioechoes.com/?page=play_download&mode=play&dl_mp3folder=S&dl_file=suspense_1951-01-11_vamp_till_dead.mp3&dl_series=Suspense&dl_title=Vamp Till Dead&dl_date=1951.01.11&dl_size=5.81 MB
Suspense,https://radioechoes.com/?page=series&genre=OTR-Drama&series=Suspense,Well Dressed Corpse,1951.01.18,https://radioechoes.com/?page=play_download&mode=play&dl_mp3folder=S&dl_file=suspense_1951-01-18_well_dressed_corpse.mp3&dl_series=Suspense&dl_title=Well Dressed Corpse&dl_date=1951.01.18&dl_size=7.15 MB
Suspense,https://radioechoes.com/?page=series&genre=OTR-Drama&series=Suspense,Aria For Murder,1951.01.25,https://radioechoes.com/?page=play_download&mode=play&dl_mp3folder=S&dl_file=suspense_1951-01-25_aria_for_murder.mp3&dl_series=Suspense&dl_title=Aria For Murder&dl_date=1951.01.25&dl_size=6.76 MB
Suspense,https://radioechoes.com/?page=series&genre=OTR-Drama&series=Suspense,Fragile Contents Death,1951.02.01,https://radioechoes.com/?page=play_download&mode=play&dl_mp3folder=S&dl_file=suspense_1951-02-01_fragile_contents_death.mp3&dl_series=Suspense&dl_title=Fragile Contents Death&dl_date=1951.02.01&dl_size=7.06 MB
Suspense,https://radioechoes.com/?page=series&genre=OTR-Drama&series=Suspense,The Windy City Six,1951.02.08,https://radioechoes.com/?page=play_download&mode=play&dl_mp3folder=S&dl_file=suspense_1951-02-08_the_windy_city_six.mp3&dl_series=Suspense&dl_title=The Windy City Six&dl_date=1951.02.08&dl_size=5.61 MB
Suspense,https://radioechoes.com/?page=series&genre=OTR-Drama&series=Suspense,The Death Parade,1951.02.15,https://radioechoes.com/?page=play_download&mode=play&dl_mp3folder=S&dl_file=suspense_1951-02-15_the_death_parade.mp3&dl_series=Suspense&dl_title=The Death Parade&dl_date=1951.02.15&dl_size=6.11 MB
Suspense,https://radioechoes.com/?page=series&genre=OTR-Drama&series=Suspense,Backseat Driver,1951.02.22,https://radioechoes.com/?page=play_download&mode=play&dl_mp3folder=S&dl_file=suspense_1951-02-22_backseat_driver.mp3&dl_series=Suspense&dl_title=Backseat Driver&dl_date=1951.02.22&dl_size=5.55 MB
Suspense,https://radioechoes.com/?page=series&genre=OTR-Drama&series=Suspense,The Gift Of Jumbo Brannigan,1951.03.01,https://radioechoes.com/?page=play_download&mode=play&dl_mp3folder=S&dl_file=suspense_1951-03-01_the_gift_of_jumbo_brannigan.mp3&dl_series=Suspense&dl_title=The Gift Of Jumbo Brannigan&dl_date=1951.03.01&dl_size=5.41 MB
Suspense,https://radioechoes.com/?page=series&genre=OTR-Drama&series=Suspense,A Vision Of Death,1951.03.08,https://radioechoes.com/?page=play_download&mode=play&dl_mp3folder=S&dl_file=suspense_1951-03-08_a_vision_of_death.mp3&dl_series=Suspense&dl_title=A Vision Of Death&dl_date=1951.03.08&dl_size=6.55 MB
Suspense,https://radioechoes.com/?page=series&genre=OTR-Drama&series=Suspense,Strange For A Killer,1951.03.15,https://radioechoes.com/?page=play_download&mode=play&dl_mp3folder=S&dl_file=suspense_1951-03-15_strange_for_a_killer.mp3&dl_series=Suspense&dl_title=Strange For A Killer&dl_date=1951.03.15&dl_size=5.18 MB
Suspense,https://radioechoes.com/?page=series&genre=OTR-Drama&series=Suspense,Three Lethal Words,1951.03.22,https://radioechoes.com/?page=play_download&mode=play&dl_mp3folder=S&dl_file=suspense_1951-03-22_three_lethal_words.mp3&dl_series=Suspense&dl_title=Three Lethal Words&dl_date=1951.03.22&dl_size=6.83 MB
Suspense,https://radioechoes.com/?page=series&genre=OTR-Drama&series=Suspense,Death Pitch,1951.03.29,https://radioechoes.com/?page=play_download&mode=play&dl_mp3folder=S&dl_file=suspense_1951-03-29_death_pitch.mp3&dl_series=Suspense&dl_title=Death Pitch&dl_date=1951.03.29&dl_size=6.5 MB
Suspense,https://radioechoes.com/?page=series&genre=OTR-Drama&series=Suspense,Murder In G Flat,1951.04.05,https://radioechoes.com/?page=play_download&mode=play&dl_mp3folder=S&dl_file=suspense_1951-04-05_murder_in_g_flat.mp3&dl_series=Suspense&dl_title=Murder In G Flat&dl_date=1951.04.05&dl_size=6.77 MB
Suspense,https://radioechoes.com/?page=series&genre=OTR-Drama&series=Suspense,Early To Death,1951.04.12,https://radioechoes.com/?page=play_download&mode=play&dl_mp3folder=S&dl_file=suspense_1951-04-12_early_to_death.mp3&dl_series=Suspense&dl_title=Early To Death&dl_date=1951.04.12&dl_size=6.63 MB
Suspense,https://radioechoes.com/?page=series&genre=OTR-Drama&series=Suspense,The Rescue,1951.04.19,https://radioechoes.com/?page=play_download&mode=play&dl_mp3folder=S&dl_file=suspense_1951-04-19_the_rescue.mp3&dl_series=Suspense&dl_title=The Rescue&dl_date=1951.04.19&dl_size=5.9 MB
Suspense,https://radioechoes.com/?page=series&genre=OTR-Drama&series=Suspense,The 13th Sound,1951.04.26,https://radioechoes.com/?page=play_download&mode=play&dl_mp3folder=S&dl_file=suspense_1951-04-26_the_13th_sound.mp3&dl_series=Suspense&dl_title=The 13th Sound&dl_date=1951.04.26&dl_size=6.15 MB
Suspense,https://radioechoes.com/?page=series&genre=OTR-Drama&series=Suspense,When The Bough Breaks,1951.05.03,https://radioechoes.com/?page=play_download&mode=play&dl_mp3folder=S&dl_file=suspense_1951-05-03_when_the_bough_breaks.mp3&dl_series=Suspense&dl_title=When The Bough Breaks&dl_date=1951.05.03&dl_size=6.77 MB
Suspense,https://radioechoes.com/?page=series&genre=OTR-Drama&series=Suspense,Death On My Hands,1951.05.10,https://radioechoes.com/?page=play_download&mode=play&dl_mp3folder=S&dl_file=suspense_1951-05-10_death_on_my_hands.mp3&dl_series=Suspense&dl_title=Death On My Hands&dl_date=1951.05.10&dl_size=6.65 MB
Suspense,https://radioechoes.com/?page=series&genre=OTR-Drama&series=Suspense,Another Mans Poison,1951.05.17,https://radioechoes.com/?page=play_download&mode=play&dl_mp3folder=S&dl_file=suspense_1951-05-17_another_mans_poison.mp3&dl_series=Suspense&dl_title=Another Mans Poison&dl_date=1951.05.17&dl_size=6.11 MB
Suspense,https://radioechoes.com/?page=series&genre=OTR-Drama&series=Suspense,Overdrawn,1951.05.31,https://radioechoes.com/?page=play_download&mode=play&dl_mp3folder=S&dl_file=suspense_1951-05-31_overdrawn.mp3&dl_series=Suspense&dl_title=Overdrawn&dl_date=1951.05.31&dl_size=6.43 MB
Suspense,https://radioechoes.com/?page=series&genre=OTR-Drama&series=Suspense,Tell You Why I Shouldn't Die,1951.06.07,https://radioechoes.com/?page=play_download&mode=play&dl_mp3folder=S&dl_file=suspense_1951-06-07_tell_you_why_i_shouldnt_die.mp3&dl_series=Suspense&dl_title=Tell You Why I Shouldn't Die&dl_date=1951.06.07&dl_size=6.61 MB
Suspense,https://radioechoes.com/?page=series&genre=OTR-Drama&series=Suspense,The Truth About Jerry Baxter,1951.06.14,https://radioechoes.com/?page=play_download&mode=play&dl_mp3folder=S&dl_file=suspense_1951-06-14_the_truth_about_jerry_baxter.mp3&dl_series=Suspense&dl_title=The Truth About Jerry Baxter&dl_date=1951.06.14&dl_size=6.61 MB
Suspense,https://radioechoes.com/?page=series&genre=OTR-Drama&series=Suspense,The Greatest Thief In The World,1951.06.21,https://radioechoes.com/?page=play_download&mode=play&dl_mp3folder=S&dl_file=suspense_1951-06-21_the_greatest_thief_in_the_world.mp3&dl_series=Suspense&dl_title=The Greatest Thief In The World&dl_date=1951.06.21&dl_size=5.5 MB
Suspense,https://radioechoes.com/?page=series&genre=OTR-Drama&series=Suspense,The Case For Doctor Singer,1951.06.28,https://radioechoes.com/?page=play_download&mode=play&dl_mp3folder=S&dl_file=suspense_1951-06-28_the_case_for_doctor_singer.mp3&dl_series=Suspense&dl_title=The Case For Doctor Singer&dl_date=1951.06.28&dl_size=5.08 MB
Suspense,https://radioechoes.com/?page=series&genre=OTR-Drama&series=Suspense,Report On The Jolly Death Riders,1951.08.27,https://radioechoes.com/?page=play_download&mode=play&dl_mp3folder=S&dl_file=suspense_1951-08-27_report_on_the_jolly_death_riders.mp3&dl_series=Suspense&dl_title=Report On The Jolly Death Riders&dl_date=1951.08.27&dl_size=6.33 MB
Suspense,https://radioechoes.com/?page=series&genre=OTR-Drama&series=Suspense,The Steel River Prison Break,1951.09.03,https://radioechoes.com/?page=play_download&mode=play&dl_mp3folder=S&dl_file=suspense_1951-09-03_the_steel_river_prison_break.mp3&dl_series=Suspense&dl_title=The Steel River Prison Break&dl_date=1951.09.03&dl_size=6.41 MB
Suspense,https://radioechoes.com/?page=series&genre=OTR-Drama&series=Suspense,The Evil Of Adelaide Winters,1951.09.10,https://radioechoes.com/?page=play_download&mode=play&dl_mp3folder=S&dl_file=suspense_1951-09-10_the_evil_of_adelaide_winters.mp3&dl_series=Suspense&dl_title=The Evil Of Adelaide Winters&dl_date=1951.09.10&dl_size=6.09 MB
Suspense,https://radioechoes.com/?page=series&genre=OTR-Drama&series=Suspense,Neal Cream Doctor Of Poison,1951.09.17,https://radioechoes.com/?page=play_download&mode=play&dl_mp3folder=S&dl_file=suspense_1951-09-17_neal_cream_doctor_of_poison.mp3&dl_series=Suspense&dl_title=Neal Cream Doctor Of Poison&dl_date=1951.09.17&dl_size=6.21 MB
Suspense,https://radioechoes.com/?page=series&genre=OTR-Drama&series=Suspense,The McKay College Basketball Scandal,1951.09.24,https://radioechoes.com/?page=play_download&mode=play&dl_mp3folder=S&dl_file=suspense_1951-09-24_the_mckay_college_basketball_scandal.mp3&dl_series=Suspense&dl_title=The McKay College Basketball Scandal&dl_date=1951.09.24&dl_size=6.39 MB
Suspense,https://radioechoes.com/?page=series&genre=OTR-Drama&series=Suspense,Case Study Of A Murderer,1951.10.01,https://radioechoes.com/?page=play_download&mode=play&dl_mp3folder=S&dl_file=suspense_1951-10-01_case_study_of_a_murderer.mp3&dl_series=Suspense&dl_title=Case Study Of A Murderer&dl_date=1951.10.01&dl_size=6.2 MB
Suspense,https://radioechoes.com/?page=series&genre=OTR-Drama&series=Suspense,Betrayal In Vienna,1951.10.08,https://radioechoes.com/?page=play_download&mode=play&dl_mp3folder=S&dl_file=suspense_1951-10-08_betrayal_in_vienna.mp3&dl_series=Suspense&dl_title=Betrayal In Vienna&dl_date=1951.10.08&dl_size=6.84 MB
Suspense,https://radioechoes.com/?page=series&genre=OTR-Drama&series=Suspense,The Flame,1951.10.15,https://radioechoes.com/?page=play_download&mode=play&dl_mp3folder=S&dl_file=suspense_1951-10-15_the_flame.mp3&dl_series=Suspense&dl_title=The Flame&dl_date=1951.10.15&dl_size=6.91 MB
Suspense,https://radioechoes.com/?page=series&genre=OTR-Drama&series=Suspense,Hunting Of Bob Lee,1951.10.29,https://radioechoes.com/?page=play_download&mode=play&dl_mp3folder=S&dl_file=suspense_1951-10-29_hunting_of_bob_lee.mp3&dl_series=Suspense&dl_title=Hunting Of Bob Lee&dl_date=1951.10.29&dl_size=6.9 MB
Suspense,https://radioechoes.com/?page=series&genre=OTR-Drama&series=Suspense,Log Of The Marne,1951.12.02,https://radioechoes.com/?page=play_download&mode=play&dl_mp3folder=S&dl_file=suspense_1951-12-02_log_of_the_marne.mp3&dl_series=Suspense&dl_title=Log Of The Marne&dl_date=1951.12.02&dl_size=6.75 MB
Suspense,https://radioechoes.com/?page=series&genre=OTR-Drama&series=Suspense,A Murderous Revision,1951.12.03,https://radioechoes.com/?page=play_download&mode=play&dl_mp3folder=S&dl_file=suspense_1951-12-03_a_murderous_revision.mp3&dl_series=Suspense&dl_title=A Murderous Revision&dl_date=1951.12.03&dl_size=6.39 MB
Suspense,https://radioechoes.com/?page=series&genre=OTR-Drama&series=Suspense,Black Jack To Kill,1951.12.10,https://radioechoes.com/?page=play_download&mode=play&dl_mp3folder=S&dl_file=suspense_1951-12-10_black_jack_to_kill.mp3&dl_series=Suspense&dl_title=Black Jack To Kill&dl_date=1951.12.10&dl_size=6.75 MB
Suspense,https://radioechoes.com/?page=series&genre=OTR-Drama&series=Suspense,The Case History Of A Gambler,1951.12.17,https://radioechoes.com/?page=play_download&mode=play&dl_mp3folder=S&dl_file=suspense_1951-12-17_the_case_history_of_a_gambler.mp3&dl_series=Suspense&dl_title=The Case History Of A Gambler&dl_date=1951.12.17&dl_size=6.73 MB
Suspense,https://radioechoes.com/?page=series&genre=OTR-Drama&series=Suspense,Twas The Night Before Christmas,1951.12.24,https://radioechoes.com/?page=play_download&mode=play&dl_mp3folder=S&dl_file=suspense_1951-12-24_twas_the_night_before_christmas.mp3&dl_series=Suspense&dl_title=Twas The Night Before Christmas&dl_date=1951.12.24&dl_size=6.8 MB
Suspense,https://radioechoes.com/?page=series&genre=OTR-Drama&series=Suspense,Rogue Male,1951.12.31,https://radioechoes.com/?page=play_download&mode=play&dl_mp3folder=S&dl_file=suspense_1951-12-31_rogue_male.mp3&dl_series=Suspense&dl_title=Rogue Male&dl_date=1951.12.31&dl_size=5.64 MB
Suspense,https://radioechoes.com/?page=series&genre=OTR-Drama&series=Suspense,The Case Against Loo Doc,1952.01.07,https://radioechoes.com/?page=play_download&mode=play&dl_mp3folder=S&dl_file=suspense_1952-01-07_the_case_against_loo_doc.mp3&dl_series=Suspense&dl_title=The Case Against Loo Doc&dl_date=1952.01.07&dl_size=6.64 MB
Suspense,https://radioechoes.com/?page=series&genre=OTR-Drama&series=Suspense,Fall River Tragedy,1952.01.14,https://radioechoes.com/?page=play_download&mode=play&dl_mp3folder=S&dl_file=suspense_1952-01-14_fall_river_tragedy.mp3&dl_series=Suspense&dl_title=Fall River Tragedy&dl_date=1952.01.14&dl_size=6.84 MB
Suspense,https://radioechoes.com/?page=series&genre=OTR-Drama&series=Suspense,The Perfectionist,1952.01.21,https://radioechoes.com/?page=play_download&mode=play&dl_mp3folder=S&dl_file=suspense_1952-01-21_the_perfectionist.mp3&dl_series=Suspense&dl_title=The Perfectionist&dl_date=1952.01.21&dl_size=7.03 MB
Suspense,https://radioechoes.com/?page=series&genre=OTR-Drama&series=Suspense,The Carnival,1952.01.28,https://radioechoes.com/?page=play_download&mode=play&dl_mp3folder=S&dl_file=suspense_1952-01-28_the_carnival.mp3&dl_series=Suspense&dl_title=The Carnival&dl_date=1952.01.28&dl_size=6.76 MB
Suspense,https://radioechoes.com/?page=series&genre=OTR-Drama&series=Suspense,Treasure Chest Of Don Jose,1952.02.04,https://radioechoes.com/?page=play_download&mode=play&dl_mp3folder=S&dl_file=suspense_1952-02-04_treasure_chest_of_don_jose.mp3&dl_series=Suspense&dl_title=Treasure Chest Of Don Jose&dl_date=1952.02.04&dl_size=6.81 MB
Suspense,https://radioechoes.com/?page=series&genre=OTR-Drama&series=Suspense,Odd Man Out,1952.02.11,https://radioechoes.com/?page=play_download&mode=play&dl_mp3folder=S&dl_file=suspense_1952-02-11_odd_man_out.mp3&dl_series=Suspense&dl_title=Odd Man Out&dl_date=1952.02.11&dl_size=6.77 MB
Suspense,https://radioechoes.com/?page=series&genre=OTR-Drama&series=Suspense,The Track Of The Cat,1952.02.18,https://radioechoes.com/?page=play_download&mode=play&dl_mp3folder=S&dl_file=suspense_1952-02-18_the_track_of_the_cat.mp3&dl_series=Suspense&dl_title=The Track Of The Cat&dl_date=1952.02.18&dl_size=6.77 MB
Suspense,https://radioechoes.com/?page=series&genre=OTR-Drama&series=Suspense,A Killing In Las Vegas,1952.02.25,https://radioechoes.com/?page=play_download&mode=play&dl_mp3folder=S&dl_file=suspense_1952-02-25_a_killing_in_las_vegas.mp3&dl_series=Suspense&dl_title=A Killing In Las Vegas&dl_date=1952.02.25&dl_size=6.77 MB
Suspense,https://radioechoes.com/?page=series&genre=OTR-Drama&series=Suspense,The Thirty Nine Steps,1952.03.03,https://radioechoes.com/?page=play_download&mode=play&dl_mp3folder=S&dl_file=suspense_1952-03-03_the_thirty_nine_steps.mp3&dl_series=Suspense&dl_title=The Thirty Nine Steps&dl_date=1952.03.03&dl_size=6.69 MB
Suspense,https://radioechoes.com/?page=series&genre=OTR-Drama&series=Suspense,A Watery Grave,1952.03.10,https://radioechoes.com/?page=play_download&mode=play&dl_mp3folder=S&dl_file=suspense_1952-03-10_a_watery_grave.mp3&dl_series=Suspense&dl_title=A Watery Grave&dl_date=1952.03.10&dl_size=6.81 MB
Suspense,https://radioechoes.com/?page=series&genre=OTR-Drama&series=Suspense,The Wreck Of The Old 97,1952.03.17,https://radioechoes.com/?page=play_download&mode=play&dl_mp3folder=S&dl_file=suspense_1952-03-17_the_wreck_of_the_old_97.mp3&dl_series=Suspense&dl_title=The Wreck Of The Old 97&dl_date=1952.03.17&dl_size=6.57 MB
Suspense,https://radioechoes.com/?page=series&genre=OTR-Drama&series=Suspense,A Murder Of Necessity,1952.03.24,https://radioechoes.com/?page=play_download&mode=play&dl_mp3folder=S&dl_file=suspense_1952-03-24_a_murder_of_necessity.mp3&dl_series=Suspense&dl_title=A Murder Of Necessity&dl_date=1952.03.24&dl_size=6.62 MB
Suspense,https://radioechoes.com/?page=series&genre=OTR-Drama&series=Suspense,Lady Pamela,1952.03.31,https://radioechoes.com/?page=play_download&mode=play&dl_mp3folder=S&dl_file=suspense_1952-03-31_lady_pamela.mp3&dl_series=Suspense&dl_title=Lady Pamela&dl_date=1952.03.31&dl_size=5.47 MB
Suspense,https://radioechoes.com/?page=series&genre=OTR-Drama&series=Suspense,Remember Me,1952.04.07,https://radioechoes.com/?page=play_download&mode=play&dl_mp3folder=S&dl_file=suspense_1952-04-07_remember_me.mp3&dl_series=Suspense&dl_title=Remember Me&dl_date=1952.04.07&dl_size=6.47 MB
Suspense,https://radioechoes.com/?page=series&genre=OTR-Drama&series=Suspense,Mate Bram,1952.04.14,https://radioechoes.com/?page=play_download&mode=play&dl_mp3folder=S&dl_file=suspense_1952-04-14_mate_bram.mp3&dl_series=Suspense&dl_title=Mate Bram&dl_date=1952.04.14&dl_size=6.43 MB
Suspense,https://radioechoes.com/?page=series&genre=OTR-Drama&series=Suspense,The Diary Of Captain Scott,1952.04.21,https://radioechoes.com/?page=play_download&mode=play&dl_mp3folder=S&dl_file=suspense_1952-04-21_the_diary_of_captain_scott.mp3&dl_series=Suspense&dl_title=The Diary Of Captain Scott&dl_date=1952.04.21&dl_size=6.8 MB
Suspense,https://radioechoes.com/?page=series&genre=OTR-Drama&series=Suspense,The Shooting Of Billy The Kid,1952.04.28,https://radioechoes.com/?page=play_download&mode=play&dl_mp3folder=S&dl_file=suspense_1952-04-28_the_shooting_of_billy_the_kid.mp3&dl_series=Suspense&dl_title=The Shooting Of Billy The Kid&dl_date=1952.04.28&dl_size=5.98 MB
Suspense,https://radioechoes.com/?page=series&genre=OTR-Drama&series=Suspense,Frankie And Johnny,1952.05.05,https://radioechoes.com/?page=play_download&mode=play&dl_mp3folder=S&dl_file=suspense_1952-05-05_frankie_and_johnny.mp3&dl_series=Suspense&dl_title=Frankie And Johnny&dl_date=1952.05.05&dl_size=6.82 MB
Suspense,https://radioechoes.com/?page=series&genre=OTR-Drama&series=Suspense,The Missing Person,1952.05.12,https://radioechoes.com/?page=play_download&mode=play&dl_mp3folder=S&dl_file=suspense_1952-05-12_the_missing_person.mp3&dl_series=Suspense&dl_title=The Missing Person&dl_date=1952.05.12&dl_size=7.1 MB
Suspense,https://radioechoes.com/?page=series&genre=OTR-Drama&series=Suspense,The Flight Of The Bumblebee,1952.05.19,https://radioechoes.com/?page=play_download&mode=play&dl_mp3folder=S&dl_file=suspense_1952-05-19_the_flight_of_the_bumblebee.mp3&dl_series=Suspense&dl_title=The Flight Of The Bumblebee&dl_date=1952.05.19&dl_size=6.64 MB
Suspense,https://radioechoes.com/?page=series&genre=OTR-Drama&series=Suspense,The Death Of Me,1952.05.26,https://radioechoes.com/?page=play_download&mode=play&dl_mp3folder=S&dl_file=suspense_1952-05-26_the_death_of_me.mp3&dl_series=Suspense&dl_title=The Death Of Me&dl_date=1952.05.26&dl_size=6.67 MB
Suspense,https://radioechoes.com/?page=series&genre=OTR-Drama&series=Suspense,A Good And Faithful Servant,1952.06.02,https://radioechoes.com/?page=play_download&mode=play&dl_mp3folder=S&dl_file=suspense_1952-06-02_a_good_and_faithful_servant.mp3&dl_series=Suspense&dl_title=A Good And Faithful Servant&dl_date=1952.06.02&dl_size=6.76 MB
Suspense,https://radioechoes.com/?page=series&genre=OTR-Drama&series=Suspense,Concerto For Killer And Eyewitness,1952.06.09,https://radioechoes.com/?page=play_download&mode=play&dl_mp3folder=S&dl_file=suspense_1952-06-09_concerto_for_killer_and_eyewitness.mp3&dl_series=Suspense&dl_title=Concerto For Killer And Eyewitness&dl_date=1952.06.09&dl_size=6.64 MB
Suspense,https://radioechoes.com/?page=series&genre=OTR-Drama&series=Suspense,Jack Ketch,1952.09.22,https://radioechoes.com/?page=play_download&mode=play&dl_mp3folder=S&dl_file=suspense_1952-09-22_jack_ketch.mp3&dl_series=Suspense&dl_title=Jack Ketch&dl_date=1952.09.22&dl_size=7.02 MB
Suspense,https://radioechoes.com/?page=series&genre=OTR-Drama&series=Suspense,Vidocqs Final Case,1952.09.29,https://radioechoes.com/?page=play_download&mode=play&dl_mp3folder=S&dl_file=suspense_1952-09-29_vidocqs_final_case.mp3&dl_series=Suspense&dl_title=Vidocqs Final Case&dl_date=1952.09.29&dl_size=5.73 MB
Suspense,https://radioechoes.com/?page=series&genre=OTR-Drama&series=Suspense,The Diary Of Dr. Pritchard,1952.10.06,https://radioechoes.com/?page=play_download&mode=play&dl_mp3folder=S&dl_file=suspense_1952-10-06_the_diary_of_dr_pritchard.mp3&dl_series=Suspense&dl_title=The Diary Of Dr. Pritchard&dl_date=1952.10.06&dl_size=6.4 MB
Suspense,https://radioechoes.com/?page=series&genre=OTR-Drama&series=Suspense,How Long Is The Night,1952.10.13,https://radioechoes.com/?page=play_download&mode=play&dl_mp3folder=S&dl_file=suspense_1952-10-13_how_long_is_the_night.mp3&dl_series=Suspense&dl_title=How Long Is The Night&dl_date=1952.10.13&dl_size=6.52 MB
Suspense,https://radioechoes.com/?page=series&genre=OTR-Drama&series=Suspense,Death Of Barbara Allen,1952.10.20,https://radioechoes.com/?page=play_download&mode=play&dl_mp3folder=S&dl_file=suspense_1952-10-20_death_of_barbara_allen.mp3&dl_series=Suspense&dl_title=Death Of Barbara Allen&dl_date=1952.10.20&dl_size=6.66 MB
Suspense,https://radioechoes.com/?page=series&genre=OTR-Drama&series=Suspense,Alan In Wonderland,1952.10.27,https://radioechoes.com/?page=play_download&mode=play&dl_mp3folder=S&dl_file=suspense_1952-10-27_alan_in_wonderland.mp3&dl_series=Suspense&dl_title=Alan In Wonderland&dl_date=1952.10.27&dl_size=6.69 MB
Suspense,https://radioechoes.com/?page=series&genre=OTR-Drama&series=Suspense,Frankenstein,1952.11.03,https://radioechoes.com/?page=play_download&mode=play&dl_mp3folder=S&dl_file=suspense_1952-11-03_frankenstein.mp3&dl_series=Suspense&dl_title=Frankenstein&dl_date=1952.11.03&dl_size=6.74 MB
Suspense,https://radioechoes.com/?page=series&genre=OTR-Drama&series=Suspense,Frightened City,1952.11.10,https://radioechoes.com/?page=play_download&mode=play&dl_mp3folder=S&dl_file=suspense_1952-11-10_frightened_city_1952-11-10.mp3&dl_series=Suspense&dl_title=Frightened City&dl_date=1952.11.10&dl_size=6.71 MB
Suspense,https://radioechoes.com/?page=series&genre=OTR-Drama&series=Suspense,Death And Miss Turner,1952.11.17,https://radioechoes.com/?page=play_download&mode=play&dl_mp3folder=S&dl_file=suspense_1952-11-17_death_and_miss_turner.mp3&dl_series=Suspense&dl_title=Death And Miss Turner&dl_date=1952.11.17&dl_size=6.65 MB
Suspense,https://radioechoes.com/?page=series&genre=OTR-Drama&series=Suspense,Mann Alive,1952.11.24,https://radioechoes.com/?page=play_download&mode=play&dl_mp3folder=S&dl_file=suspense_1952-11-24_mann_alive.mp3&dl_series=Suspense&dl_title=Mann Alive&dl_date=1952.11.24&dl_size=6.57 MB
Suspense,https://radioechoes.com/?page=series&genre=OTR-Drama&series=Suspense,The Big Heist,1952.12.01,https://radioechoes.com/?page=play_download&mode=play&dl_mp3folder=S&dl_file=suspense_1952-12-01_the_big_heist.mp3&dl_series=Suspense&dl_title=The Big Heist&dl_date=1952.12.01&dl_size=6.59 MB
Suspense,https://radioechoes.com/?page=series&genre=OTR-Drama&series=Suspense,Joker's Wild,1952.12.08,https://radioechoes.com/?page=play_download&mode=play&dl_mp3folder=S&dl_file=suspense_1952-12-08_jokers_wild.mp3&dl_series=Suspense&dl_title=Joker's Wild&dl_date=1952.12.08&dl_size=6.02 MB
Suspense,https://radioechoes.com/?page=series&genre=OTR-Drama&series=Suspense,Man With Two Faces,1952.12.15,https://radioechoes.com/?page=play_download&mode=play&dl_mp3folder=S&dl_file=suspense_1952-12-15_man_with_two_faces.mp3&dl_series=Suspense&dl_title=Man With Two Faces&dl_date=1952.12.15&dl_size=6.63 MB
Suspense,https://radioechoes.com/?page=series&genre=OTR-Drama&series=Suspense,Artic Rescue,1952.12.22,https://radioechoes.com/?page=play_download&mode=play&dl_mp3folder=S&dl_file=suspense_1952-12-22_artic_rescue.mp3&dl_series=Suspense&dl_title=Artic Rescue&dl_date=1952.12.22&dl_size=6.75 MB
Suspense,https://radioechoes.com/?page=series&genre=OTR-Drama&series=Suspense,Melody In Dreams,1952.12.29,https://radioechoes.com/?page=play_download&mode=play&dl_mp3folder=S&dl_file=suspense_1952-12-29_melody_in_dreams.mp3&dl_series=Suspense&dl_title=Melody In Dreams&dl_date=1952.12.29&dl_size=6.63 MB
Suspense,https://radioechoes.com/?page=series&genre=OTR-Drama&series=Suspense,The Mystery Of Edwin Drood,1953.01.05,https://radioechoes.com/?page=play_download&mode=play&dl_mp3folder=S&dl_file=suspense_1953-01-05_the_mystery_of_edwin_drood_ep01of02.mp3&dl_series=Suspense&dl_title=The Mystery Of Edwin Drood&dl_date=1953.01.05&dl_size=6.95 MB
Suspense,https://radioechoes.com/?page=series&genre=OTR-Drama&series=Suspense,The Mystery Of Edwin Drood,1953.01.12,https://radioechoes.com/?page=play_download&mode=play&dl_mp3folder=S&dl_file=suspense_1953-01-12_the_mystery_of_edwin_drood_ep02of02.mp3&dl_series=Suspense&dl_title=The Mystery Of Edwin Drood&dl_date=1953.01.12&dl_size=6.97 MB
Suspense,https://radioechoes.com/?page=series&genre=OTR-Drama&series=Suspense,Gold Of The Adomar,1953.01.19,https://radioechoes.com/?page=play_download&mode=play&dl_mp3folder=S&dl_file=suspense_1953-01-19_gold_of_the_adomar.mp3&dl_series=Suspense&dl_title=Gold Of The Adomar&dl_date=1953.01.19&dl_size=6.25 MB
Suspense,https://radioechoes.com/?page=series&genre=OTR-Drama&series=Suspense,The Spencer Brothers,1953.01.26,https://radioechoes.com/?page=play_download&mode=play&dl_mp3folder=S&dl_file=suspense_1953-01-26_the_spencer_brothers.mp3&dl_series=Suspense&dl_title=The Spencer Brothers&dl_date=1953.01.26&dl_size=6.71 MB
Suspense,https://radioechoes.com/?page=series&genre=OTR-Drama&series=Suspense,Plan X,1953.02.02,https://radioechoes.com/?page=play_download&mode=play&dl_mp3folder=S&dl_file=suspense_1953-02-02_plan_x.mp3&dl_series=Suspense&dl_title=Plan X&dl_date=1953.02.02&dl_size=6.7 MB
Suspense,https://radioechoes.com/?page=series&genre=OTR-Drama&series=Suspense,The Man Who Cried Wolf,1953.02.09,https://radioechoes.com/?page=play_download&mode=play&dl_mp3folder=S&dl_file=suspense_1953-02-09_the_man_who_cried_wolf.mp3&dl_series=Suspense&dl_title=The Man Who Cried Wolf&dl_date=1953.02.09&dl_size=6.86 MB
Suspense,https://radioechoes.com/?page=series&genre=OTR-Drama&series=Suspense,The Love And Death Of Joaquin Murieta,1953.02.16,https://radioechoes.com/?page=play_download&mode=play&dl_mp3folder=S&dl_file=suspense_1953-02-16_the_love_and_death_of_joaquin_murieta.mp3&dl_series=Suspense&dl_title=The Love And Death Of Joaquin Murieta&dl_date=1953.02.16&dl_size=6.7 MB
Suspense,https://radioechoes.com/?page=series&genre=OTR-Drama&series=Suspense,St. James Infirmary Blues,1953.02.23,https://radioechoes.com/?page=play_download&mode=play&dl_mp3folder=S&dl_file=suspense_1953-02-23_st_james_infirmary_blues.mp3&dl_series=Suspense&dl_title=St. James Infirmary Blues&dl_date=1953.02.23&dl_size=6.63 MB
Suspense,https://radioechoes.com/?page=series&genre=OTR-Drama&series=Suspense,The Storm,1953.03.02,https://radioechoes.com/?page=play_download&mode=play&dl_mp3folder=S&dl_file=suspense_1953-03-02_the_storm.mp3&dl_series=Suspense&dl_title=The Storm&dl_date=1953.03.02&dl_size=6.72 MB
Suspense,https://radioechoes.com/?page=series&genre=OTR-Drama&series=Suspense,The Dead Alive,1953.03.09,https://radioechoes.com/?page=play_download&mode=play&dl_mp3folder=S&dl_file=suspense_1953-03-09_the_dead_alive.mp3&dl_series=Suspense&dl_title=The Dead Alive&dl_date=1953.03.09&dl_size=6.87 MB
Suspense,https://radioechoes.com/?page=series&genre=OTR-Drama&series=Suspense,The Mountain,1953.03.16,https://radioechoes.com/?page=play_download&mode=play&dl_mp3folder=S&dl_file=suspense_1953-03-16_the_mountain.mp3&dl_series=Suspense&dl_title=The Mountain&dl_date=1953.03.16&dl_size=6.79 MB
Suspense,https://radioechoes.com/?page=series&genre=OTR-Drama&series=Suspense,The Signalman,1953.03.23,https://radioechoes.com/?page=play_download&mode=play&dl_mp3folder=S&dl_file=suspense_1953-03-23_the_signalman.mp3&dl_series=Suspense&dl_title=The Signalman&dl_date=1953.03.23&dl_size=6.45 MB
Suspense,https://radioechoes.com/?page=series&genre=OTR-Drama&series=Suspense,Tom Dooley,1953.03.30,https://radioechoes.com/?page=play_download&mode=play&dl_mp3folder=S&dl_file=suspense_1953-03-30_tom_dooley.mp3&dl_series=Suspense&dl_title=Tom Dooley&dl_date=1953.03.30&dl_size=6.65 MB
Suspense,https://radioechoes.com/?page=series&genre=OTR-Drama&series=Suspense,Around The World,1953.04.06,https://radioechoes.com/?page=play_download&mode=play&dl_mp3folder=S&dl_file=suspense_1953-04-06_around_the_world.mp3&dl_series=Suspense&dl_title=Around The World&dl_date=1953.04.06&dl_size=6.84 MB
Suspense,https://radioechoes.com/?page=series&genre=OTR-Drama&series=Suspense,The Great Train Robbery,1953.04.13,https://radioechoes.com/?page=play_download&mode=play&dl_mp3folder=S&dl_file=suspense_1953-04-13_the_great_train_robbery.mp3&dl_series=Suspense&dl_title=The Great Train Robbery&dl_date=1953.04.13&dl_size=6.97 MB
Suspense,https://radioechoes.com/?page=series&genre=OTR-Drama&series=Suspense,Public Defender,1953.04.20,https://radioechoes.com/?page=play_download&mode=play&dl_mp3folder=S&dl_file=suspense_1953-04-20_public_defender.mp3&dl_series=Suspense&dl_title=Public Defender&dl_date=1953.04.20&dl_size=6.95 MB
Suspense,https://radioechoes.com/?page=series&genre=OTR-Drama&series=Suspense,The Man Within,1953.04.27,https://radioechoes.com/?page=play_download&mode=play&dl_mp3folder=S&dl_file=suspense_1953-04-27_the_man_within.mp3&dl_series=Suspense&dl_title=The Man Within&dl_date=1953.04.27&dl_size=6.86 MB
Suspense,https://radioechoes.com/?page=series&genre=OTR-Drama&series=Suspense,Othello,1953.05.04,https://radioechoes.com/?page=play_download&mode=play&dl_mp3folder=S&dl_file=suspense_1953-05-04_othello_ep01of02.mp3&dl_series=Suspense&dl_title=Othello&dl_date=1953.05.04&dl_size=6.43 MB
Suspense,https://radioechoes.com/?page=series&genre=OTR-Drama&series=Suspense,Othello,1953.05.11,https://radioechoes.com/?page=play_download&mode=play&dl_mp3folder=S&dl_file=suspense_1953-05-11_othello_ep02of02.mp3&dl_series=Suspense&dl_title=Othello&dl_date=1953.05.11&dl_size=7.02 MB
Suspense,https://radioechoes.com/?page=series&genre=OTR-Drama&series=Suspense,Vial Of Death,1953.05.18,https://radioechoes.com/?page=play_download&mode=play&dl_mp3folder=S&dl_file=suspense_1953-05-18_vial_of_death.mp3&dl_series=Suspense&dl_title=Vial Of Death&dl_date=1953.05.18&dl_size=6.71 MB
Suspense,https://radioechoes.com/?page=series&genre=OTR-Drama&series=Suspense,Pigeon In The Cage,1953.05.25,https://radioechoes.com/?page=play_download&mode=play&dl_mp3folder=S&dl_file=suspense_1953-05-25_pigeon_in_the_cage.mp3&dl_series=Suspense&dl_title=Pigeon In The Cage&dl_date=1953.05.25&dl_size=6.49 MB
Suspense,https://radioechoes.com/?page=series&genre=OTR-Drama&series=Suspense,A Vision Of Death,1953.06.01,https://radioechoes.com/?page=play_download&mode=play&dl_mp3folder=S&dl_file=suspense_1953-06-01_a_vision_of_death.mp3&dl_series=Suspense&dl_title=A Vision Of Death&dl_date=1953.06.01&dl_size=6.9 MB
Suspense,https://radioechoes.com/?page=series&genre=OTR-Drama&series=Suspense,Mystery Of The Mary Celeste,1953.06.08,https://radioechoes.com/?page=play_download&mode=play&dl_mp3folder=S&dl_file=suspense_1953-06-08_mystery_of_the_mary_celeste.mp3&dl_series=Suspense&dl_title=Mystery Of The Mary Celeste&dl_date=1953.06.08&dl_size=7 MB
Suspense,https://radioechoes.com/?page=series&genre=OTR-Drama&series=Suspense,A Message To Garcia,1953.09.14,https://radioechoes.com/?page=play_download&mode=play&dl_mp3folder=S&dl_file=suspense_1953-09-14_a_message_to_garcia.mp3&dl_series=Suspense&dl_title=A Message To Garcia&dl_date=1953.09.14&dl_size=6.62 MB
Suspense,https://radioechoes.com/?page=series&genre=OTR-Drama&series=Suspense,The Empty Chair,1953.09.21,https://radioechoes.com/?page=play_download&mode=play&dl_mp3folder=S&dl_file=suspense_1953-09-21_the_empty_chair.mp3&dl_series=Suspense&dl_title=The Empty Chair&dl_date=1953.09.21&dl_size=6.84 MB
Suspense,https://radioechoes.com/?page=series&genre=OTR-Drama&series=Suspense,Hellfire,1953.09.28,https://radioechoes.com/?page=play_download&mode=play&dl_mp3folder=S&dl_file=suspense_1953-09-28_hellfire.mp3&dl_series=Suspense&dl_title=Hellfire&dl_date=1953.09.28&dl_size=6.86 MB
Suspense,https://radioechoes.com/?page=series&genre=OTR-Drama&series=Suspense,Action,1953.10.05,https://radioechoes.com/?page=play_download&mode=play&dl_mp3folder=S&dl_file=suspense_1953-10-05_action.mp3&dl_series=Suspense&dl_title=Action&dl_date=1953.10.05&dl_size=6.9 MB
Suspense,https://radioechoes.com/?page=series&genre=OTR-Drama&series=Suspense,The Shot,1953.10.12,https://radioechoes.com/?page=play_download&mode=play&dl_mp3folder=S&dl_file=suspense_1953-10-12_the_shot.mp3&dl_series=Suspense&dl_title=The Shot&dl_date=1953.10.12&dl_size=6.71 MB
Suspense,https://radioechoes.com/?page=series&genre=OTR-Drama&series=Suspense,My True Loves Hair,1953.10.19,https://radioechoes.com/?page=play_download&mode=play&dl_mp3folder=S&dl_file=suspense_1953-10-19_my_true_loves_hair.mp3&dl_series=Suspense&dl_title=My True Loves Hair&dl_date=1953.10.19&dl_size=6.65 MB
Suspense,https://radioechoes.com/?page=series&genre=OTR-Drama&series=Suspense,Dutch Schultz,1953.10.26,https://radioechoes.com/?page=play_download&mode=play&dl_mp3folder=S&dl_file=suspense_1953-10-26_dutch_schultz.mp3&dl_series=Suspense&dl_title=Dutch Schultz&dl_date=1953.10.26&dl_size=6.6 MB
Suspense,https://radioechoes.com/?page=series&genre=OTR-Drama&series=Suspense,Ordeal In Donner Pass,1953.11.02,https://radioechoes.com/?page=play_download&mode=play&dl_mp3folder=S&dl_file=suspense_1953-11-02_ordeal_in_donner_pass.mp3&dl_series=Suspense&dl_title=Ordeal In Donner Pass&dl_date=1953.11.02&dl_size=6.58 MB
Suspense,https://radioechoes.com/?page=series&genre=OTR-Drama&series=Suspense,Needle In The Haystack,1953.11.09,https://radioechoes.com/?page=play_download&mode=play&dl_mp3folder=S&dl_file=suspense_1953-11-09_needle_in_the_haystack.mp3&dl_series=Suspense&dl_title=Needle In The Haystack&dl_date=1953.11.09&dl_size=6.67 MB
Suspense,https://radioechoes.com/?page=series&genre=OTR-Drama&series=Suspense,Moonstone,1953.11.16,https://radioechoes.com/?page=play_download&mode=play&dl_mp3folder=S&dl_file=suspense_1953-11-16_moonstone_ep01of02.mp3&dl_series=Suspense&dl_title=Moonstone&dl_date=1953.11.16&dl_size=7.14 MB
Suspense,https://radioechoes.com/?page=series&genre=OTR-Drama&series=Suspense,Moonstone,1953.11.23,https://radioechoes.com/?page=play_download&mode=play&dl_mp3folder=S&dl_file=suspense_1953-11-23_moonstone_ep02of02.mp3&dl_series=Suspense&dl_title=Moonstone&dl_date=1953.11.23&dl_size=7.08 MB
Suspense,https://radioechoes.com/?page=series&genre=OTR-Drama&series=Suspense,Wreck Of The Maid Of Athens,1953.11.30,https://radioechoes.com/?page=play_download&mode=play&dl_mp3folder=S&dl_file=suspense_1953-11-30_wreck_of_the_maid_of_athens.mp3&dl_series=Suspense&dl_title=Wreck Of The Maid Of Athens&dl_date=1953.11.30&dl_size=6.74 MB
Suspense,https://radioechoes.com/?page=series&genre=OTR-Drama&series=Suspense,Trent's Last Case,1953.12.07,https://radioechoes.com/?page=play_download&mode=play&dl_mp3folder=S&dl_file=suspense_1953-12-07_trents_last_case.mp3&dl_series=Suspense&dl_title=Trent's Last Case&dl_date=1953.12.07&dl_size=6.6 MB
Suspense,https://radioechoes.com/?page=series&genre=OTR-Drama&series=Suspense,Mystery Of The Marie Roget,1953.12.14,https://radioechoes.com/?page=play_download&mode=play&dl_mp3folder=S&dl_file=suspense_1953-12-14_mystery_of_the_marie_roget.mp3&dl_series=Suspense&dl_title=Mystery Of The Marie Roget&dl_date=1953.12.14&dl_size=6.73 MB
Suspense,https://radioechoes.com/?page=series&genre=OTR-Drama&series=Suspense,The Night Before Christmas,1953.12.21,https://radioechoes.com/?page=play_download&mode=play&dl_mp3folder=S&dl_file=suspense_1953-12-21_the_night_before_christmas.mp3&dl_series=Suspense&dl_title=The Night Before Christmas&dl_date=1953.12.21&dl_size=6.79 MB
Suspense,https://radioechoes.com/?page=series&genre=OTR-Drama&series=Suspense,The Queen's Ring,1953.12.28,https://radioechoes.com/?page=play_download&mode=play&dl_mp3folder=S&dl_file=suspense_1953-12-28_the_queens_ring.mp3&dl_series=Suspense&dl_title=The Queen's Ring&dl_date=1953.12.28&dl_size=6.75 MB
Suspense,https://radioechoes.com/?page=series&genre=OTR-Drama&series=Suspense,On A Country Road,1954.01.04,https://radioechoes.com/?page=play_download&mode=play&dl_mp3folder=S&dl_file=suspense_1954-01-04_on_a_country_road.mp3&dl_series=Suspense&dl_title=On A Country Road&dl_date=1954.01.04&dl_size=6.85 MB
Suspense,https://radioechoes.com/?page=series&genre=OTR-Drama&series=Suspense,One Man Crime Wave,1954.01.11,https://radioechoes.com/?page=play_download&mode=play&dl_mp3folder=S&dl_file=suspense_1954-01-11_one_man_crime_wave.mp3&dl_series=Suspense&dl_title=One Man Crime Wave&dl_date=1954.01.11&dl_size=6.71 MB
Suspense,https://radioechoes.com/?page=series&genre=OTR-Drama&series=Suspense,The Face Is Familiar,1954.01.18,https://radioechoes.com/?page=play_download&mode=play&dl_mp3folder=S&dl_file=suspense_1954-01-18_the_face_is_familiar.mp3&dl_series=Suspense&dl_title=The Face Is Familiar&dl_date=1954.01.18&dl_size=6.52 MB
Suspense,https://radioechoes.com/?page=series&genre=OTR-Drama&series=Suspense,Want Ad,1954.01.25,https://radioechoes.com/?page=play_download&mode=play&dl_mp3folder=S&dl_file=suspense_1954-01-25_want_ad.mp3&dl_series=Suspense&dl_title=Want Ad&dl_date=1954.01.25&dl_size=6.68 MB
Suspense,https://radioechoes.com/?page=series&genre=OTR-Drama&series=Suspense,Never Follow A Banjo Act,1954.02.01,https://radioechoes.com/?page=play_download&mode=play&dl_mp3folder=S&dl_file=suspense_1954-02-01_never_follow_a_banjo_act.mp3&dl_series=Suspense&dl_title=Never Follow A Banjo Act&dl_date=1954.02.01&dl_size=6.7 MB
Suspense,https://radioechoes.com/?page=series&genre=OTR-Drama&series=Suspense,Death At Skreikerodd Pond,1954.02.08,https://radioechoes.com/?page=play_download&mode=play&dl_mp3folder=S&dl_file=suspense_1954-02-08_death_at_skreikerodd_pond.mp3&dl_series=Suspense&dl_title=Death At Skreikerodd Pond&dl_date=1954.02.08&dl_size=7.04 MB
Suspense,https://radioechoes.com/?page=series&genre=OTR-Drama&series=Suspense,The Outer Limit,1954.02.15,https://radioechoes.com/?page=play_download&mode=play&dl_mp3folder=S&dl_file=suspense_1954-02-15_the_outer_limit.mp3&dl_series=Suspense&dl_title=The Outer Limit&dl_date=1954.02.15&dl_size=6.72 MB
Suspense,https://radioechoes.com/?page=series&genre=OTR-Drama&series=Suspense,Murder By Jury,1954.02.22,https://radioechoes.com/?page=play_download&mode=play&dl_mp3folder=S&dl_file=suspense_1954-02-22_murder_by_jury.mp3&dl_series=Suspense&dl_title=Murder By Jury&dl_date=1954.02.22&dl_size=6.89 MB
Suspense,https://radioechoes.com/?page=series&genre=OTR-Drama&series=Suspense,The Barking Death,1954.03.01,https://radioechoes.com/?page=play_download&mode=play&dl_mp3folder=S&dl_file=suspense_1954-03-01_the_barking_death.mp3&dl_series=Suspense&dl_title=The Barking Death&dl_date=1954.03.01&dl_size=6.85 MB
Suspense,https://radioechoes.com/?page=series&genre=OTR-Drama&series=Suspense,Circumstantial Terror,1954.03.08,https://radioechoes.com/?page=play_download&mode=play&dl_mp3folder=S&dl_file=suspense_1954-03-08_circumstantial_terror.mp3&dl_series=Suspense&dl_title=Circumstantial Terror&dl_date=1954.03.08&dl_size=6.72 MB
Suspense,https://radioechoes.com/?page=series&genre=OTR-Drama&series=Suspense,The Girl In Car 32,1954.03.15,https://radioechoes.com/?page=play_download&mode=play&dl_mp3folder=S&dl_file=suspense_1954-03-15_the_girl_in_car_32.mp3&dl_series=Suspense&dl_title=The Girl In Car 32&dl_date=1954.03.15&dl_size=7.04 MB
Suspense,https://radioechoes.com/?page=series&genre=OTR-Drama&series=Suspense,The Guilty Always Run,1954.03.22,https://radioechoes.com/?page=play_download&mode=play&dl_mp3folder=S&dl_file=suspense_1954-03-22_the_guilty_always_run.mp3&dl_series=Suspense&dl_title=The Guilty Always Run&dl_date=1954.03.22&dl_size=6.77 MB
Suspense,https://radioechoes.com/?page=series&genre=OTR-Drama&series=Suspense,Somebody Help Me,1954.03.29,https://radioechoes.com/?page=play_download&mode=play&dl_mp3folder=S&dl_file=suspense_1954-03-29_somebody_help_me.mp3&dl_series=Suspense&dl_title=Somebody Help Me&dl_date=1954.03.29&dl_size=6.65 MB
Suspense,https://radioechoes.com/?page=series&genre=OTR-Drama&series=Suspense,Grand Theft,1954.04.05,https://radioechoes.com/?page=play_download&mode=play&dl_mp3folder=S&dl_file=suspense_1954-04-05_grand_theft.mp3&dl_series=Suspense&dl_title=Grand Theft&dl_date=1954.04.05&dl_size=6.83 MB
Suspense,https://radioechoes.com/?page=series&genre=OTR-Drama&series=Suspense,Parole To Panic,1954.04.12,https://radioechoes.com/?page=play_download&mode=play&dl_mp3folder=S&dl_file=suspense_1954-04-12_parole_to_panic.mp3&dl_series=Suspense&dl_title=Parole To Panic&dl_date=1954.04.12&dl_size=6.52 MB
Suspense,https://radioechoes.com/?page=series&genre=OTR-Drama&series=Suspense,The Card Game,1954.04.19,https://radioechoes.com/?page=play_download&mode=play&dl_mp3folder=S&dl_file=suspense_1954-04-19_the_card_game.mp3&dl_series=Suspense&dl_title=The Card Game&dl_date=1954.04.19&dl_size=6.52 MB
Suspense,https://radioechoes.com/?page=series&genre=OTR-Drama&series=Suspense,The Bertillion Method,1954.04.26,https://radioechoes.com/?page=play_download&mode=play&dl_mp3folder=S&dl_file=suspense_1954-04-26_the_bertillion_method.mp3&dl_series=Suspense&dl_title=The Bertillion Method&dl_date=1954.04.26&dl_size=6.53 MB
Suspense,https://radioechoes.com/?page=series&genre=OTR-Drama&series=Suspense,The Giant Of Thermopylae,1954.05.03,https://radioechoes.com/?page=play_download&mode=play&dl_mp3folder=S&dl_file=suspense_1954-05-03_the_giant_of_thermopylae.mp3&dl_series=Suspense&dl_title=The Giant Of Thermopylae&dl_date=1954.05.03&dl_size=6.7 MB
Suspense,https://radioechoes.com/?page=series&genre=OTR-Drama&series=Suspense,Last Days Of John Dillinger,1954.05.10,https://radioechoes.com/?page=play_download&mode=play&dl_mp3folder=S&dl_file=suspense_1954-05-10_last_days_of_john_dillinger.mp3&dl_series=Suspense&dl_title=Last Days Of John Dillinger&dl_date=1954.05.10&dl_size=5.32 MB
Suspense,https://radioechoes.com/?page=series&genre=OTR-Drama&series=Suspense,The Revenge Of Captain Bligh,1954.05.17,https://radioechoes.com/?page=play_download&mode=play&dl_mp3folder=S&dl_file=suspense_1954-05-17_the_revenge_of_captain_bligh.mp3&dl_series=Suspense&dl_title=The Revenge Of Captain Bligh&dl_date=1954.05.17&dl_size=7.23 MB
Suspense,https://radioechoes.com/?page=series&genre=OTR-Drama&series=Suspense,Weekend Special Death,1954.05.24,https://radioechoes.com/?page=play_download&mode=play&dl_mp3folder=S&dl_file=suspense_1954-05-24_weekend_special_death.mp3&dl_series=Suspense&dl_title=Weekend Special  Death&dl_date=1954.05.24&dl_size=6.71 MB
Suspense,https://radioechoes.com/?page=series&genre=OTR-Drama&series=Suspense,Listen Young Lovers,1954.05.31,https://radioechoes.com/?page=play_download&mode=play&dl_mp3folder=S&dl_file=suspense_1954-05-31_listen_young_lovers.mp3&dl_series=Suspense&dl_title=Listen Young Lovers&dl_date=1954.05.31&dl_size=6.46 MB
Suspense,https://radioechoes.com/?page=series&genre=OTR-Drama&series=Suspense,A Terribly Strange Bed,1954.06.07,https://radioechoes.com/?page=play_download&mode=play&dl_mp3folder=S&dl_file=suspense_1954-06-07_a_terribly_strange_bed.mp3&dl_series=Suspense&dl_title=A Terribly Strange Bed&dl_date=1954.06.07&dl_size=6.74 MB
Suspense,https://radioechoes.com/?page=series&genre=OTR-Drama&series=Suspense,The Earth Is Made Of Glass,1954.06.15,https://radioechoes.com/?page=play_download&mode=play&dl_mp3folder=S&dl_file=suspense_1954-06-15_the_earth_is_made_of_glass.mp3&dl_series=Suspense&dl_title=The Earth Is Made Of Glass&dl_date=1954.06.15&dl_size=6.09 MB
Suspense,https://radioechoes.com/?page=series&genre=OTR-Drama&series=Suspense,Sequel To Murder,1954.06.22,https://radioechoes.com/?page=play_download&mode=play&dl_mp3folder=S&dl_file=suspense_1954-06-22_sequel_to_murder.mp3&dl_series=Suspense&dl_title=Sequel To Murder&dl_date=1954.06.22&dl_size=6.78 MB
Suspense,https://radioechoes.com/?page=series&genre=OTR-Drama&series=Suspense,Too Hot To Live,1954.06.29,https://radioechoes.com/?page=play_download&mode=play&dl_mp3folder=S&dl_file=suspense_1954-06-29_too_hot_to_live.mp3&dl_series=Suspense&dl_title=Too Hot To Live&dl_date=1954.06.29&dl_size=6.78 MB
Suspense,https://radioechoes.com/?page=series&genre=OTR-Drama&series=Suspense,The Tip,1954.07.06,https://radioechoes.com/?page=play_download&mode=play&dl_mp3folder=S&dl_file=suspense_1954-07-06_the_tip.mp3&dl_series=Suspense&dl_title=The Tip&dl_date=1954.07.06&dl_size=6.93 MB
Suspense,https://radioechoes.com/?page=series&genre=OTR-Drama&series=Suspense,Run Sheep Run,1954.07.13,https://radioechoes.com/?page=play_download&mode=play&dl_mp3folder=S&dl_file=suspense_1954-07-13_run_sheep_run.mp3&dl_series=Suspense&dl_title=Run Sheep Run&dl_date=1954.07.13&dl_size=5.99 MB
Suspense,https://radioechoes.com/?page=series&genre=OTR-Drama&series=Suspense,Telling,1954.07.20,https://radioechoes.com/?page=play_download&mode=play&dl_mp3folder=S&dl_file=suspense_1954-07-20_telling.mp3&dl_series=Suspense&dl_title=Telling&dl_date=1954.07.20&dl_size=6.73 MB
Suspense,https://radioechoes.com/?page=series&genre=OTR-Drama&series=Suspense,Destruction,1954.07.27,https://radioechoes.com/?page=play_download&mode=play&dl_mp3folder=S&dl_file=suspense_1954-07-27_destruction.mp3&dl_series=Suspense&dl_title=Destruction&dl_date=1954.07.27&dl_size=6.7 MB
Suspense,https://radioechoes.com/?page=series&genre=OTR-Drama&series=Suspense,Goodnight Mrs. Russell,1954.08.03,https://radioechoes.com/?page=play_download&mode=play&dl_mp3folder=S&dl_file=suspense_1954-08-03_goodnight_mrs_russell.mp3&dl_series=Suspense&dl_title=Goodnight Mrs. Russell&dl_date=1954.08.03&dl_size=6.83 MB
Suspense,https://radioechoes.com/?page=series&genre=OTR-Drama&series=Suspense,Never Steal A Butcher's Wife,1954.08.10,https://radioechoes.com/?page=play_download&mode=play&dl_mp3folder=S&dl_file=suspense_1954-08-10_never_steal_a_butchers_wife.mp3&dl_series=Suspense&dl_title=Never Steal A Butcher's Wife&dl_date=1954.08.10&dl_size=6.75 MB
Suspense,https://radioechoes.com/?page=series&genre=OTR-Drama&series=Suspense,A Little Matter Of Memory,1954.09.30,https://radioechoes.com/?page=play_download&mode=play&dl_mp3folder=S&dl_file=suspense_1954-09-30_a_little_matter_of_memory.mp3&dl_series=Suspense&dl_title=A Little Matter Of Memory&dl_date=1954.09.30&dl_size=5.92 MB
Suspense,https://radioechoes.com/?page=series&genre=OTR-Drama&series=Suspense,Chicken Feed,1954.10.07,https://radioechoes.com/?page=play_download&mode=play&dl_mp3folder=S&dl_file=suspense_1954-10-07_chicken_feed.mp3&dl_series=Suspense&dl_title=Chicken Feed&dl_date=1954.10.07&dl_size=5.64 MB
Suspense,https://radioechoes.com/?page=series&genre=OTR-Drama&series=Suspense,Lost,1954.10.14,https://radioechoes.com/?page=play_download&mode=play&dl_mp3folder=S&dl_file=suspense_1954-10-14_lost.mp3&dl_series=Suspense&dl_title=Lost&dl_date=1954.10.14&dl_size=5.56 MB
Suspense,https://radioechoes.com/?page=series&genre=OTR-Drama&series=Suspense,Rave Notice,1954.10.21,https://radioechoes.com/?page=play_download&mode=play&dl_mp3folder=S&dl_file=suspense_1954-10-21_rave_notice.mp3&dl_series=Suspense&dl_title=Rave Notice&dl_date=1954.10.21&dl_size=5.55 MB
Suspense,https://radioechoes.com/?page=series&genre=OTR-Drama&series=Suspense,The Shelter,1954.10.28,https://radioechoes.com/?page=play_download&mode=play&dl_mp3folder=S&dl_file=suspense_1954-10-28_the_shelter.mp3&dl_series=Suspense&dl_title=The Shelter&dl_date=1954.10.28&dl_size=5.37 MB
Suspense,https://radioechoes.com/?page=series&genre=OTR-Drama&series=Suspense,Last Letter Of Dr. Bronson,1954.11.04,https://radioechoes.com/?page=play_download&mode=play&dl_mp3folder=S&dl_file=suspense_1954-11-04_last_letter_of_dr_bronson.mp3&dl_series=Suspense&dl_title=Last Letter Of Dr. Bronson&dl_date=1954.11.04&dl_size=5.6 MB
Suspense,https://radioechoes.com/?page=series&genre=OTR-Drama&series=Suspense,The Sure Thing,1954.11.11,https://radioechoes.com/?page=play_download&mode=play&dl_mp3folder=S&dl_file=suspense_1954-11-11_the_sure_thing.mp3&dl_series=Suspense&dl_title=The Sure Thing&dl_date=1954.11.11&dl_size=5.39 MB
Suspense,https://radioechoes.com/?page=series&genre=OTR-Drama&series=Suspense,Blind Date,1954.11.18,https://radioechoes.com/?page=play_download&mode=play&dl_mp3folder=S&dl_file=suspense_1954-11-18_blind_date.mp3&dl_series=Suspense&dl_title=Blind Date&dl_date=1954.11.18&dl_size=5.46 MB
Suspense,https://radioechoes.com/?page=series&genre=OTR-Drama&series=Suspense,Shooting Star,1954.11.25,https://radioechoes.com/?page=play_download&mode=play&dl_mp3folder=S&dl_file=suspense_1954-11-25_shooting_star.mp3&dl_series=Suspense&dl_title=Shooting Star&dl_date=1954.11.25&dl_size=5.73 MB
Suspense,https://radioechoes.com/?page=series&genre=OTR-Drama&series=Suspense,The Shot,1954.12.02,https://radioechoes.com/?page=play_download&mode=play&dl_mp3folder=S&dl_file=suspense_1954-12-02_the_shot.mp3&dl_series=Suspense&dl_title=The Shot&dl_date=1954.12.02&dl_size=5.02 MB
Suspense,https://radioechoes.com/?page=series&genre=OTR-Drama&series=Suspense,On A Country Road,1954.12.09,https://radioechoes.com/?page=play_download&mode=play&dl_mp3folder=S&dl_file=suspense_1954-12-09_on_a_country_road.mp3&dl_series=Suspense&dl_title=On A Country Road&dl_date=1954.12.09&dl_size=5.61 MB
Suspense,https://radioechoes.com/?page=series&genre=OTR-Drama&series=Suspense,Pretty Girl,1954.12.16,https://radioechoes.com/?page=play_download&mode=play&dl_mp3folder=S&dl_file=suspense_1954-12-16_pretty_girl.mp3&dl_series=Suspense&dl_title=Pretty Girl&dl_date=1954.12.16&dl_size=5.55 MB
Suspense,https://radioechoes.com/?page=series&genre=OTR-Drama&series=Suspense,Premonition,1954.12.23,https://radioechoes.com/?page=play_download&mode=play&dl_mp3folder=S&dl_file=suspense_1954-12-23_premonition.mp3&dl_series=Suspense&dl_title=Premonition&dl_date=1954.12.23&dl_size=5.49 MB
Suspense,https://radioechoes.com/?page=series&genre=OTR-Drama&series=Suspense,Odd Man Out,1954.12.30,https://radioechoes.com/?page=play_download&mode=play&dl_mp3folder=S&dl_file=suspense_1954-12-30_odd_man_out.mp3&dl_series=Suspense&dl_title=Odd Man Out&dl_date=1954.12.30&dl_size=5.51 MB
Suspense,https://radioechoes.com/?page=series&genre=OTR-Drama&series=Suspense,Final Payment,1955.01.13,https://radioechoes.com/?page=play_download&mode=play&dl_mp3folder=S&dl_file=suspense_1955-01-13_final_payment.mp3&dl_series=Suspense&dl_title=Final Payment&dl_date=1955.01.13&dl_size=5.7 MB
Suspense,https://radioechoes.com/?page=series&genre=OTR-Drama&series=Suspense,Study Of A Murderer,1955.01.20,https://radioechoes.com/?page=play_download&mode=play&dl_mp3folder=S&dl_file=suspense_1955-01-20_study_of_a_murderer.mp3&dl_series=Suspense&dl_title=Study Of A Murderer&dl_date=1955.01.20&dl_size=5.44 MB
Suspense,https://radioechoes.com/?page=series&genre=OTR-Drama&series=Suspense,The Operation,1955.01.27,https://radioechoes.com/?page=play_download&mode=play&dl_mp3folder=S&dl_file=suspense_1955-01-27_the_operation.mp3&dl_series=Suspense&dl_title=The Operation&dl_date=1955.01.27&dl_size=5.62 MB
Suspense,https://radioechoes.com/?page=series&genre=OTR-Drama&series=Suspense,A Killing In Abilene,1955.02.03,https://radioechoes.com/?page=play_download&mode=play&dl_mp3folder=S&dl_file=suspense_1955-02-03_a_killing_in_abilene.mp3&dl_series=Suspense&dl_title=A Killing In Abilene&dl_date=1955.02.03&dl_size=5.51 MB
Suspense,https://radioechoes.com/?page=series&genre=OTR-Drama&series=Suspense,Diagnosis Of Death,1955.02.10,https://radioechoes.com/?page=play_download&mode=play&dl_mp3folder=S&dl_file=suspense_1955-02-10_diagnosis_of_death.mp3&dl_series=Suspense&dl_title=Diagnosis Of Death&dl_date=1955.02.10&dl_size=5.77 MB
Suspense,https://radioechoes.com/?page=series&genre=OTR-Drama&series=Suspense,The Man With Steel Teeth,1955.02.17,https://radioechoes.com/?page=play_download&mode=play&dl_mp3folder=S&dl_file=suspense_1955-02-17_the_man_with_steel_teeth.mp3&dl_series=Suspense&dl_title=The Man With Steel Teeth&dl_date=1955.02.17&dl_size=5.84 MB
Suspense,https://radioechoes.com/?page=series&genre=OTR-Drama&series=Suspense,Waiting,1955.02.22,https://radioechoes.com/?page=play_download&mode=play&dl_mp3folder=S&dl_file=suspense_1955-02-22_waiting.mp3&dl_series=Suspense&dl_title=Waiting&dl_date=1955.02.22&dl_size=5.46 MB
Suspense,https://radioechoes.com/?page=series&genre=OTR-Drama&series=Suspense,Screaming Woman,1955.03.01,https://radioechoes.com/?page=play_download&mode=play&dl_mp3folder=S&dl_file=suspense_1955-03-01_screaming_woman.mp3&dl_series=Suspense&dl_title=Screaming Woman&dl_date=1955.03.01&dl_size=5.47 MB
Suspense,https://radioechoes.com/?page=series&genre=OTR-Drama&series=Suspense,Nobody Ever Quits,1955.03.08,https://radioechoes.com/?page=play_download&mode=play&dl_mp3folder=S&dl_file=suspense_1955-03-08_nobody_ever_quits.mp3&dl_series=Suspense&dl_title=Nobody Ever Quits&dl_date=1955.03.08&dl_size=5.59 MB
Suspense,https://radioechoes.com/?page=series&genre=OTR-Drama&series=Suspense,The Game,1955.03.15,https://radioechoes.com/?page=play_download&mode=play&dl_mp3folder=S&dl_file=suspense_1955-03-15_the_game.mp3&dl_series=Suspense&dl_title=The Game&dl_date=1955.03.15&dl_size=5.6 MB
Suspense,https://radioechoes.com/?page=series&genre=OTR-Drama&series=Suspense,The Cellar,1955.03.22,https://radioechoes.com/?page=play_download&mode=play&dl_mp3folder=S&dl_file=suspense_1955-03-22_the_cellar.mp3&dl_series=Suspense&dl_title=The Cellar&dl_date=1955.03.22&dl_size=6.14 MB
Suspense,https://radioechoes.com/?page=series&genre=OTR-Drama&series=Suspense,Give Me Liberty,1955.03.29,https://radioechoes.com/?page=play_download&mode=play&dl_mp3folder=S&dl_file=suspense_1955-03-29_give_me_liberty.mp3&dl_series=Suspense&dl_title=Give Me Liberty&dl_date=1955.03.29&dl_size=5.64 MB
Suspense,https://radioechoes.com/?page=series&genre=OTR-Drama&series=Suspense,Zero Hour,1955.04.05,https://radioechoes.com/?page=play_download&mode=play&dl_mp3folder=S&dl_file=suspense_1955-04-05_zero_hour.mp3&dl_series=Suspense&dl_title=Zero Hour&dl_date=1955.04.05&dl_size=5.65 MB
Suspense,https://radioechoes.com/?page=series&genre=OTR-Drama&series=Suspense,The Lunch Kit,1955.04.12,https://radioechoes.com/?page=play_download&mode=play&dl_mp3folder=S&dl_file=suspense_1955-04-12_the_lunch_kit.mp3&dl_series=Suspense&dl_title=The Lunch Kit&dl_date=1955.04.12&dl_size=5.44 MB
Suspense,https://radioechoes.com/?page=series&genre=OTR-Drama&series=Suspense,Speed Trap,1955.04.19,https://radioechoes.com/?page=play_download&mode=play&dl_mp3folder=S&dl_file=suspense_1955-04-19_speed_trap.mp3&dl_series=Suspense&dl_title=Speed Trap&dl_date=1955.04.19&dl_size=5.4 MB
Suspense,https://radioechoes.com/?page=series&genre=OTR-Drama&series=Suspense,Sight Unseen,1955.04.26,https://radioechoes.com/?page=play_download&mode=play&dl_mp3folder=S&dl_file=suspense_1955-04-26_sight_unseen.mp3&dl_series=Suspense&dl_title=Sight Unseen&dl_date=1955.04.26&dl_size=5.53 MB
Suspense,https://radioechoes.com/?page=series&genre=OTR-Drama&series=Suspense,Remember Me,1955.05.03,https://radioechoes.com/?page=play_download&mode=play&dl_mp3folder=S&dl_file=suspense_1955-05-03_remember_me.mp3&dl_series=Suspense&dl_title=Remember Me&dl_date=1955.05.03&dl_size=5.58 MB
Suspense,https://radioechoes.com/?page=series&genre=OTR-Drama&series=Suspense,"Going, Going, Gone",1955.05.10,"https://radioechoes.com/?page=play_download&mode=play&dl_mp3folder=S&dl_file=suspense_1955-05-10_going_going_gone.mp3&dl_series=Suspense&dl_title=Going, Going, Gone&dl_date=1955.05.10&dl_size=5.43 MB"
Suspense,https://radioechoes.com/?page=series&genre=OTR-Drama&series=Suspense,Lili And The Colonel,1955.05.17,https://radioechoes.com/?page=play_download&mode=play&dl_mp3folder=S&dl_file=suspense_1955-05-17_lili_and_the_colonel.mp3&dl_series=Suspense&dl_title=Lili And The Colonel&dl_date=1955.05.17&dl_size=5.68 MB
Suspense,https://radioechoes.com/?page=series&genre=OTR-Drama&series=Suspense,I Saw Myself Running,1955.05.24,https://radioechoes.com/?page=play_download&mode=play&dl_mp3folder=S&dl_file=suspense_1955-05-24_i_saw_myself_running.mp3&dl_series=Suspense&dl_title=I Saw Myself Running&dl_date=1955.05.24&dl_size=5.32 MB
Suspense,https://radioechoes.com/?page=series&genre=OTR-Drama&series=Suspense,Beirut By Sunrise,1955.05.31,https://radioechoes.com/?page=play_download&mode=play&dl_mp3folder=S&dl_file=suspense_1955-05-31_beirut_by_sunrise.mp3&dl_series=Suspense&dl_title=Beirut By Sunrise&dl_date=1955.05.31&dl_size=5.71 MB
Suspense,https://radioechoes.com/?page=series&genre=OTR-Drama&series=Suspense,Frankenstein,1955.06.07,https://radioechoes.com/?page=play_download&mode=play&dl_mp3folder=S&dl_file=suspense_1955-06-07_frankenstein.mp3&dl_series=Suspense&dl_title=Frankenstein&dl_date=1955.06.07&dl_size=5.69 MB
Suspense,https://radioechoes.com/?page=series&genre=OTR-Drama&series=Suspense,The Whole Town's Sleeping,1955.06.14,https://radioechoes.com/?page=play_download&mode=play&dl_mp3folder=S&dl_file=suspense_1955-06-14_the_whole_towns_sleeping.mp3&dl_series=Suspense&dl_title=The Whole Town's Sleeping&dl_date=1955.06.14&dl_size=5.63 MB
Suspense,https://radioechoes.com/?page=series&genre=OTR-Drama&series=Suspense,The Bounding Main,1955.06.21,https://radioechoes.com/?page=play_download&mode=play&dl_mp3folder=S&dl_file=suspense_1955-06-21_the_bounding_main.mp3&dl_series=Suspense&dl_title=The Bounding Main&dl_date=1955.06.21&dl_size=5.76 MB
Suspense,https://radioechoes.com/?page=series&genre=OTR-Drama&series=Suspense,The Holdout,1955.06.28,https://radioechoes.com/?page=play_download&mode=play&dl_mp3folder=S&dl_file=suspense_1955-06-28_the_holdout.mp3&dl_series=Suspense&dl_title=The Holdout&dl_date=1955.06.28&dl_size=5.09 MB
Suspense,https://radioechoes.com/?page=series&genre=OTR-Drama&series=Suspense,The Cave In,1955.07.05,https://radioechoes.com/?page=play_download&mode=play&dl_mp3folder=S&dl_file=suspense_1955-07-05_the_cave_in.mp3&dl_series=Suspense&dl_title=The Cave In&dl_date=1955.07.05&dl_size=5.92 MB
Suspense,https://radioechoes.com/?page=series&genre=OTR-Drama&series=Suspense,Kaleidoscope,1955.07.12,https://radioechoes.com/?page=play_download&mode=play&dl_mp3folder=S&dl_file=suspense_1955-07-12_kaleidoscope.mp3&dl_series=Suspense&dl_title=Kaleidoscope&dl_date=1955.07.12&dl_size=5.45 MB
Suspense,https://radioechoes.com/?page=series&genre=OTR-Drama&series=Suspense,Backseat Driver,1955.07.19,https://radioechoes.com/?page=play_download&mode=play&dl_mp3folder=S&dl_file=suspense_1955-07-19_backseat_driver.mp3&dl_series=Suspense&dl_title=Backseat Driver&dl_date=1955.07.19&dl_size=5.66 MB
Suspense,https://radioechoes.com/?page=series&genre=OTR-Drama&series=Suspense,The Greatest Thief In The World,1955.07.26,https://radioechoes.com/?page=play_download&mode=play&dl_mp3folder=S&dl_file=suspense_1955-07-26_the_greatest_thief_in_the_world.mp3&dl_series=Suspense&dl_title=The Greatest Thief In The World&dl_date=1955.07.26&dl_size=5.6 MB
Suspense,https://radioechoes.com/?page=series&genre=OTR-Drama&series=Suspense,Black Death,1955.08.02,https://radioechoes.com/?page=play_download&mode=play&dl_mp3folder=S&dl_file=suspense_1955-08-02_black_death.mp3&dl_series=Suspense&dl_title=Black Death&dl_date=1955.08.02&dl_size=5.71 MB
Suspense,https://radioechoes.com/?page=series&genre=OTR-Drama&series=Suspense,Love Honor Or Murder,1955.08.09,https://radioechoes.com/?page=play_download&mode=play&dl_mp3folder=S&dl_file=suspense_1955-08-09_love_honor_or_murder.mp3&dl_series=Suspense&dl_title=Love Honor Or Murder&dl_date=1955.08.09&dl_size=5.69 MB
Suspense,https://radioechoes.com/?page=series&genre=OTR-Drama&series=Suspense,A Study In Wax,1955.08.16,https://radioechoes.com/?page=play_download&mode=play&dl_mp3folder=S&dl_file=suspense_1955-08-16_a_study_in_wax.mp3&dl_series=Suspense&dl_title=A Study In Wax&dl_date=1955.08.16&dl_size=5.62 MB
Suspense,https://radioechoes.com/?page=series&genre=OTR-Drama&series=Suspense,The Lady In The Red Hat,1955.08.30,https://radioechoes.com/?page=play_download&mode=play&dl_mp3folder=S&dl_file=suspense_1955-08-30_the_lady_in_the_red_hat.mp3&dl_series=Suspense&dl_title=The Lady In The Red Hat&dl_date=1955.08.30&dl_size=5.58 MB
Suspense,https://radioechoes.com/?page=series&genre=OTR-Drama&series=Suspense,Strange For A Killer,1955.09.06,https://radioechoes.com/?page=play_download&mode=play&dl_mp3folder=S&dl_file=suspense_1955-09-06_strange_for_a_killer.mp3&dl_series=Suspense&dl_title=Strange For A Killer&dl_date=1955.09.06&dl_size=5.92 MB
Suspense,https://radioechoes.com/?page=series&genre=OTR-Drama&series=Suspense,A Story Of Poison,1955.09.13,https://radioechoes.com/?page=play_download&mode=play&dl_mp3folder=S&dl_file=suspense_1955-09-13_a_story_of_poison.mp3&dl_series=Suspense&dl_title=A Story Of Poison&dl_date=1955.09.13&dl_size=5.57 MB
Suspense,https://radioechoes.com/?page=series&genre=OTR-Drama&series=Suspense,The Stool Pigeon,1955.09.20,https://radioechoes.com/?page=play_download&mode=play&dl_mp3folder=S&dl_file=suspense_1955-09-20_the_stool_pigeon.mp3&dl_series=Suspense&dl_title=The Stool Pigeon&dl_date=1955.09.20&dl_size=5.63 MB
Suspense,https://radioechoes.com/?page=series&genre=OTR-Drama&series=Suspense,Goodbye Miss Lizzie Borden,1955.10.04,https://radioechoes.com/?page=play_download&mode=play&dl_mp3folder=S&dl_file=suspense_1955-10-04_goodbye_miss_lizzie_borden.mp3&dl_series=Suspense&dl_title=Goodbye Miss Lizzie Borden&dl_date=1955.10.04&dl_size=6.74 MB
Suspense,https://radioechoes.com/?page=series&genre=OTR-Drama&series=Suspense,Heavens To Betsy,1955.10.11,https://radioechoes.com/?page=play_download&mode=play&dl_mp3folder=S&dl_file=suspense_1955-10-11_heavens_to_betsy.mp3&dl_series=Suspense&dl_title=Heavens To Betsy&dl_date=1955.10.11&dl_size=7 MB
Suspense,https://radioechoes.com/?page=series&genre=OTR-Drama&series=Suspense,Life Ends At Midnight,1955.10.18,https://radioechoes.com/?page=play_download&mode=play&dl_mp3folder=S&dl_file=suspense_1955-10-18_life_ends_at_midnight.mp3&dl_series=Suspense&dl_title=Life Ends At Midnight&dl_date=1955.10.18&dl_size=6.9 MB
Suspense,https://radioechoes.com/?page=series&genre=OTR-Drama&series=Suspense,To None A Deadly Drug,1955.10.25,https://radioechoes.com/?page=play_download&mode=play&dl_mp3folder=S&dl_file=suspense_1955-10-25_to_none_a_deadly_drug.mp3&dl_series=Suspense&dl_title=To None A Deadly Drug&dl_date=1955.10.25&dl_size=6.89 MB
Suspense,https://radioechoes.com/?page=series&genre=OTR-Drama&series=Suspense,The Mountain,1955.11.01,https://radioechoes.com/?page=play_download&mode=play&dl_mp3folder=S&dl_file=suspense_1955-11-01_the_mountain.mp3&dl_series=Suspense&dl_title=The Mountain&dl_date=1955.11.01&dl_size=5.98 MB
Suspense,https://radioechoes.com/?page=series&genre=OTR-Drama&series=Suspense,Report On The X915,1955.11.08,https://radioechoes.com/?page=play_download&mode=play&dl_mp3folder=S&dl_file=suspense_1955-11-08_report_on_the_x915.mp3&dl_series=Suspense&dl_title=Report On The X915&dl_date=1955.11.08&dl_size=6.16 MB
Suspense,https://radioechoes.com/?page=series&genre=OTR-Drama&series=Suspense,Once A Murderer,1955.11.15,https://radioechoes.com/?page=play_download&mode=play&dl_mp3folder=S&dl_file=suspense_1955-11-15_once_a_murderer.mp3&dl_series=Suspense&dl_title=Once A Murderer&dl_date=1955.11.15&dl_size=6.74 MB
Suspense,https://radioechoes.com/?page=series&genre=OTR-Drama&series=Suspense,Classified Secret,1955.11.22,https://radioechoes.com/?page=play_download&mode=play&dl_mp3folder=S&dl_file=suspense_1955-11-22_classified_secret.mp3&dl_series=Suspense&dl_title=Classified Secret&dl_date=1955.11.22&dl_size=6.8 MB
Suspense,https://radioechoes.com/?page=series&genre=OTR-Drama&series=Suspense,This Will Kill You,1955.11.29,https://radioechoes.com/?page=play_download&mode=play&dl_mp3folder=S&dl_file=suspense_1955-11-29_this_will_kill_you.mp3&dl_series=Suspense&dl_title=This Will Kill You&dl_date=1955.11.29&dl_size=6.85 MB
Suspense,https://radioechoes.com/?page=series&genre=OTR-Drama&series=Suspense,When The Bough Breaks,1955.12.06,https://radioechoes.com/?page=play_download&mode=play&dl_mp3folder=S&dl_file=suspense_1955-12-06_when_the_bough_breaks.mp3&dl_series=Suspense&dl_title=When The Bough Breaks&dl_date=1955.12.06&dl_size=6.58 MB
Suspense,https://radioechoes.com/?page=series&genre=OTR-Drama&series=Suspense,A Present For Benny,1955.12.13,https://radioechoes.com/?page=play_download&mode=play&dl_mp3folder=S&dl_file=suspense_1955-12-13_a_present_for_benny.mp3&dl_series=Suspense&dl_title=A Present For Benny&dl_date=1955.12.13&dl_size=6.8 MB
Suspense,https://radioechoes.com/?page=series&genre=OTR-Drama&series=Suspense,The Cave,1955.12.20,https://radioechoes.com/?page=play_download&mode=play&dl_mp3folder=S&dl_file=suspense_1955-12-20_the_cave.mp3&dl_series=Suspense&dl_title=The Cave&dl_date=1955.12.20&dl_size=6.7 MB
Suspense,https://radioechoes.com/?page=series&genre=OTR-Drama&series=Suspense,The Mystery Of The Marie Celeste,1955.12.27,https://radioechoes.com/?page=play_download&mode=play&dl_mp3folder=S&dl_file=suspense_1955-12-27_the_mystery_of_the_marie_celeste.mp3&dl_series=Suspense&dl_title=The Mystery Of The Marie Celeste&dl_date=1955.12.27&dl_size=6.71 MB
Suspense,https://radioechoes.com/?page=series&genre=OTR-Drama&series=Suspense,Two Platinum Capsules,1956.01.10,https://radioechoes.com/?page=play_download&mode=play&dl_mp3folder=S&dl_file=suspense_1956-01-10_two_platinum_capsules.mp3&dl_series=Suspense&dl_title=Two Platinum Capsules&dl_date=1956.01.10&dl_size=5.42 MB
Suspense,https://radioechoes.com/?page=series&genre=OTR-Drama&series=Suspense,End Of The String,1956.01.17,https://radioechoes.com/?page=play_download&mode=play&dl_mp3folder=S&dl_file=suspense_1956-01-17_end_of_the_string.mp3&dl_series=Suspense&dl_title=End Of The String&dl_date=1956.01.17&dl_size=6.8 MB
Suspense,https://radioechoes.com/?page=series&genre=OTR-Drama&series=Suspense,The Cellar Door,1956.01.24,https://radioechoes.com/?page=play_download&mode=play&dl_mp3folder=S&dl_file=suspense_1956-01-24_the_cellar_door.mp3&dl_series=Suspense&dl_title=The Cellar Door&dl_date=1956.01.24&dl_size=6.77 MB
Suspense,https://radioechoes.com/?page=series&genre=OTR-Drama&series=Suspense,Arctic Rescue,1956.01.31,https://radioechoes.com/?page=play_download&mode=play&dl_mp3folder=S&dl_file=suspense_1956-01-31_arctic_rescue.mp3&dl_series=Suspense&dl_title=Arctic Rescue&dl_date=1956.01.31&dl_size=6.79 MB
Suspense,https://radioechoes.com/?page=series&genre=OTR-Drama&series=Suspense,Variations On A Theme,1956.02.07,https://radioechoes.com/?page=play_download&mode=play&dl_mp3folder=S&dl_file=suspense_1956-02-07_variations_on_a_theme.mp3&dl_series=Suspense&dl_title=Variations On A Theme&dl_date=1956.02.07&dl_size=6.72 MB
Suspense,https://radioechoes.com/?page=series&genre=OTR-Drama&series=Suspense,Listen Young Lovers,1956.02.14,https://radioechoes.com/?page=play_download&mode=play&dl_mp3folder=S&dl_file=suspense_1956-02-14_listen_young_lovers.mp3&dl_series=Suspense&dl_title=Listen Young Lovers&dl_date=1956.02.14&dl_size=6.57 MB
Suspense,https://radioechoes.com/?page=series&genre=OTR-Drama&series=Suspense,Hollywood Hostages,1956.02.21,https://radioechoes.com/?page=play_download&mode=play&dl_mp3folder=S&dl_file=suspense_1956-02-21_hollywood_hostages.mp3&dl_series=Suspense&dl_title=Hollywood Hostages&dl_date=1956.02.21&dl_size=6.06 MB
Suspense,https://radioechoes.com/?page=series&genre=OTR-Drama&series=Suspense,The Diary Of Captain Scott,1956.02.28,https://radioechoes.com/?page=play_download&mode=play&dl_mp3folder=S&dl_file=suspense_1956-02-28_the_diary_of_captain_scott.mp3&dl_series=Suspense&dl_title=The Diary Of Captain Scott&dl_date=1956.02.28&dl_size=5.24 MB
Suspense,https://radioechoes.com/?page=series&genre=OTR-Drama&series=Suspense,Quiet Night,1956.03.06,https://radioechoes.com/?page=play_download&mode=play&dl_mp3folder=S&dl_file=suspense_1956-03-06_quiet_night.mp3&dl_series=Suspense&dl_title=Quiet Night&dl_date=1956.03.06&dl_size=6.81 MB
Suspense,https://radioechoes.com/?page=series&genre=OTR-Drama&series=Suspense,The Groom Of The Ladder,1956.03.13,https://radioechoes.com/?page=play_download&mode=play&dl_mp3folder=S&dl_file=suspense_1956-03-13_the_groom_of_the_ladder.mp3&dl_series=Suspense&dl_title=The Groom Of The Ladder&dl_date=1956.03.13&dl_size=6.67 MB
Suspense,https://radioechoes.com/?page=series&genre=OTR-Drama&series=Suspense,Gallardo,1956.03.20,https://radioechoes.com/?page=play_download&mode=play&dl_mp3folder=S&dl_file=suspense_1956-03-20_gallardo.mp3&dl_series=Suspense&dl_title=Gallardo&dl_date=1956.03.20&dl_size=6.81 MB
Suspense,https://radioechoes.com/?page=series&genre=OTR-Drama&series=Suspense,The Murderess,1956.03.27,https://radioechoes.com/?page=play_download&mode=play&dl_mp3folder=S&dl_file=suspense_1956-03-27_the_murderess.mp3&dl_series=Suspense&dl_title=The Murderess&dl_date=1956.03.27&dl_size=6.16 MB
Suspense,https://radioechoes.com/?page=series&genre=OTR-Drama&series=Suspense,Game Hunt,1956.04.03,https://radioechoes.com/?page=play_download&mode=play&dl_mp3folder=S&dl_file=suspense_1956-04-03_game_hunt.mp3&dl_series=Suspense&dl_title=Game Hunt&dl_date=1956.04.03&dl_size=6.8 MB
Suspense,https://radioechoes.com/?page=series&genre=OTR-Drama&series=Suspense,The Lonely Heart,1956.04.10,https://radioechoes.com/?page=play_download&mode=play&dl_mp3folder=S&dl_file=suspense_1956-04-10_the_lonely_heart.mp3&dl_series=Suspense&dl_title=The Lonely Heart&dl_date=1956.04.10&dl_size=5.59 MB
Suspense,https://radioechoes.com/?page=series&genre=OTR-Drama&series=Suspense,The Seventh Letter,1956.04.17,https://radioechoes.com/?page=play_download&mode=play&dl_mp3folder=S&dl_file=suspense_1956-04-17_the_seventh_letter.mp3&dl_series=Suspense&dl_title=The Seventh Letter&dl_date=1956.04.17&dl_size=6.44 MB
Suspense,https://radioechoes.com/?page=series&genre=OTR-Drama&series=Suspense,The Waxwork,1956.05.01,https://radioechoes.com/?page=play_download&mode=play&dl_mp3folder=S&dl_file=suspense_1956-05-01_the_waxwork.mp3&dl_series=Suspense&dl_title=The Waxwork&dl_date=1956.05.01&dl_size=6.6 MB
Suspense,https://radioechoes.com/?page=series&genre=OTR-Drama&series=Suspense,The Phone's Die First,1956.05.08,https://radioechoes.com/?page=play_download&mode=play&dl_mp3folder=S&dl_file=suspense_1956-05-08_the_phones_die_first.mp3&dl_series=Suspense&dl_title=The Phone's Die First&dl_date=1956.05.08&dl_size=6.79 MB
Suspense,https://radioechoes.com/?page=series&genre=OTR-Drama&series=Suspense,The Death Parade,1956.05.15,https://radioechoes.com/?page=play_download&mode=play&dl_mp3folder=S&dl_file=suspense_1956-05-15_the_death_parade.mp3&dl_series=Suspense&dl_title=The Death Parade&dl_date=1956.05.15&dl_size=6.67 MB
Suspense,https://radioechoes.com/?page=series&genre=OTR-Drama&series=Suspense,Fragile Contents Death,1956.05.22,https://radioechoes.com/?page=play_download&mode=play&dl_mp3folder=S&dl_file=suspense_1956-05-22_fragile_contents_death.mp3&dl_series=Suspense&dl_title=Fragile Contents Death&dl_date=1956.05.22&dl_size=6.68 MB
Suspense,https://radioechoes.com/?page=series&genre=OTR-Drama&series=Suspense,The Flame,1956.05.29,https://radioechoes.com/?page=play_download&mode=play&dl_mp3folder=S&dl_file=suspense_1956-05-29_the_flame.mp3&dl_series=Suspense&dl_title=The Flame&dl_date=1956.05.29&dl_size=6.77 MB
Suspense,https://radioechoes.com/?page=series&genre=OTR-Drama&series=Suspense,The Twelfth Rose,1956.06.05,https://radioechoes.com/?page=play_download&mode=play&dl_mp3folder=S&dl_file=suspense_1956-06-05_the_twelfth_rose.mp3&dl_series=Suspense&dl_title=The Twelfth Rose&dl_date=1956.06.05&dl_size=6.65 MB
Suspense,https://radioechoes.com/?page=series&genre=OTR-Drama&series=Suspense,A Matter Of Timing,1956.06.12,https://radioechoes.com/?page=play_download&mode=play&dl_mp3folder=S&dl_file=suspense_1956-06-12_a_matter_of_timing.mp3&dl_series=Suspense&dl_title=A Matter Of Timing&dl_date=1956.06.12&dl_size=6.82 MB
Suspense,https://radioechoes.com/?page=series&genre=OTR-Drama&series=Suspense,A Sleeping Draught,1956.06.19,https://radioechoes.com/?page=play_download&mode=play&dl_mp3folder=S&dl_file=suspense_1956-06-19_a_sleeping_draught.mp3&dl_series=Suspense&dl_title=A Sleeping Draught&dl_date=1956.06.19&dl_size=6.82 MB
Suspense,https://radioechoes.com/?page=series&genre=OTR-Drama&series=Suspense,The Treasure Chest Of Don Jose,1956.06.26,https://radioechoes.com/?page=play_download&mode=play&dl_mp3folder=S&dl_file=suspense_1956-06-26_the_treasure_chest_of_don_jose.mp3&dl_series=Suspense&dl_title=The Treasure Chest Of Don Jose&dl_date=1956.06.26&dl_size=5.17 MB
Suspense,https://radioechoes.com/?page=series&genre=OTR-Drama&series=Suspense,The Music Lovers,1956.07.03,https://radioechoes.com/?page=play_download&mode=play&dl_mp3folder=S&dl_file=suspense_1956-07-03_the_music_lovers.mp3&dl_series=Suspense&dl_title=The Music Lovers&dl_date=1956.07.03&dl_size=6.81 MB
Suspense,https://radioechoes.com/?page=series&genre=OTR-Drama&series=Suspense,Want Ad,1956.07.11,https://radioechoes.com/?page=play_download&mode=play&dl_mp3folder=S&dl_file=suspense_1956-07-11_want_ad.mp3&dl_series=Suspense&dl_title=Want Ad&dl_date=1956.07.11&dl_size=6.75 MB
Suspense,https://radioechoes.com/?page=series&genre=OTR-Drama&series=Suspense,The Man Who Threw Acid,1956.07.18,https://radioechoes.com/?page=play_download&mode=play&dl_mp3folder=S&dl_file=suspense_1956-07-18_the_man_who_threw_acid.mp3&dl_series=Suspense&dl_title=The Man Who Threw Acid&dl_date=1956.07.18&dl_size=5.71 MB
Suspense,https://radioechoes.com/?page=series&genre=OTR-Drama&series=Suspense,The Tramp,1956.07.25,https://radioechoes.com/?page=play_download&mode=play&dl_mp3folder=S&dl_file=suspense_1956-07-25_the_tramp.mp3&dl_series=Suspense&dl_title=The Tramp&dl_date=1956.07.25&dl_size=6.8 MB
Suspense,https://radioechoes.com/?page=series&genre=OTR-Drama&series=Suspense,Double Identity,1956.08.08,https://radioechoes.com/?page=play_download&mode=play&dl_mp3folder=S&dl_file=suspense_1956-08-08_double_identity.mp3&dl_series=Suspense&dl_title=Double Identity&dl_date=1956.08.08&dl_size=6.69 MB
Suspense,https://radioechoes.com/?page=series&genre=OTR-Drama&series=Suspense,A Friend To Alexander,1956.08.15,https://radioechoes.com/?page=play_download&mode=play&dl_mp3folder=S&dl_file=suspense_1956-08-15_a_friend_to_alexander.mp3&dl_series=Suspense&dl_title=A Friend To Alexander&dl_date=1956.08.15&dl_size=6.78 MB
Suspense,https://radioechoes.com/?page=series&genre=OTR-Drama&series=Suspense,Hold Up,1956.08.29,https://radioechoes.com/?page=play_download&mode=play&dl_mp3folder=S&dl_file=suspense_1956-08-29_hold_up.mp3&dl_series=Suspense&dl_title=Hold Up&dl_date=1956.08.29&dl_size=6.69 MB
Suspense,https://radioechoes.com/?page=series&genre=OTR-Drama&series=Suspense,The Security Agent,1956.09.05,https://radioechoes.com/?page=play_download&mode=play&dl_mp3folder=S&dl_file=suspense_1956-09-05_the_security_agent.mp3&dl_series=Suspense&dl_title=The Security Agent&dl_date=1956.09.05&dl_size=6.74 MB
Suspense,https://radioechoes.com/?page=series&genre=OTR-Drama&series=Suspense,A Case Of Identity,1956.09.25,https://radioechoes.com/?page=play_download&mode=play&dl_mp3folder=S&dl_file=suspense_1956-09-25_a_case_of_identity.mp3&dl_series=Suspense&dl_title=A Case Of Identity&dl_date=1956.09.25&dl_size=5.39 MB
Suspense,https://radioechoes.com/?page=series&genre=OTR-Drama&series=Suspense,Waiting,1956.10.02,https://radioechoes.com/?page=play_download&mode=play&dl_mp3folder=S&dl_file=suspense_1956-10-02_waiting.mp3&dl_series=Suspense&dl_title=Waiting&dl_date=1956.10.02&dl_size=6.8 MB
Suspense,https://radioechoes.com/?page=series&genre=OTR-Drama&series=Suspense,The Digger,1956.10.09,https://radioechoes.com/?page=play_download&mode=play&dl_mp3folder=S&dl_file=suspense_1956-10-09_the_digger.mp3&dl_series=Suspense&dl_title=The Digger&dl_date=1956.10.09&dl_size=6.76 MB
Suspense,https://radioechoes.com/?page=series&genre=OTR-Drama&series=Suspense,The Prophecy Of Bertha Abbott,1956.10.16,https://radioechoes.com/?page=play_download&mode=play&dl_mp3folder=S&dl_file=suspense_1956-10-16_the_prophecy_of_bertha_abbott.mp3&dl_series=Suspense&dl_title=The Prophecy Of Bertha Abbott&dl_date=1956.10.16&dl_size=6.86 MB
Suspense,https://radioechoes.com/?page=series&genre=OTR-Drama&series=Suspense,The Doll,1956.10.23,https://radioechoes.com/?page=play_download&mode=play&dl_mp3folder=S&dl_file=suspense_1956-10-23_the_doll.mp3&dl_series=Suspense&dl_title=The Doll&dl_date=1956.10.23&dl_size=5.71 MB
Suspense,https://radioechoes.com/?page=series&genre=OTR-Drama&series=Suspense,Red Cloud Mesa,1956.10.30,https://radioechoes.com/?page=play_download&mode=play&dl_mp3folder=S&dl_file=suspense_1956-10-30_red_cloud_mesa.mp3&dl_series=Suspense&dl_title=Red Cloud Mesa&dl_date=1956.10.30&dl_size=6.5 MB
Suspense,https://radioechoes.com/?page=series&genre=OTR-Drama&series=Suspense,The Signalman,1956.11.04,https://radioechoes.com/?page=play_download&mode=play&dl_mp3folder=S&dl_file=suspense_1956-11-04_the_signalman.mp3&dl_series=Suspense&dl_title=The Signalman&dl_date=1956.11.04&dl_size=6.79 MB
Suspense,https://radioechoes.com/?page=series&genre=OTR-Drama&series=Suspense,Three Skeleton Key,1956.11.11,https://radioechoes.com/?page=play_download&mode=play&dl_mp3folder=S&dl_file=suspense_1956-11-11_three_skeleton_key.mp3&dl_series=Suspense&dl_title=Three Skeleton Key&dl_date=1956.11.11&dl_size=4.02 MB
Suspense,https://radioechoes.com/?page=series&genre=OTR-Drama&series=Suspense,The Long Night,1956.11.18,https://radioechoes.com/?page=play_download&mode=play&dl_mp3folder=S&dl_file=suspense_1956-11-18_the_long_night.mp3&dl_series=Suspense&dl_title=The Long Night&dl_date=1956.11.18&dl_size=6.81 MB
Suspense,https://radioechoes.com/?page=series&genre=OTR-Drama&series=Suspense,The Man Who Stole The Bible,1956.11.25,https://radioechoes.com/?page=play_download&mode=play&dl_mp3folder=S&dl_file=suspense_1956-11-25_the_man_who_stole_the_bible.mp3&dl_series=Suspense&dl_title=The Man Who Stole The Bible&dl_date=1956.11.25&dl_size=6.76 MB
Suspense,https://radioechoes.com/?page=series&genre=OTR-Drama&series=Suspense,The Rim Of Terror,1956.12.02,https://radioechoes.com/?page=play_download&mode=play&dl_mp3folder=S&dl_file=suspense_1956-12-02_the_rim_of_terror.mp3&dl_series=Suspense&dl_title=The Rim Of Terror&dl_date=1956.12.02&dl_size=6.76 MB
Suspense,https://radioechoes.com/?page=series&genre=OTR-Drama&series=Suspense,An Occurrence At Owl Creek Bridge,1956.12.09,https://radioechoes.com/?page=play_download&mode=play&dl_mp3folder=S&dl_file=suspense_1956-12-09_an_occurrence_at_owl_creek_bridge.mp3&dl_series=Suspense&dl_title=An Occurrence At Owl Creek Bridge&dl_date=1956.12.09&dl_size=6.72 MB
Suspense,https://radioechoes.com/?page=series&genre=OTR-Drama&series=Suspense,Eyewitness,1956.12.16,https://radioechoes.com/?page=play_download&mode=play&dl_mp3folder=S&dl_file=suspense_1956-12-16_eyewitness.mp3&dl_series=Suspense&dl_title=Eyewitness&dl_date=1956.12.16&dl_size=6.76 MB
Suspense,https://radioechoes.com/?page=series&genre=OTR-Drama&series=Suspense,Back For Christmas,1956.12.23,https://radioechoes.com/?page=play_download&mode=play&dl_mp3folder=S&dl_file=suspense_1956-12-23_back_for_christmas.mp3&dl_series=Suspense&dl_title=Back For Christmas&dl_date=1956.12.23&dl_size=6.68 MB
Suspense,https://radioechoes.com/?page=series&genre=OTR-Drama&series=Suspense,A Shipment Of Mute Fate,1957.01.06,https://radioechoes.com/?page=play_download&mode=play&dl_mp3folder=S&dl_file=suspense_1957-01-06_a_shipment_of_mute_fate.mp3&dl_series=Suspense&dl_title=A Shipment Of Mute Fate&dl_date=1957.01.06&dl_size=5.14 MB
Suspense,https://radioechoes.com/?page=series&genre=OTR-Drama&series=Suspense,Russian New Year,1957.01.13,https://radioechoes.com/?page=play_download&mode=play&dl_mp3folder=S&dl_file=suspense_1957-01-13_russian_new_year.mp3&dl_series=Suspense&dl_title=Russian New Year&dl_date=1957.01.13&dl_size=6.61 MB
Suspense,https://radioechoes.com/?page=series&genre=OTR-Drama&series=Suspense,Second Class Passenger,1957.01.20,https://radioechoes.com/?page=play_download&mode=play&dl_mp3folder=S&dl_file=suspense_1957-01-20_second_class_passenger.mp3&dl_series=Suspense&dl_title=Second Class Passenger&dl_date=1957.01.20&dl_size=5.14 MB
Suspense,https://radioechoes.com/?page=series&genre=OTR-Drama&series=Suspense,Freedom This Way,1957.01.27,https://radioechoes.com/?page=play_download&mode=play&dl_mp3folder=S&dl_file=suspense_1957-01-27_freedom_this_way.mp3&dl_series=Suspense&dl_title=Freedom This Way&dl_date=1957.01.27&dl_size=6.67 MB
Suspense,https://radioechoes.com/?page=series&genre=OTR-Drama&series=Suspense,Frankie And Johnny,1957.02.03,https://radioechoes.com/?page=play_download&mode=play&dl_mp3folder=S&dl_file=suspense_1957-02-03_frankie_and_johnny.mp3&dl_series=Suspense&dl_title=Frankie And Johnny&dl_date=1957.02.03&dl_size=6.56 MB
Suspense,https://radioechoes.com/?page=series&genre=OTR-Drama&series=Suspense,Door Of Gold,1957.02.10,https://radioechoes.com/?page=play_download&mode=play&dl_mp3folder=S&dl_file=suspense_1957-02-10_door_of_gold.mp3&dl_series=Suspense&dl_title=Door Of Gold&dl_date=1957.02.10&dl_size=6.49 MB
Suspense,https://radioechoes.com/?page=series&genre=OTR-Drama&series=Suspense,Murder And Aunt Delia,1957.02.17,https://radioechoes.com/?page=play_download&mode=play&dl_mp3folder=S&dl_file=suspense_1957-02-17_murder_and_aunt_delia.mp3&dl_series=Suspense&dl_title=Murder And Aunt Delia&dl_date=1957.02.17&dl_size=6.66 MB
Suspense,https://radioechoes.com/?page=series&genre=OTR-Drama&series=Suspense,Two Hundred And Twenty Seven Minutes Of Hate,1957.02.24,https://radioechoes.com/?page=play_download&mode=play&dl_mp3folder=S&dl_file=suspense_1957-02-24_two_hundred_and_twenty_seven_minutes_of_hate.mp3&dl_series=Suspense&dl_title=Two Hundred And Twenty Seven Minutes Of Hate&dl_date=1957.02.24&dl_size=6.37 MB
Suspense,https://radioechoes.com/?page=series&genre=OTR-Drama&series=Suspense,Present Tense,1957.03.03,https://radioechoes.com/?page=play_download&mode=play&dl_mp3folder=S&dl_file=suspense_1957-03-03_present_tense.mp3&dl_series=Suspense&dl_title=Present Tense&dl_date=1957.03.03&dl_size=6.55 MB
Suspense,https://radioechoes.com/?page=series&genre=OTR-Drama&series=Suspense,The Paralta Map,1957.03.10,https://radioechoes.com/?page=play_download&mode=play&dl_mp3folder=S&dl_file=suspense_1957-03-10_the_paralta_map.mp3&dl_series=Suspense&dl_title=The Paralta Map&dl_date=1957.03.10&dl_size=6.64 MB
Suspense,https://radioechoes.com/?page=series&genre=OTR-Drama&series=Suspense,The Outer Limit,1957.03.17,https://radioechoes.com/?page=play_download&mode=play&dl_mp3folder=S&dl_file=suspense_1957-03-17_the_outer_limit.mp3&dl_series=Suspense&dl_title=The Outer Limit&dl_date=1957.03.17&dl_size=6.69 MB
Suspense,https://radioechoes.com/?page=series&genre=OTR-Drama&series=Suspense,Shooting Star,1957.03.24,https://radioechoes.com/?page=play_download&mode=play&dl_mp3folder=S&dl_file=suspense_1957-03-24_shooting_star.mp3&dl_series=Suspense&dl_title=Shooting Star&dl_date=1957.03.24&dl_size=5.93 MB
Suspense,https://radioechoes.com/?page=series&genre=OTR-Drama&series=Suspense,A Good Neighbor,1957.03.31,https://radioechoes.com/?page=play_download&mode=play&dl_mp3folder=S&dl_file=suspense_1957-03-31_a_good_neighbor.mp3&dl_series=Suspense&dl_title=A Good Neighbor&dl_date=1957.03.31&dl_size=5.93 MB
Suspense,https://radioechoes.com/?page=series&genre=OTR-Drama&series=Suspense,Vanishing Lady,1957.04.07,https://radioechoes.com/?page=play_download&mode=play&dl_mp3folder=S&dl_file=suspense_1957-04-07_vanishing_lady.mp3&dl_series=Suspense&dl_title=Vanishing Lady&dl_date=1957.04.07&dl_size=6.44 MB
Suspense,https://radioechoes.com/?page=series&genre=OTR-Drama&series=Suspense,Thou Shalt Not Commit,1957.04.14,https://radioechoes.com/?page=play_download&mode=play&dl_mp3folder=S&dl_file=suspense_1957-04-14_thou_shalt_not_commit.mp3&dl_series=Suspense&dl_title=Thou Shalt Not Commit&dl_date=1957.04.14&dl_size=6.21 MB
Suspense,https://radioechoes.com/?page=series&genre=OTR-Drama&series=Suspense,Chicken Feed,1957.04.21,https://radioechoes.com/?page=play_download&mode=play&dl_mp3folder=S&dl_file=suspense_1957-04-21_chicken_feed.mp3&dl_series=Suspense&dl_title=Chicken Feed&dl_date=1957.04.21&dl_size=6.17 MB
Suspense,https://radioechoes.com/?page=series&genre=OTR-Drama&series=Suspense,Escape To Death,1957.04.28,https://radioechoes.com/?page=play_download&mode=play&dl_mp3folder=S&dl_file=suspense_1957-04-28_escape_to_death.mp3&dl_series=Suspense&dl_title=Escape To Death&dl_date=1957.04.28&dl_size=6.38 MB
Suspense,https://radioechoes.com/?page=series&genre=OTR-Drama&series=Suspense,Celebration,1957.05.05,https://radioechoes.com/?page=play_download&mode=play&dl_mp3folder=S&dl_file=suspense_1957-05-05_celebration.mp3&dl_series=Suspense&dl_title=Celebration&dl_date=1957.05.05&dl_size=6.89 MB
Suspense,https://radioechoes.com/?page=series&genre=OTR-Drama&series=Suspense,Tarawa Was Tough,1957.05.12,https://radioechoes.com/?page=play_download&mode=play&dl_mp3folder=S&dl_file=suspense_1957-05-12_tarawa_was_tough.mp3&dl_series=Suspense&dl_title=Tarawa Was Tough&dl_date=1957.05.12&dl_size=5.74 MB
Suspense,https://radioechoes.com/?page=series&genre=OTR-Drama&series=Suspense,Death And Miss Turner - Edited,1957.05.19,https://radioechoes.com/?page=play_download&mode=play&dl_mp3folder=S&dl_file=suspense_1957-05-19_death_and_miss_turner_edited.mp3&dl_series=Suspense&dl_title=Death And Miss Turner - Edited&dl_date=1957.05.19&dl_size=5.71 MB
Suspense,https://radioechoes.com/?page=series&genre=OTR-Drama&series=Suspense,The Big Day,1957.05.26,https://radioechoes.com/?page=play_download&mode=play&dl_mp3folder=S&dl_file=suspense_1957-05-26_the_big_day.mp3&dl_series=Suspense&dl_title=The Big Day&dl_date=1957.05.26&dl_size=6.71 MB
Suspense,https://radioechoes.com/?page=series&genre=OTR-Drama&series=Suspense,Crossing Paris,1957.06.02,https://radioechoes.com/?page=play_download&mode=play&dl_mp3folder=S&dl_file=suspense_1957-06-02_crossing_paris.mp3&dl_series=Suspense&dl_title=Crossing Paris&dl_date=1957.06.02&dl_size=5.81 MB
Suspense,https://radioechoes.com/?page=series&genre=OTR-Drama&series=Suspense,The Green And Gold String,1957.06.09,https://radioechoes.com/?page=play_download&mode=play&dl_mp3folder=S&dl_file=suspense_1957-06-09_the_green_and_gold_string.mp3&dl_series=Suspense&dl_title=The Green And Gold String&dl_date=1957.06.09&dl_size=7.1 MB
Suspense,https://radioechoes.com/?page=series&genre=OTR-Drama&series=Suspense,Trial By Jury,1957.06.16,https://radioechoes.com/?page=play_download&mode=play&dl_mp3folder=S&dl_file=suspense_1957-06-16_trial_by_jury.mp3&dl_series=Suspense&dl_title=Trial By Jury&dl_date=1957.06.16&dl_size=5.81 MB
Suspense,https://radioechoes.com/?page=series&genre=OTR-Drama&series=Suspense,A Load Of Dynamite,1957.06.23,https://radioechoes.com/?page=play_download&mode=play&dl_mp3folder=S&dl_file=suspense_1957-06-23_a_load_of_dynamite.mp3&dl_series=Suspense&dl_title=A Load Of Dynamite&dl_date=1957.06.23&dl_size=6.35 MB
Suspense,https://radioechoes.com/?page=series&genre=OTR-Drama&series=Suspense,The Yellow Wallpaper,1957.06.30,https://radioechoes.com/?page=play_download&mode=play&dl_mp3folder=S&dl_file=suspense_1957-06-30_the_yellow_wallpaper.mp3&dl_series=Suspense&dl_title=The Yellow Wallpaper&dl_date=1957.06.30&dl_size=6.75 MB
Suspense,https://radioechoes.com/?page=series&genre=OTR-Drama&series=Suspense,Alibi,1957.07.07,https://radioechoes.com/?page=play_download&mode=play&dl_mp3folder=S&dl_file=suspense_1957-07-07_alibi.mp3&dl_series=Suspense&dl_title=Alibi&dl_date=1957.07.07&dl_size=6.89 MB
Suspense,https://radioechoes.com/?page=series&genre=OTR-Drama&series=Suspense,Flood On The Goodwins,1957.07.14,https://radioechoes.com/?page=play_download&mode=play&dl_mp3folder=S&dl_file=suspense_1957-07-14_flood_on_the_goodwins.mp3&dl_series=Suspense&dl_title=Flood On The Goodwins&dl_date=1957.07.14&dl_size=6.66 MB
Suspense,https://radioechoes.com/?page=series&genre=OTR-Drama&series=Suspense,America's Boyfriend,1957.07.21,https://radioechoes.com/?page=play_download&mode=play&dl_mp3folder=S&dl_file=suspense_1957-07-21_americas_boyfriend.mp3&dl_series=Suspense&dl_title=America's Boyfriend&dl_date=1957.07.21&dl_size=6.86 MB
Suspense,https://radioechoes.com/?page=series&genre=OTR-Drama&series=Suspense,Murder On Mike,1957.07.28,https://radioechoes.com/?page=play_download&mode=play&dl_mp3folder=S&dl_file=suspense_1957-07-28_murder_on_mike.mp3&dl_series=Suspense&dl_title=Murder On Mike&dl_date=1957.07.28&dl_size=6.88 MB
Suspense,https://radioechoes.com/?page=series&genre=OTR-Drama&series=Suspense,Flesh Peddler,1957.08.04,https://radioechoes.com/?page=play_download&mode=play&dl_mp3folder=S&dl_file=suspense_1957-08-04_flesh_peddler.mp3&dl_series=Suspense&dl_title=Flesh Peddler&dl_date=1957.08.04&dl_size=6.84 MB
Suspense,https://radioechoes.com/?page=series&genre=OTR-Drama&series=Suspense,Pigeon In The Cage,1957.08.11,https://radioechoes.com/?page=play_download&mode=play&dl_mp3folder=S&dl_file=suspense_1957-08-11_pigeon_in_the_cage.mp3&dl_series=Suspense&dl_title=Pigeon In The Cage&dl_date=1957.08.11&dl_size=5.95 MB
Suspense,https://radioechoes.com/?page=series&genre=OTR-Drama&series=Suspense,Peanut Brittle,1957.08.18,https://radioechoes.com/?page=play_download&mode=play&dl_mp3folder=S&dl_file=suspense_1957-08-18_peanut_brittle.mp3&dl_series=Suspense&dl_title=Peanut Brittle&dl_date=1957.08.18&dl_size=6.82 MB
Suspense,https://radioechoes.com/?page=series&genre=OTR-Drama&series=Suspense,Leinengen Vs The Ants,1957.08.25,https://radioechoes.com/?page=play_download&mode=play&dl_mp3folder=S&dl_file=suspense_1957-08-25_leinengen_vs_the_ants.mp3&dl_series=Suspense&dl_title=Leinengen Vs The Ants&dl_date=1957.08.25&dl_size=6.72 MB
Suspense,https://radioechoes.com/?page=series&genre=OTR-Drama&series=Suspense,The Man From Tomorrow,1957.09.01,https://radioechoes.com/?page=play_download&mode=play&dl_mp3folder=S&dl_file=suspense_1957-09-01_the_man_from_tomorrow.mp3&dl_series=Suspense&dl_title=The Man From Tomorrow&dl_date=1957.09.01&dl_size=6.83 MB
Suspense,https://radioechoes.com/?page=series&genre=OTR-Drama&series=Suspense,Old Army Buddy,1957.09.08,https://radioechoes.com/?page=play_download&mode=play&dl_mp3folder=S&dl_file=suspense_1957-09-08_old_army_buddy.mp3&dl_series=Suspense&dl_title=Old Army Buddy&dl_date=1957.09.08&dl_size=4.17 MB
Suspense,https://radioechoes.com/?page=series&genre=OTR-Drama&series=Suspense,Shadow On The Wall,1957.09.22,https://radioechoes.com/?page=play_download&mode=play&dl_mp3folder=S&dl_file=suspense_1957-09-22_shadow_on_the_wall.mp3&dl_series=Suspense&dl_title=Shadow On The Wall&dl_date=1957.09.22&dl_size=4.74 MB
Suspense,https://radioechoes.com/?page=series&genre=OTR-Drama&series=Suspense,Vamp Till Dead,1957.09.29,https://radioechoes.com/?page=play_download&mode=play&dl_mp3folder=S&dl_file=suspense_1957-09-29_vamp_till_dead.mp3&dl_series=Suspense&dl_title=Vamp Till Dead&dl_date=1957.09.29&dl_size=4.91 MB
Suspense,https://radioechoes.com/?page=series&genre=OTR-Drama&series=Suspense,Misfire,1957.10.06,https://radioechoes.com/?page=play_download&mode=play&dl_mp3folder=S&dl_file=suspense_1957-10-06_misfire.mp3&dl_series=Suspense&dl_title=Misfire&dl_date=1957.10.06&dl_size=4.47 MB
Suspense,https://radioechoes.com/?page=series&genre=OTR-Drama&series=Suspense,The Well Dressed Corpse,1957.10.13,https://radioechoes.com/?page=play_download&mode=play&dl_mp3folder=S&dl_file=suspense_1957-10-13_the_well_dressed_corpse.mp3&dl_series=Suspense&dl_title=The Well Dressed Corpse&dl_date=1957.10.13&dl_size=5.55 MB
Suspense,https://radioechoes.com/?page=series&genre=OTR-Drama&series=Suspense,Sorry Wrong Number,1957.10.20,https://radioechoes.com/?page=play_download&mode=play&dl_mp3folder=S&dl_file=suspense_1957-10-20_sorry_wrong_number.mp3&dl_series=Suspense&dl_title=Sorry Wrong Number&dl_date=1957.10.20&dl_size=5.72 MB
Suspense,https://radioechoes.com/?page=series&genre=OTR-Drama&series=Suspense,Country Of The Blind,1957.10.27,https://radioechoes.com/?page=play_download&mode=play&dl_mp3folder=S&dl_file=suspense_1957-10-27_country_of_the_blind.mp3&dl_series=Suspense&dl_title=Country Of The Blind&dl_date=1957.10.27&dl_size=4.33 MB
Suspense,https://radioechoes.com/?page=series&genre=OTR-Drama&series=Suspense,Firing Run,1957.11.03,https://radioechoes.com/?page=play_download&mode=play&dl_mp3folder=S&dl_file=suspense_1957-11-03_firing_run.mp3&dl_series=Suspense&dl_title=Firing Run&dl_date=1957.11.03&dl_size=5.68 MB
Suspense,https://radioechoes.com/?page=series&genre=OTR-Drama&series=Suspense,The Pit And The Pendulum,1957.11.10,https://radioechoes.com/?page=play_download&mode=play&dl_mp3folder=S&dl_file=suspense_1957-11-10_the_pit_and_the_pendulum.mp3&dl_series=Suspense&dl_title=The Pit And The Pendulum&dl_date=1957.11.10&dl_size=5.66 MB
Suspense,https://radioechoes.com/?page=series&genre=OTR-Drama&series=Suspense,The City That Was,1957.11.17,https://radioechoes.com/?page=play_download&mode=play&dl_mp3folder=S&dl_file=suspense_1957-11-17_the_city_that_was.mp3&dl_series=Suspense&dl_title=The City That Was&dl_date=1957.11.17&dl_size=5.71 MB
Suspense,https://radioechoes.com/?page=series&genre=OTR-Drama&series=Suspense,The Star Of Thessaly,1957.11.24,https://radioechoes.com/?page=play_download&mode=play&dl_mp3folder=S&dl_file=suspense_1957-11-24_the_star_of_thessaly.mp3&dl_series=Suspense&dl_title=The Star Of Thessaly&dl_date=1957.11.24&dl_size=5.71 MB
Suspense,https://radioechoes.com/?page=series&genre=OTR-Drama&series=Suspense,Jet Stream,1957.12.01,https://radioechoes.com/?page=play_download&mode=play&dl_mp3folder=S&dl_file=suspense_1957-12-01_jet_stream.mp3&dl_series=Suspense&dl_title=Jet Stream&dl_date=1957.12.01&dl_size=5.75 MB
Suspense,https://radioechoes.com/?page=series&genre=OTR-Drama&series=Suspense,Speed Trap,1957.12.08,https://radioechoes.com/?page=play_download&mode=play&dl_mp3folder=S&dl_file=suspense_1957-12-08_speed_trap.mp3&dl_series=Suspense&dl_title=Speed Trap&dl_date=1957.12.08&dl_size=5.72 MB
Suspense,https://radioechoes.com/?page=series&genre=OTR-Drama&series=Suspense,An Occurrence At Owl Creek Bridge,1957.12.15,https://radioechoes.com/?page=play_download&mode=play&dl_mp3folder=S&dl_file=suspense_1957-12-15_an_occurrence_at_owl_creek_bridge.mp3&dl_series=Suspense&dl_title=An Occurrence At Owl Creek Bridge&dl_date=1957.12.15&dl_size=5.68 MB
Suspense,https://radioechoes.com/?page=series&genre=OTR-Drama&series=Suspense,Dog Star,1957.12.22,https://radioechoes.com/?page=play_download&mode=play&dl_mp3folder=S&dl_file=suspense_1957-12-22_dog_star.mp3&dl_series=Suspense&dl_title=Dog Star&dl_date=1957.12.22&dl_size=5.75 MB
Suspense,https://radioechoes.com/?page=series&genre=OTR-Drama&series=Suspense,Never Steal A Butcher's Wife,1957.12.29,https://radioechoes.com/?page=play_download&mode=play&dl_mp3folder=S&dl_file=suspense_1957-12-29_never_steal_a_butchers_wife.mp3&dl_series=Suspense&dl_title=Never Steal A Butcher's Wife&dl_date=1957.12.29&dl_size=4.74 MB
Suspense,https://radioechoes.com/?page=series&genre=OTR-Drama&series=Suspense,A Week Ago Wednesday,1958.01.05,https://radioechoes.com/?page=play_download&mode=play&dl_mp3folder=S&dl_file=suspense_1958-01-05_a_week_ago_wednesday.mp3&dl_series=Suspense&dl_title=A Week Ago Wednesday&dl_date=1958.01.05&dl_size=5.14 MB
Suspense,https://radioechoes.com/?page=series&genre=OTR-Drama&series=Suspense,The Island,1958.01.12,https://radioechoes.com/?page=play_download&mode=play&dl_mp3folder=S&dl_file=suspense_1958-01-12_the_island.mp3&dl_series=Suspense&dl_title=The Island&dl_date=1958.01.12&dl_size=4.17 MB
Suspense,https://radioechoes.com/?page=series&genre=OTR-Drama&series=Suspense,The Crowded Void,1958.01.19,https://radioechoes.com/?page=play_download&mode=play&dl_mp3folder=S&dl_file=suspense_1958-01-19_the_crowded_void.mp3&dl_series=Suspense&dl_title=The Crowded Void&dl_date=1958.01.19&dl_size=5.73 MB
Suspense,https://radioechoes.com/?page=series&genre=OTR-Drama&series=Suspense,19 Deacon Street,1958.01.26,https://radioechoes.com/?page=play_download&mode=play&dl_mp3folder=S&dl_file=suspense_1958-01-26_19_deacon_street.mp3&dl_series=Suspense&dl_title=19 Deacon Street&dl_date=1958.01.26&dl_size=5.25 MB
Suspense,https://radioechoes.com/?page=series&genre=OTR-Drama&series=Suspense,Silver Frame,1958.02.02,https://radioechoes.com/?page=play_download&mode=play&dl_mp3folder=S&dl_file=suspense_1958-02-02_silver_frame.mp3&dl_series=Suspense&dl_title=Silver Frame&dl_date=1958.02.02&dl_size=4.05 MB
Suspense,https://radioechoes.com/?page=series&genre=OTR-Drama&series=Suspense,Long Shot,1958.02.09,https://radioechoes.com/?page=play_download&mode=play&dl_mp3folder=S&dl_file=suspense_1958-02-09_long_shot.mp3&dl_series=Suspense&dl_title=Long Shot&dl_date=1958.02.09&dl_size=4.82 MB
Suspense,https://radioechoes.com/?page=series&genre=OTR-Drama&series=Suspense,One Chef Well Done,1958.02.16,https://radioechoes.com/?page=play_download&mode=play&dl_mp3folder=S&dl_file=suspense_1958-02-16_one_chef_well_done.mp3&dl_series=Suspense&dl_title=One Chef Well Done&dl_date=1958.02.16&dl_size=5.17 MB
Suspense,https://radioechoes.com/?page=series&genre=OTR-Drama&series=Suspense,Five Buck Tip,1958.02.23,https://radioechoes.com/?page=play_download&mode=play&dl_mp3folder=S&dl_file=suspense_1958-02-23_five_buck_tip.mp3&dl_series=Suspense&dl_title=Five Buck Tip&dl_date=1958.02.23&dl_size=5.71 MB
Suspense,https://radioechoes.com/?page=series&genre=OTR-Drama&series=Suspense,Never Follow A Banjo Act,1958.03.02,https://radioechoes.com/?page=play_download&mode=play&dl_mp3folder=S&dl_file=suspense_1958-03-02_never_follow_a_banjo_act.mp3&dl_series=Suspense&dl_title=Never Follow A Banjo Act&dl_date=1958.03.02&dl_size=4.78 MB
Suspense,https://radioechoes.com/?page=series&genre=OTR-Drama&series=Suspense,The Chain,1958.03.09,https://radioechoes.com/?page=play_download&mode=play&dl_mp3folder=S&dl_file=suspense_1958-03-09_the_chain.mp3&dl_series=Suspense&dl_title=The Chain&dl_date=1958.03.09&dl_size=4.27 MB
Suspense,https://radioechoes.com/?page=series&genre=OTR-Drama&series=Suspense,Game Hunt,1958.03.16,https://radioechoes.com/?page=play_download&mode=play&dl_mp3folder=S&dl_file=suspense_1958-03-16_game_hunt.mp3&dl_series=Suspense&dl_title=Game Hunt&dl_date=1958.03.16&dl_size=5.78 MB
Suspense,https://radioechoes.com/?page=series&genre=OTR-Drama&series=Suspense,Affair At Loveland Pass,1958.03.23,https://radioechoes.com/?page=play_download&mode=play&dl_mp3folder=S&dl_file=suspense_1958-03-23_affair_at_loveland_pass.mp3&dl_series=Suspense&dl_title=Affair At Loveland Pass&dl_date=1958.03.23&dl_size=5.75 MB
Suspense,https://radioechoes.com/?page=series&genre=OTR-Drama&series=Suspense,The Sisters,1958.03.30,https://radioechoes.com/?page=play_download&mode=play&dl_mp3folder=S&dl_file=suspense_1958-03-30_the_sisters.mp3&dl_series=Suspense&dl_title=The Sisters&dl_date=1958.03.30&dl_size=4.24 MB
Suspense,https://radioechoes.com/?page=series&genre=OTR-Drama&series=Suspense,Just One Happy Little Family,1958.04.06,https://radioechoes.com/?page=play_download&mode=play&dl_mp3folder=S&dl_file=suspense_1958-04-06_just_one_happy_little_family.mp3&dl_series=Suspense&dl_title=Just One Happy Little Family&dl_date=1958.04.06&dl_size=5.44 MB
Suspense,https://radioechoes.com/?page=series&genre=OTR-Drama&series=Suspense,"Win, Place, Or Die",1958.04.13,"https://radioechoes.com/?page=play_download&mode=play&dl_mp3folder=S&dl_file=suspense_1958-04-13_win_place_or_die.mp3&dl_series=Suspense&dl_title=Win, Place, Or Die&dl_date=1958.04.13&dl_size=5.51 MB"
Suspense,https://radioechoes.com/?page=series&genre=OTR-Drama&series=Suspense,Alibi Me,1958.04.20,https://radioechoes.com/?page=play_download&mode=play&dl_mp3folder=S&dl_file=suspense_1958-04-20_alibi_me.mp3&dl_series=Suspense&dl_title=Alibi Me&dl_date=1958.04.20&dl_size=5.76 MB
Suspense,https://radioechoes.com/?page=series&genre=OTR-Drama&series=Suspense,Winner Lose All,1958.04.27,https://radioechoes.com/?page=play_download&mode=play&dl_mp3folder=S&dl_file=suspense_1958-04-27_winner_lose_all.mp3&dl_series=Suspense&dl_title=Winner Lose All&dl_date=1958.04.27&dl_size=5.72 MB
Suspense,https://radioechoes.com/?page=series&genre=OTR-Drama&series=Suspense,Sundown,1958.05.04,https://radioechoes.com/?page=play_download&mode=play&dl_mp3folder=S&dl_file=suspense_1958-05-04_sundown.mp3&dl_series=Suspense&dl_title=Sundown&dl_date=1958.05.04&dl_size=4.5 MB
Suspense,https://radioechoes.com/?page=series&genre=OTR-Drama&series=Suspense,Subway Stop,1958.05.11,https://radioechoes.com/?page=play_download&mode=play&dl_mp3folder=S&dl_file=suspense_1958-05-11_subway_stop.mp3&dl_series=Suspense&dl_title=Subway Stop&dl_date=1958.05.11&dl_size=4.14 MB
Suspense,https://radioechoes.com/?page=series&genre=OTR-Drama&series=Suspense,Zero Hour,1958.05.18,https://radioechoes.com/?page=play_download&mode=play&dl_mp3folder=S&dl_file=suspense_1958-05-18_zero_hour.mp3&dl_series=Suspense&dl_title=Zero Hour&dl_date=1958.05.18&dl_size=4.57 MB
Suspense,https://radioechoes.com/?page=series&genre=OTR-Drama&series=Suspense,Like Man Somebody Dig Me,1958.05.25,https://radioechoes.com/?page=play_download&mode=play&dl_mp3folder=S&dl_file=suspense_1958-05-25_like_man_somebody_dig_me.mp3&dl_series=Suspense&dl_title=Like Man Somebody Dig Me&dl_date=1958.05.25&dl_size=5.74 MB
Suspense,https://radioechoes.com/?page=series&genre=OTR-Drama&series=Suspense,Rave Notice,1958.06.01,https://radioechoes.com/?page=play_download&mode=play&dl_mp3folder=S&dl_file=suspense_1958-06-01_rave_notice.mp3&dl_series=Suspense&dl_title=Rave Notice&dl_date=1958.06.01&dl_size=5.84 MB
Suspense,https://radioechoes.com/?page=series&genre=OTR-Drama&series=Suspense,Invisible Ape,1958.06.08,https://radioechoes.com/?page=play_download&mode=play&dl_mp3folder=S&dl_file=suspense_1958-06-08_invisible_ape.mp3&dl_series=Suspense&dl_title=Invisible Ape&dl_date=1958.06.08&dl_size=4.08 MB
Suspense,https://radioechoes.com/?page=series&genre=OTR-Drama&series=Suspense,Strange For A Killer,1958.06.15,https://radioechoes.com/?page=play_download&mode=play&dl_mp3folder=S&dl_file=suspense_1958-06-15_strange_for_a_killer.mp3&dl_series=Suspense&dl_title=Strange For A Killer&dl_date=1958.06.15&dl_size=4.4 MB
Suspense,https://radioechoes.com/?page=series&genre=OTR-Drama&series=Suspense,The Last Kilometer,1958.06.22,https://radioechoes.com/?page=play_download&mode=play&dl_mp3folder=S&dl_file=suspense_1958-06-22_the_last_kilometer.mp3&dl_series=Suspense&dl_title=The Last Kilometer&dl_date=1958.06.22&dl_size=6.04 MB
Suspense,https://radioechoes.com/?page=series&genre=OTR-Drama&series=Suspense,Rain Tonight,1958.06.29,https://radioechoes.com/?page=play_download&mode=play&dl_mp3folder=S&dl_file=suspense_1958-06-29_rain_tonight.mp3&dl_series=Suspense&dl_title=Rain Tonight&dl_date=1958.06.29&dl_size=5.84 MB
Suspense,https://radioechoes.com/?page=series&genre=OTR-Drama&series=Suspense,Rub Down And Out,1958.07.06,https://radioechoes.com/?page=play_download&mode=play&dl_mp3folder=S&dl_file=suspense_1958-07-06_rub_down_and_out.mp3&dl_series=Suspense&dl_title=Rub Down And Out&dl_date=1958.07.06&dl_size=5.89 MB
Suspense,https://radioechoes.com/?page=series&genre=OTR-Drama&series=Suspense,The Long Night,1958.07.13,https://radioechoes.com/?page=play_download&mode=play&dl_mp3folder=S&dl_file=suspense_1958-07-13_the_long_night.mp3&dl_series=Suspense&dl_title=The Long Night&dl_date=1958.07.13&dl_size=5.77 MB
Suspense,https://radioechoes.com/?page=series&genre=OTR-Drama&series=Suspense,It's All In Your Mind,1958.07.20,https://radioechoes.com/?page=play_download&mode=play&dl_mp3folder=S&dl_file=suspense_1958-07-20_its_all_in_your_mind.mp3&dl_series=Suspense&dl_title=It's All In Your Mind&dl_date=1958.07.20&dl_size=5.56 MB
Suspense,https://radioechoes.com/?page=series&genre=OTR-Drama&series=Suspense,Steel River Prison Break,1958.07.27,https://radioechoes.com/?page=play_download&mode=play&dl_mp3folder=S&dl_file=suspense_1958-07-27_steel_river_prison_break.mp3&dl_series=Suspense&dl_title=Steel River Prison Break&dl_date=1958.07.27&dl_size=4.89 MB
Suspense,https://radioechoes.com/?page=series&genre=OTR-Drama&series=Suspense,The Voice Of Company A,1958.08.03,https://radioechoes.com/?page=play_download&mode=play&dl_mp3folder=S&dl_file=suspense_1958-08-03_the_voice_of_company_a.mp3&dl_series=Suspense&dl_title=The Voice Of Company A&dl_date=1958.08.03&dl_size=4.68 MB
Suspense,https://radioechoes.com/?page=series&genre=OTR-Drama&series=Suspense,Diary Of Sophronia Winters,1958.08.10,https://radioechoes.com/?page=play_download&mode=play&dl_mp3folder=S&dl_file=suspense_1958-08-10_diary_of_sophronia_winters.mp3&dl_series=Suspense&dl_title=Diary Of Sophronia Winters&dl_date=1958.08.10&dl_size=5.54 MB
Suspense,https://radioechoes.com/?page=series&genre=OTR-Drama&series=Suspense,The Bridge,1958.08.17,https://radioechoes.com/?page=play_download&mode=play&dl_mp3folder=S&dl_file=suspense_1958-08-17_the_bridge.mp3&dl_series=Suspense&dl_title=The Bridge&dl_date=1958.08.17&dl_size=5.04 MB
Suspense,https://radioechoes.com/?page=series&genre=OTR-Drama&series=Suspense,Remember Me,1958.08.24,https://radioechoes.com/?page=play_download&mode=play&dl_mp3folder=S&dl_file=suspense_1958-08-24_remember_me.mp3&dl_series=Suspense&dl_title=Remember Me&dl_date=1958.08.24&dl_size=5.28 MB
Suspense,https://radioechoes.com/?page=series&genre=OTR-Drama&series=Suspense,The Whole Town's Sleeping,1958.08.31,https://radioechoes.com/?page=play_download&mode=play&dl_mp3folder=S&dl_file=suspense_1958-08-31_the_whole_towns_sleeping.mp3&dl_series=Suspense&dl_title=The Whole Town's Sleeping&dl_date=1958.08.31&dl_size=5.68 MB
Suspense,https://radioechoes.com/?page=series&genre=OTR-Drama&series=Suspense,The Wait,1958.09.07,https://radioechoes.com/?page=play_download&mode=play&dl_mp3folder=S&dl_file=suspense_1958-09-07_the_wait.mp3&dl_series=Suspense&dl_title=The Wait&dl_date=1958.09.07&dl_size=4.66 MB
Suspense,https://radioechoes.com/?page=series&genre=OTR-Drama&series=Suspense,Command,1958.09.14,https://radioechoes.com/?page=play_download&mode=play&dl_mp3folder=S&dl_file=suspense_1958-09-14_command.mp3&dl_series=Suspense&dl_title=Command&dl_date=1958.09.14&dl_size=5.71 MB
Suspense,https://radioechoes.com/?page=series&genre=OTR-Drama&series=Suspense,No Hiding Place,1958.09.21,https://radioechoes.com/?page=play_download&mode=play&dl_mp3folder=S&dl_file=suspense_1958-09-21_no_hiding_place.mp3&dl_series=Suspense&dl_title=No Hiding Place&dl_date=1958.09.21&dl_size=5.35 MB
Suspense,https://radioechoes.com/?page=series&genre=OTR-Drama&series=Suspense,Affair At Aden,1958.09.28,https://radioechoes.com/?page=play_download&mode=play&dl_mp3folder=S&dl_file=suspense_1958-09-28_affair_at_aden.mp3&dl_series=Suspense&dl_title=Affair At Aden&dl_date=1958.09.28&dl_size=4.99 MB
Suspense,https://radioechoes.com/?page=series&genre=OTR-Drama&series=Suspense,The Man Who Won The War,1958.10.05,https://radioechoes.com/?page=play_download&mode=play&dl_mp3folder=S&dl_file=suspense_1958-10-05_the_man_who_won_the_war.mp3&dl_series=Suspense&dl_title=The Man Who Won The War&dl_date=1958.10.05&dl_size=5.65 MB
Suspense,https://radioechoes.com/?page=series&genre=OTR-Drama&series=Suspense,Treasure Chest Of Don Jose,1958.10.11,https://radioechoes.com/?page=play_download&mode=play&dl_mp3folder=S&dl_file=suspense_1958-10-11_treasure_chest_of_don_jose.mp3&dl_series=Suspense&dl_title=Treasure Chest Of Don Jose&dl_date=1958.10.11&dl_size=4.8 MB
Suspense,https://radioechoes.com/?page=series&genre=OTR-Drama&series=Suspense,Three Skeleton Key,1958.10.19,https://radioechoes.com/?page=play_download&mode=play&dl_mp3folder=S&dl_file=suspense_1958-10-19_three_skeleton_key.mp3&dl_series=Suspense&dl_title=Three Skeleton Key&dl_date=1958.10.19&dl_size=4.41 MB
Suspense,https://radioechoes.com/?page=series&genre=OTR-Drama&series=Suspense,Headshrinker,1958.10.26,https://radioechoes.com/?page=play_download&mode=play&dl_mp3folder=S&dl_file=suspense_1958-10-26_headshrinker.mp3&dl_series=Suspense&dl_title=Headshrinker&dl_date=1958.10.26&dl_size=6.28 MB
Suspense,https://radioechoes.com/?page=series&genre=OTR-Drama&series=Suspense,The Dealings Of Mr. Markham,1958.11.02,https://radioechoes.com/?page=play_download&mode=play&dl_mp3folder=S&dl_file=suspense_1958-11-02_the_dealings_of_mr_markham.mp3&dl_series=Suspense&dl_title=The Dealings Of Mr. Markham&dl_date=1958.11.02&dl_size=6.5 MB
Suspense,https://radioechoes.com/?page=series&genre=OTR-Drama&series=Suspense,Two For The Road,1958.11.09,https://radioechoes.com/?page=play_download&mode=play&dl_mp3folder=S&dl_file=suspense_1958-11-09_two_for_the_road.mp3&dl_series=Suspense&dl_title=Two For The Road&dl_date=1958.11.09&dl_size=6.7 MB
Suspense,https://radioechoes.com/?page=series&genre=OTR-Drama&series=Suspense,My Dear Niece,1958.11.16,https://radioechoes.com/?page=play_download&mode=play&dl_mp3folder=S&dl_file=suspense_1958-11-16_my_dear_niece.mp3&dl_series=Suspense&dl_title=My Dear Niece&dl_date=1958.11.16&dl_size=5.46 MB
Suspense,https://radioechoes.com/?page=series&genre=OTR-Drama&series=Suspense,A Statement Of Fact,1958.11.23,https://radioechoes.com/?page=play_download&mode=play&dl_mp3folder=S&dl_file=suspense_1958-11-23_a_statement_of_fact.mp3&dl_series=Suspense&dl_title=A Statement Of Fact&dl_date=1958.11.23&dl_size=4.5 MB
Suspense,https://radioechoes.com/?page=series&genre=OTR-Drama&series=Suspense,Misfire,1958.11.30,https://radioechoes.com/?page=play_download&mode=play&dl_mp3folder=S&dl_file=suspense_1958-11-30_misfire.mp3&dl_series=Suspense&dl_title=Misfire&dl_date=1958.11.30&dl_size=4.69 MB
Suspense,https://radioechoes.com/?page=series&genre=OTR-Drama&series=Suspense,Tom Dooley,1958.12.07,https://radioechoes.com/?page=play_download&mode=play&dl_mp3folder=S&dl_file=suspense_1958-12-07_tom_dooley.mp3&dl_series=Suspense&dl_title=Tom Dooley&dl_date=1958.12.07&dl_size=5.24 MB
Suspense,https://radioechoes.com/?page=series&genre=OTR-Drama&series=Suspense,For Old Times Sake,1958.12.14,https://radioechoes.com/?page=play_download&mode=play&dl_mp3folder=S&dl_file=suspense_1958-12-14_for_old_times_sake.mp3&dl_series=Suspense&dl_title=For Old Times Sake&dl_date=1958.12.14&dl_size=5.54 MB
Suspense,https://radioechoes.com/?page=series&genre=OTR-Drama&series=Suspense,Out For Christmas,1958.12.21,https://radioechoes.com/?page=play_download&mode=play&dl_mp3folder=S&dl_file=suspense_1958-12-21_out_for_christmas.mp3&dl_series=Suspense&dl_title=Out For Christmas&dl_date=1958.12.21&dl_size=5.52 MB
Suspense,https://radioechoes.com/?page=series&genre=OTR-Drama&series=Suspense,The Thirty Second Of December,1958.12.28,https://radioechoes.com/?page=play_download&mode=play&dl_mp3folder=S&dl_file=suspense_1958-12-28_the_thirty_second_of_december.mp3&dl_series=Suspense&dl_title=The Thirty Second Of December&dl_date=1958.12.28&dl_size=5.35 MB
Suspense,https://radioechoes.com/?page=series&genre=OTR-Drama&series=Suspense,Don't Call Me Mother,1959.01.04,https://radioechoes.com/?page=play_download&mode=play&dl_mp3folder=S&dl_file=suspense_1959-01-04_dont_call_me_mother.mp3&dl_series=Suspense&dl_title=Don't Call Me Mother&dl_date=1959.01.04&dl_size=6.81 MB
Suspense,https://radioechoes.com/?page=series&genre=OTR-Drama&series=Suspense,Night On Red Mountain,1959.01.11,https://radioechoes.com/?page=play_download&mode=play&dl_mp3folder=S&dl_file=suspense_1959-01-11_night_on_red_mountain.mp3&dl_series=Suspense&dl_title=Night On Red Mountain&dl_date=1959.01.11&dl_size=5.4 MB
Suspense,https://radioechoes.com/?page=series&genre=OTR-Drama&series=Suspense,Ride Down Cajon,1959.01.18,https://radioechoes.com/?page=play_download&mode=play&dl_mp3folder=S&dl_file=suspense_1959-01-18_ride_down_cajon.mp3&dl_series=Suspense&dl_title=Ride Down Cajon&dl_date=1959.01.18&dl_size=5.39 MB
Suspense,https://radioechoes.com/?page=series&genre=OTR-Drama&series=Suspense,Four Of A Kind,1959.01.25,https://radioechoes.com/?page=play_download&mode=play&dl_mp3folder=S&dl_file=suspense_1959-01-25_four_of_a_kind.mp3&dl_series=Suspense&dl_title=Four Of A Kind&dl_date=1959.01.25&dl_size=5.46 MB
Suspense,https://radioechoes.com/?page=series&genre=OTR-Drama&series=Suspense,Return To Dust,1959.02.01,https://radioechoes.com/?page=play_download&mode=play&dl_mp3folder=S&dl_file=suspense_1959-02-01_return_to_dust.mp3&dl_series=Suspense&dl_title=Return To Dust&dl_date=1959.02.01&dl_size=5.6 MB
Suspense,https://radioechoes.com/?page=series&genre=OTR-Drama&series=Suspense,Death Notice,1959.02.08,https://radioechoes.com/?page=play_download&mode=play&dl_mp3folder=S&dl_file=suspense_1959-02-08_death_notice.mp3&dl_series=Suspense&dl_title=Death Notice&dl_date=1959.02.08&dl_size=5.21 MB
Suspense,https://radioechoes.com/?page=series&genre=OTR-Drama&series=Suspense,The Signalman,1959.02.15,https://radioechoes.com/?page=play_download&mode=play&dl_mp3folder=S&dl_file=suspense_1959-02-15_the_signalman.mp3&dl_series=Suspense&dl_title=The Signalman&dl_date=1959.02.15&dl_size=4.38 MB
Suspense,https://radioechoes.com/?page=series&genre=OTR-Drama&series=Suspense,Star Over Hong Kong,1959.02.22,https://radioechoes.com/?page=play_download&mode=play&dl_mp3folder=S&dl_file=suspense_1959-02-22_star_over_hong_kong.mp3&dl_series=Suspense&dl_title=Star Over Hong Kong&dl_date=1959.02.22&dl_size=5.43 MB
Suspense,https://radioechoes.com/?page=series&genre=OTR-Drama&series=Suspense,The Waxwork,1959.03.01,https://radioechoes.com/?page=play_download&mode=play&dl_mp3folder=S&dl_file=suspense_1959-03-01_the_waxwork.mp3&dl_series=Suspense&dl_title=The Waxwork&dl_date=1959.03.01&dl_size=5.5 MB
Suspense,https://radioechoes.com/?page=series&genre=OTR-Drama&series=Suspense,The Mad Man Of Manhattan,1959.03.08,https://radioechoes.com/?page=play_download&mode=play&dl_mp3folder=S&dl_file=suspense_1959-03-08_the_mad_man_of_manhattan.mp3&dl_series=Suspense&dl_title=The Mad Man Of Manhattan&dl_date=1959.03.08&dl_size=10.72 MB
Suspense,https://radioechoes.com/?page=series&genre=OTR-Drama&series=Suspense,Death In Box 234,1959.03.15,https://radioechoes.com/?page=play_download&mode=play&dl_mp3folder=S&dl_file=suspense_1959-03-15_death_in_box_234.mp3&dl_series=Suspense&dl_title=Death In Box 234&dl_date=1959.03.15&dl_size=10.67 MB
Suspense,https://radioechoes.com/?page=series&genre=OTR-Drama&series=Suspense,Script By Mark Brady,1959.03.22,https://radioechoes.com/?page=play_download&mode=play&dl_mp3folder=S&dl_file=suspense_1959-03-22_script_by_mark_brady.mp3&dl_series=Suspense&dl_title=Script By Mark Brady&dl_date=1959.03.22&dl_size=10.46 MB
Suspense,https://radioechoes.com/?page=series&genre=OTR-Drama&series=Suspense,John Barbey And Son,1959.03.29,https://radioechoes.com/?page=play_download&mode=play&dl_mp3folder=S&dl_file=suspense_1959-03-29_john_barbey_and_son.mp3&dl_series=Suspense&dl_title=John Barbey And Son&dl_date=1959.03.29&dl_size=5.7 MB
Suspense,https://radioechoes.com/?page=series&genre=OTR-Drama&series=Suspense,Too Hot To Live,1959.04.12,https://radioechoes.com/?page=play_download&mode=play&dl_mp3folder=S&dl_file=suspense_1959-04-12_too_hot_to_live.mp3&dl_series=Suspense&dl_title=Too Hot To Live&dl_date=1959.04.12&dl_size=5.38 MB
Suspense,https://radioechoes.com/?page=series&genre=OTR-Drama&series=Suspense,See How He Runs,1959.04.19,https://radioechoes.com/?page=play_download&mode=play&dl_mp3folder=S&dl_file=suspense_1959-04-19_see_how_he_runs.mp3&dl_series=Suspense&dl_title=See How He Runs&dl_date=1959.04.19&dl_size=4.1 MB
Suspense,https://radioechoes.com/?page=series&genre=OTR-Drama&series=Suspense,Deep Deep Is My Love,1959.04.26,https://radioechoes.com/?page=play_download&mode=play&dl_mp3folder=S&dl_file=suspense_1959-04-26_deep_deep_is_my_love.mp3&dl_series=Suspense&dl_title=Deep Deep Is My Love&dl_date=1959.04.26&dl_size=3.92 MB
Suspense,https://radioechoes.com/?page=series&genre=OTR-Drama&series=Suspense,The Amateur,1959.05.03,https://radioechoes.com/?page=play_download&mode=play&dl_mp3folder=S&dl_file=suspense_1959-05-03_the_amateur.mp3&dl_series=Suspense&dl_title=The Amateur&dl_date=1959.05.03&dl_size=5.72 MB
Suspense,https://radioechoes.com/?page=series&genre=OTR-Drama&series=Suspense,On A Country Road,1959.05.10,https://radioechoes.com/?page=play_download&mode=play&dl_mp3folder=S&dl_file=suspense_1959-05-10_on_a_country_road.mp3&dl_series=Suspense&dl_title=On A Country Road&dl_date=1959.05.10&dl_size=4.25 MB
Suspense,https://radioechoes.com/?page=series&genre=OTR-Drama&series=Suspense,Friend Of Daddy's,1959.05.17,https://radioechoes.com/?page=play_download&mode=play&dl_mp3folder=S&dl_file=suspense_1959-05-17_friend_of_daddys.mp3&dl_series=Suspense&dl_title=Friend Of Daddy's&dl_date=1959.05.17&dl_size=4.85 MB
Suspense,https://radioechoes.com/?page=series&genre=OTR-Drama&series=Suspense,Spoils For Victor,1959.05.24,https://radioechoes.com/?page=play_download&mode=play&dl_mp3folder=S&dl_file=suspense_1959-05-24_spoils_for_victor.mp3&dl_series=Suspense&dl_title=Spoils For Victor&dl_date=1959.05.24&dl_size=4.03 MB
Suspense,https://radioechoes.com/?page=series&genre=OTR-Drama&series=Suspense,The Man Who Would Be King,1959.05.31,https://radioechoes.com/?page=play_download&mode=play&dl_mp3folder=S&dl_file=suspense_1959-05-31_the_man_who_would_be_king.mp3&dl_series=Suspense&dl_title=The Man Who Would Be King&dl_date=1959.05.31&dl_size=5.57 MB
Suspense,https://radioechoes.com/?page=series&genre=OTR-Drama&series=Suspense,The Pit And The Pendulum,1959.06.07,https://radioechoes.com/?page=play_download&mode=play&dl_mp3folder=S&dl_file=suspense_1959-06-07_the_pit_and_the_pendulum.mp3&dl_series=Suspense&dl_title=The Pit And The Pendulum&dl_date=1959.06.07&dl_size=4.67 MB
Suspense,https://radioechoes.com/?page=series&genre=OTR-Drama&series=Suspense,Drive In,1959.06.14,https://radioechoes.com/?page=play_download&mode=play&dl_mp3folder=S&dl_file=suspense_1959-06-14_drive_in.mp3&dl_series=Suspense&dl_title=Drive In&dl_date=1959.06.14&dl_size=3.88 MB
Suspense,https://radioechoes.com/?page=series&genre=OTR-Drama&series=Suspense,Ivy Is A Lovely Name For A Girl,1959.06.21,https://radioechoes.com/?page=play_download&mode=play&dl_mp3folder=S&dl_file=suspense_1959-06-21_ivy_is_a_lovely_name_for_a_girl.mp3&dl_series=Suspense&dl_title=Ivy Is A Lovely Name For A Girl&dl_date=1959.06.21&dl_size=6.62 MB
Suspense,https://radioechoes.com/?page=series&genre=OTR-Drama&series=Suspense,Analytical Hour,1959.06.28,https://radioechoes.com/?page=play_download&mode=play&dl_mp3folder=S&dl_file=suspense_1959-06-28_analytical_hour.mp3&dl_series=Suspense&dl_title=Analytical Hour&dl_date=1959.06.28&dl_size=4.29 MB
Suspense,https://radioechoes.com/?page=series&genre=OTR-Drama&series=Suspense,Blood Is Thicker,1959.07.05,https://radioechoes.com/?page=play_download&mode=play&dl_mp3folder=S&dl_file=suspense_1959-07-05_blood_is_thicker.mp3&dl_series=Suspense&dl_title=Blood Is Thicker&dl_date=1959.07.05&dl_size=4.09 MB
Suspense,https://radioechoes.com/?page=series&genre=OTR-Drama&series=Suspense,Eyewitness,1959.07.12,https://radioechoes.com/?page=play_download&mode=play&dl_mp3folder=S&dl_file=suspense_1959-07-12_eyewitness.mp3&dl_series=Suspense&dl_title=Eyewitness&dl_date=1959.07.12&dl_size=4.48 MB
Suspense,https://radioechoes.com/?page=series&genre=OTR-Drama&series=Suspense,An Occurrence At Owl Creek Bridge,1959.07.19,https://radioechoes.com/?page=play_download&mode=play&dl_mp3folder=S&dl_file=suspense_1959-07-19_an_occurrence_at_owl_creek_bridge.mp3&dl_series=Suspense&dl_title=An Occurrence At Owl Creek Bridge&dl_date=1959.07.19&dl_size=4.33 MB
Suspense,https://radioechoes.com/?page=series&genre=OTR-Drama&series=Suspense,It's All In Your Mind,1959.07.20,https://radioechoes.com/?page=play_download&mode=play&dl_mp3folder=S&dl_file=suspense_1959-07-20_its_all_in_your_mind.mp3&dl_series=Suspense&dl_title=It's All In Your Mind&dl_date=1959.07.20&dl_size=5.35 MB
Suspense,https://radioechoes.com/?page=series&genre=OTR-Drama&series=Suspense,Night Man,1959.07.26,https://radioechoes.com/?page=play_download&mode=play&dl_mp3folder=S&dl_file=suspense_1959-07-26_night_man.mp3&dl_series=Suspense&dl_title=Night Man&dl_date=1959.07.26&dl_size=4.5 MB
Suspense,https://radioechoes.com/?page=series&genre=OTR-Drama&series=Suspense,Red Cloud Mesa,1959.08.02,https://radioechoes.com/?page=play_download&mode=play&dl_mp3folder=S&dl_file=suspense_1959-08-02_red_cloud_mesa.mp3&dl_series=Suspense&dl_title=Red Cloud Mesa&dl_date=1959.08.02&dl_size=4.5 MB
Suspense,https://radioechoes.com/?page=series&genre=OTR-Drama&series=Suspense,Everything Will Be Different,1959.08.09,https://radioechoes.com/?page=play_download&mode=play&dl_mp3folder=S&dl_file=suspense_1959-08-09_everything_will_be_different.mp3&dl_series=Suspense&dl_title=Everything Will Be Different&dl_date=1959.08.09&dl_size=4.52 MB
Suspense,https://radioechoes.com/?page=series&genre=OTR-Drama&series=Suspense,Like Man Somebody Dig Me,1959.08.16,https://radioechoes.com/?page=play_download&mode=play&dl_mp3folder=S&dl_file=suspense_1959-08-16_like_man_somebody_dig_me.mp3&dl_series=Suspense&dl_title=Like Man Somebody Dig Me&dl_date=1959.08.16&dl_size=4.26 MB
Suspense,https://radioechoes.com/?page=series&genre=OTR-Drama&series=Suspense,Headshrinker,1959.08.23,https://radioechoes.com/?page=play_download&mode=play&dl_mp3folder=S&dl_file=suspense_1959-08-23_headshrinker.mp3&dl_series=Suspense&dl_title=Headshrinker&dl_date=1959.08.23&dl_size=4.42 MB
Suspense,https://radioechoes.com/?page=series&genre=OTR-Drama&series=Suspense,A Matter Of Execution,1959.08.30,https://radioechoes.com/?page=play_download&mode=play&dl_mp3folder=S&dl_file=suspense_1959-08-30_a_matter_of_execution.mp3&dl_series=Suspense&dl_title=A Matter Of Execution&dl_date=1959.08.30&dl_size=4.55 MB
Suspense,https://radioechoes.com/?page=series&genre=OTR-Drama&series=Suspense,After The Movies,1959.09.06,https://radioechoes.com/?page=play_download&mode=play&dl_mp3folder=S&dl_file=suspense_1959-09-06_after_the_movies.mp3&dl_series=Suspense&dl_title=After The Movies&dl_date=1959.09.06&dl_size=4.82 MB
Suspense,https://radioechoes.com/?page=series&genre=OTR-Drama&series=Suspense,Death And The Escort,1959.09.13,https://radioechoes.com/?page=play_download&mode=play&dl_mp3folder=S&dl_file=suspense_1959-09-13_death_and_the_escort.mp3&dl_series=Suspense&dl_title=Death And The Escort&dl_date=1959.09.13&dl_size=5.09 MB
Suspense,https://radioechoes.com/?page=series&genre=OTR-Drama&series=Suspense,The Beetle And Mr. Bottle,1959.09.20,https://radioechoes.com/?page=play_download&mode=play&dl_mp3folder=S&dl_file=suspense_1959-09-20_the_beetle_and_mr_bottle.mp3&dl_series=Suspense&dl_title=The Beetle And Mr. Bottle&dl_date=1959.09.20&dl_size=5.62 MB
Suspense,https://radioechoes.com/?page=series&genre=OTR-Drama&series=Suspense,Room 203,1959.10.04,https://radioechoes.com/?page=play_download&mode=play&dl_mp3folder=S&dl_file=suspense_1959-10-04_room_203.mp3&dl_series=Suspense&dl_title=Room 203&dl_date=1959.10.04&dl_size=4.42 MB
Suspense,https://radioechoes.com/?page=series&genre=OTR-Drama&series=Suspense,Infanticide,1959.10.11,https://radioechoes.com/?page=play_download&mode=play&dl_mp3folder=S&dl_file=suspense_1959-10-11_infanticide.mp3&dl_series=Suspense&dl_title=Infanticide&dl_date=1959.10.11&dl_size=5.65 MB
Suspense,https://radioechoes.com/?page=series&genre=OTR-Drama&series=Suspense,The Crisis Of Dirk Diamond,1959.10.18,https://radioechoes.com/?page=play_download&mode=play&dl_mp3folder=S&dl_file=suspense_1959-10-18_the_crisis_of_dirk_diamond.mp3&dl_series=Suspense&dl_title=The Crisis Of Dirk Diamond&dl_date=1959.10.18&dl_size=5.55 MB
Suspense,https://radioechoes.com/?page=series&genre=OTR-Drama&series=Suspense,The Easy Victim,1959.10.25,https://radioechoes.com/?page=play_download&mode=play&dl_mp3folder=S&dl_file=suspense_1959-10-25_the_easy_victim.mp3&dl_series=Suspense&dl_title=The Easy Victim&dl_date=1959.10.25&dl_size=5.49 MB
Suspense,https://radioechoes.com/?page=series&genre=OTR-Drama&series=Suspense,Re Entry,1959.11.01,https://radioechoes.com/?page=play_download&mode=play&dl_mp3folder=S&dl_file=suspense_1959-11-01_re_entry.mp3&dl_series=Suspense&dl_title=Re Entry&dl_date=1959.11.01&dl_size=5.59 MB
Suspense,https://radioechoes.com/?page=series&genre=OTR-Drama&series=Suspense,The Last Trip,1959.11.08,https://radioechoes.com/?page=play_download&mode=play&dl_mp3folder=S&dl_file=suspense_1959-11-08_the_last_trip.mp3&dl_series=Suspense&dl_title=The Last Trip&dl_date=1959.11.08&dl_size=5.74 MB
Suspense,https://radioechoes.com/?page=series&genre=OTR-Drama&series=Suspense,The Companion,1959.11.15,https://radioechoes.com/?page=play_download&mode=play&dl_mp3folder=S&dl_file=suspense_1959-11-15_the_companion.mp3&dl_series=Suspense&dl_title=The Companion&dl_date=1959.11.15&dl_size=5.83 MB
Suspense,https://radioechoes.com/?page=series&genre=OTR-Drama&series=Suspense,The Thimble,1959.11.22,https://radioechoes.com/?page=play_download&mode=play&dl_mp3folder=S&dl_file=suspense_1959-11-22_the_thimble.mp3&dl_series=Suspense&dl_title=The Thimble&dl_date=1959.11.22&dl_size=4.34 MB
Suspense,https://radioechoes.com/?page=series&genre=OTR-Drama&series=Suspense,Leinengen Vs The Ants,1959.11.29,https://radioechoes.com/?page=play_download&mode=play&dl_mp3folder=S&dl_file=suspense_1959-11-29_leinengen_vs_the_ants.mp3&dl_series=Suspense&dl_title=Leinengen Vs The Ants&dl_date=1959.11.29&dl_size=4.86 MB
Suspense,https://radioechoes.com/?page=series&genre=OTR-Drama&series=Suspense,Dynamite Run,1959.12.06,https://radioechoes.com/?page=play_download&mode=play&dl_mp3folder=S&dl_file=suspense_1959-12-06_dynamite_run.mp3&dl_series=Suspense&dl_title=Dynamite Run&dl_date=1959.12.06&dl_size=4.42 MB
Suspense,https://radioechoes.com/?page=series&genre=OTR-Drama&series=Suspense,The Country Of The Blind,1959.12.13,https://radioechoes.com/?page=play_download&mode=play&dl_mp3folder=S&dl_file=suspense_1959-12-13_the_country_of_the_blind.mp3&dl_series=Suspense&dl_title=The Country Of The Blind&dl_date=1959.12.13&dl_size=5.59 MB
Suspense,https://radioechoes.com/?page=series&genre=OTR-Drama&series=Suspense,A Korean Christmas Carol,1959.12.20,https://radioechoes.com/?page=play_download&mode=play&dl_mp3folder=S&dl_file=suspense_1959-12-20_a_korean_christmas_carol.mp3&dl_series=Suspense&dl_title=A Korean Christmas Carol&dl_date=1959.12.20&dl_size=4.45 MB
Suspense,https://radioechoes.com/?page=series&genre=OTR-Drama&series=Suspense,Moonlight Sail,1959.12.27,https://radioechoes.com/?page=play_download&mode=play&dl_mp3folder=S&dl_file=suspense_1959-12-27_moonlight_sail.mp3&dl_series=Suspense&dl_title=Moonlight Sail&dl_date=1959.12.27&dl_size=5.68 MB
Suspense,https://radioechoes.com/?page=series&genre=OTR-Drama&series=Suspense,Zero Hour,1960.01.03,https://radioechoes.com/?page=play_download&mode=play&dl_mp3folder=S&dl_file=suspense_1960-01-03_zero_hour.mp3&dl_series=Suspense&dl_title=Zero Hour&dl_date=1960.01.03&dl_size=5.53 MB
Suspense,https://radioechoes.com/?page=series&genre=OTR-Drama&series=Suspense,The Long Night,1960.01.10,https://radioechoes.com/?page=play_download&mode=play&dl_mp3folder=S&dl_file=suspense_1960-01-10_the_long_night.mp3&dl_series=Suspense&dl_title=The Long Night&dl_date=1960.01.10&dl_size=5.62 MB
Suspense,https://radioechoes.com/?page=series&genre=OTR-Drama&series=Suspense,The Time The Place And The Death,1960.01.17,https://radioechoes.com/?page=play_download&mode=play&dl_mp3folder=S&dl_file=suspense_1960-01-17_the_time_the_place_and_the_death.mp3&dl_series=Suspense&dl_title=The Time The Place And The Death&dl_date=1960.01.17&dl_size=5.63 MB
Suspense,https://radioechoes.com/?page=series&genre=OTR-Drama&series=Suspense,Turnabout,1960.01.24,https://radioechoes.com/?page=play_download&mode=play&dl_mp3folder=S&dl_file=suspense_1960-01-24_turnabout.mp3&dl_series=Suspense&dl_title=Turnabout&dl_date=1960.01.24&dl_size=5.66 MB
Suspense,https://radioechoes.com/?page=series&genre=OTR-Drama&series=Suspense,End Of The Road,1960.01.31,https://radioechoes.com/?page=play_download&mode=play&dl_mp3folder=S&dl_file=suspense_1960-01-31_end_of_the_road.mp3&dl_series=Suspense&dl_title=End Of The Road&dl_date=1960.01.31&dl_size=5.69 MB
Suspense,https://radioechoes.com/?page=series&genre=OTR-Drama&series=Suspense,The Mystery Of Marie Roget,1960.02.07,https://radioechoes.com/?page=play_download&mode=play&dl_mp3folder=S&dl_file=suspense_1960-02-07_the_mystery_of_marie_roget.mp3&dl_series=Suspense&dl_title=The Mystery Of Marie Roget&dl_date=1960.02.07&dl_size=5.6 MB
Suspense,https://radioechoes.com/?page=series&genre=OTR-Drama&series=Suspense,Sorry Wrong Number,1960.02.14,https://radioechoes.com/?page=play_download&mode=play&dl_mp3folder=S&dl_file=suspense_1960-02-14_sorry_wrong_number.mp3&dl_series=Suspense&dl_title=Sorry Wrong Number&dl_date=1960.02.14&dl_size=5.58 MB
Suspense,https://radioechoes.com/?page=series&genre=OTR-Drama&series=Suspense,Crank Letter,1960.02.21,https://radioechoes.com/?page=play_download&mode=play&dl_mp3folder=S&dl_file=suspense_1960-02-21_crank_letter.mp3&dl_series=Suspense&dl_title=Crank Letter&dl_date=1960.02.21&dl_size=5.67 MB
Suspense,https://radioechoes.com/?page=series&genre=OTR-Drama&series=Suspense,Lt. Langer's Last Collection,1960.02.28,https://radioechoes.com/?page=play_download&mode=play&dl_mp3folder=S&dl_file=suspense_1960-02-28_lt_langers_last_collection.mp3&dl_series=Suspense&dl_title=Lt. Langer's Last Collection&dl_date=1960.02.28&dl_size=4.7 MB
Suspense,https://radioechoes.com/?page=series&genre=OTR-Drama&series=Suspense,Sleep Is For Children,1960.03.06,https://radioechoes.com/?page=play_download&mode=play&dl_mp3folder=S&dl_file=suspense_1960-03-06_sleep_is_for_children.mp3&dl_series=Suspense&dl_title=Sleep Is For Children&dl_date=1960.03.06&dl_size=5.52 MB
Suspense,https://radioechoes.com/?page=series&genre=OTR-Drama&series=Suspense,Revolution,1960.03.13,https://radioechoes.com/?page=play_download&mode=play&dl_mp3folder=S&dl_file=suspense_1960-03-13_revolution.mp3&dl_series=Suspense&dl_title=Revolution&dl_date=1960.03.13&dl_size=5.39 MB
Suspense,https://radioechoes.com/?page=series&genre=OTR-Drama&series=Suspense,Talk About Caruso,1960.03.20,https://radioechoes.com/?page=play_download&mode=play&dl_mp3folder=S&dl_file=suspense_1960-03-20_talk_about_caruso.mp3&dl_series=Suspense&dl_title=Talk About Caruso&dl_date=1960.03.20&dl_size=5.49 MB
Suspense,https://radioechoes.com/?page=series&genre=OTR-Drama&series=Suspense,Coffin For Mr. Cash,1960.03.27,https://radioechoes.com/?page=play_download&mode=play&dl_mp3folder=S&dl_file=suspense_1960-03-27_coffin_for_mr_cash.mp3&dl_series=Suspense&dl_title=Coffin For Mr. Cash&dl_date=1960.03.27&dl_size=6.11 MB
Suspense,https://radioechoes.com/?page=series&genre=OTR-Drama&series=Suspense,A Shipment Of Mute Fate,1960.04.03,https://radioechoes.com/?page=play_download&mode=play&dl_mp3folder=S&dl_file=suspense_1960-04-03_a_shipment_of_mute_fate.mp3&dl_series=Suspense&dl_title=A Shipment Of Mute Fate&dl_date=1960.04.03&dl_size=4.76 MB
Suspense,https://radioechoes.com/?page=series&genre=OTR-Drama&series=Suspense,Two Horse Parlay,1960.04.10,https://radioechoes.com/?page=play_download&mode=play&dl_mp3folder=S&dl_file=suspense_1960-04-10_two_horse_parlay.mp3&dl_series=Suspense&dl_title=Two Horse Parlay&dl_date=1960.04.10&dl_size=5.61 MB
Suspense,https://radioechoes.com/?page=series&genre=OTR-Drama&series=Suspense,Tonight At Five Fifty Five,1960.04.17,https://radioechoes.com/?page=play_download&mode=play&dl_mp3folder=S&dl_file=suspense_1960-04-17_tonight_at_five_fifty_five.mp3&dl_series=Suspense&dl_title=Tonight At Five Fifty Five&dl_date=1960.04.17&dl_size=7.54 MB
Suspense,https://radioechoes.com/?page=series&genre=OTR-Drama&series=Suspense,One More Shot,1960.04.24,https://radioechoes.com/?page=play_download&mode=play&dl_mp3folder=S&dl_file=suspense_1960-04-24_one_more_shot.mp3&dl_series=Suspense&dl_title=One More Shot&dl_date=1960.04.24&dl_size=5.52 MB
Suspense,https://radioechoes.com/?page=series&genre=OTR-Drama&series=Suspense,Bitter Grapes,1960.05.01,https://radioechoes.com/?page=play_download&mode=play&dl_mp3folder=S&dl_file=suspense_1960-05-01_bitter_grapes.mp3&dl_series=Suspense&dl_title=Bitter Grapes&dl_date=1960.05.01&dl_size=4.44 MB
Suspense,https://radioechoes.com/?page=series&genre=OTR-Drama&series=Suspense,The Legend Of Robbie,1960.05.08,https://radioechoes.com/?page=play_download&mode=play&dl_mp3folder=S&dl_file=suspense_1960-05-08_the_legend_of_robbie.mp3&dl_series=Suspense&dl_title=The Legend Of Robbie&dl_date=1960.05.08&dl_size=5.64 MB
Suspense,https://radioechoes.com/?page=series&genre=OTR-Drama&series=Suspense,Deadman's Story,1960.05.15,https://radioechoes.com/?page=play_download&mode=play&dl_mp3folder=S&dl_file=suspense_1960-05-15_deadmans_story.mp3&dl_series=Suspense&dl_title=Deadman's Story&dl_date=1960.05.15&dl_size=5.84 MB
Suspense,https://radioechoes.com/?page=series&genre=OTR-Drama&series=Suspense,Out The Window,1960.05.22,https://radioechoes.com/?page=play_download&mode=play&dl_mp3folder=S&dl_file=suspense_1960-05-22_out_the_window.mp3&dl_series=Suspense&dl_title=Out The Window&dl_date=1960.05.22&dl_size=4.83 MB
Suspense,https://radioechoes.com/?page=series&genre=OTR-Drama&series=Suspense,Out The Window,1960.05.22,https://radioechoes.com/?page=play_download&mode=play&dl_mp3folder=S&dl_file=suspense_1960-05-22_out_the_window.mp3&dl_series=Suspense&dl_title=Out The Window&dl_date=1960.05.22&dl_size=4.83 MB
Suspense,https://radioechoes.com/?page=series&genre=OTR-Drama&series=Suspense,Perfect Plan,1960.05.29,https://radioechoes.com/?page=play_download&mode=play&dl_mp3folder=S&dl_file=suspense_1960-05-29_perfect_plan.mp3&dl_series=Suspense&dl_title=Perfect Plan&dl_date=1960.05.29&dl_size=5.67 MB
Suspense,https://radioechoes.com/?page=series&genre=OTR-Drama&series=Suspense,Two Came Back,1960.06.05,https://radioechoes.com/?page=play_download&mode=play&dl_mp3folder=S&dl_file=suspense_1960-06-05_two_came_back.mp3&dl_series=Suspense&dl_title=Two Came Back&dl_date=1960.06.05&dl_size=5.19 MB
Suspense,https://radioechoes.com/?page=series&genre=OTR-Drama&series=Suspense,Elemental,1960.06.12,https://radioechoes.com/?page=play_download&mode=play&dl_mp3folder=S&dl_file=suspense_1960-06-12_elemental.mp3&dl_series=Suspense&dl_title=Elemental&dl_date=1960.06.12&dl_size=5.59 MB
Suspense,https://radioechoes.com/?page=series&genre=OTR-Drama&series=Suspense,Sixty Grand Missing,1960.06.19,https://radioechoes.com/?page=play_download&mode=play&dl_mp3folder=S&dl_file=suspense_1960-06-19_sixty_grand_missing.mp3&dl_series=Suspense&dl_title=Sixty Grand Missing&dl_date=1960.06.19&dl_size=4.26 MB
Suspense,https://radioechoes.com/?page=series&genre=OTR-Drama&series=Suspense,Daisy Chain,1960.06.26,https://radioechoes.com/?page=play_download&mode=play&dl_mp3folder=S&dl_file=suspense_1960-06-26_daisy_chain.mp3&dl_series=Suspense&dl_title=Daisy Chain&dl_date=1960.06.26&dl_size=4.6 MB
Suspense,https://radioechoes.com/?page=series&genre=OTR-Drama&series=Suspense,Bon Voyage,1960.07.03,https://radioechoes.com/?page=play_download&mode=play&dl_mp3folder=S&dl_file=suspense_1960-07-03_bon_voyage.mp3&dl_series=Suspense&dl_title=Bon Voyage&dl_date=1960.07.03&dl_size=5.42 MB
Suspense,https://radioechoes.com/?page=series&genre=OTR-Drama&series=Suspense,Report From A Dead Planet,1960.07.10,https://radioechoes.com/?page=play_download&mode=play&dl_mp3folder=S&dl_file=suspense_1960-07-10_report_from_a_dead_planet.mp3&dl_series=Suspense&dl_title=Report From A Dead Planet&dl_date=1960.07.10&dl_size=4.58 MB
Suspense,https://radioechoes.com/?page=series&genre=OTR-Drama&series=Suspense,Memorial Bridge,1960.07.17,https://radioechoes.com/?page=play_download&mode=play&dl_mp3folder=S&dl_file=suspense_1960-07-17_memorial_bridge.mp3&dl_series=Suspense&dl_title=Memorial Bridge&dl_date=1960.07.17&dl_size=5.42 MB
Suspense,https://radioechoes.com/?page=series&genre=OTR-Drama&series=Suspense,Cold Canvas,1960.07.24,https://radioechoes.com/?page=play_download&mode=play&dl_mp3folder=S&dl_file=suspense_1960-07-24_cold_canvas.mp3&dl_series=Suspense&dl_title=Cold Canvas&dl_date=1960.07.24&dl_size=5.48 MB
Suspense,https://radioechoes.com/?page=series&genre=OTR-Drama&series=Suspense,End Game,1960.07.31,https://radioechoes.com/?page=play_download&mode=play&dl_mp3folder=S&dl_file=suspense_1960-07-31_end_game.mp3&dl_series=Suspense&dl_title=End Game&dl_date=1960.07.31&dl_size=5.15 MB
Suspense,https://radioechoes.com/?page=series&genre=OTR-Drama&series=Suspense,The Big Dive,1960.08.07,https://radioechoes.com/?page=play_download&mode=play&dl_mp3folder=S&dl_file=suspense_1960-08-07_the_big_dive.mp3&dl_series=Suspense&dl_title=The Big Dive&dl_date=1960.08.07&dl_size=4.79 MB
Suspense,https://radioechoes.com/?page=series&genre=OTR-Drama&series=Suspense,Night Ferry To Paris,1960.08.14,https://radioechoes.com/?page=play_download&mode=play&dl_mp3folder=S&dl_file=suspense_1960-08-14_night_ferry_to_paris.mp3&dl_series=Suspense&dl_title=Night Ferry To Paris&dl_date=1960.08.14&dl_size=4.78 MB
Suspense,https://radioechoes.com/?page=series&genre=OTR-Drama&series=Suspense,Truck Stop,1960.08.21,https://radioechoes.com/?page=play_download&mode=play&dl_mp3folder=S&dl_file=suspense_1960-08-21_truck_stop.mp3&dl_series=Suspense&dl_title=Truck Stop&dl_date=1960.08.21&dl_size=4.47 MB
Suspense,https://radioechoes.com/?page=series&genre=OTR-Drama&series=Suspense,The Girl In The Powder Blue Jag,1960.08.28,https://radioechoes.com/?page=play_download&mode=play&dl_mp3folder=S&dl_file=suspense_1960-08-28_the_girl_in_the_powder_blue_jag.mp3&dl_series=Suspense&dl_title=The Girl In The Powder Blue Jag&dl_date=1960.08.28&dl_size=5.32 MB
Suspense,https://radioechoes.com/?page=series&genre=OTR-Drama&series=Suspense,A Rest For Emily,1960.09.04,https://radioechoes.com/?page=play_download&mode=play&dl_mp3folder=S&dl_file=suspense_1960-09-04_a_rest_for_emily.mp3&dl_series=Suspense&dl_title=A Rest For Emily&dl_date=1960.09.04&dl_size=4.66 MB
Suspense,https://radioechoes.com/?page=series&genre=OTR-Drama&series=Suspense,Rakovsky's Rubles,1960.09.11,https://radioechoes.com/?page=play_download&mode=play&dl_mp3folder=S&dl_file=suspense_1960-09-11_rakovskys_rubles.mp3&dl_series=Suspense&dl_title=Rakovsky's Rubles&dl_date=1960.09.11&dl_size=4.57 MB
Suspense,https://radioechoes.com/?page=series&genre=OTR-Drama&series=Suspense,A Statement Of Fact,1960.09.18,https://radioechoes.com/?page=play_download&mode=play&dl_mp3folder=S&dl_file=suspense_1960-09-18_a_statement_of_fact.mp3&dl_series=Suspense&dl_title=A Statement Of Fact&dl_date=1960.09.18&dl_size=5.32 MB
Suspense,https://radioechoes.com/?page=series&genre=OTR-Drama&series=Suspense,Time On My Hands,1960.09.25,https://radioechoes.com/?page=play_download&mode=play&dl_mp3folder=S&dl_file=suspense_1960-09-25_time_on_my_hands.mp3&dl_series=Suspense&dl_title=Time On My Hands&dl_date=1960.09.25&dl_size=5.67 MB
Suspense,https://radioechoes.com/?page=series&genre=OTR-Drama&series=Suspense,Ivy Is A Lovely Name For A Girl,1960.10.02,https://radioechoes.com/?page=play_download&mode=play&dl_mp3folder=S&dl_file=suspense_1960-10-02_ivy_is_a_lovely_name_for_a_girl.mp3&dl_series=Suspense&dl_title=Ivy Is A Lovely Name For A Girl&dl_date=1960.10.02&dl_size=6.82 MB
Suspense,https://radioechoes.com/?page=series&genre=OTR-Drama&series=Suspense,Witness For Death,1960.10.09,https://radioechoes.com/?page=play_download&mode=play&dl_mp3folder=S&dl_file=suspense_1960-10-09_witness_for_death.mp3&dl_series=Suspense&dl_title=Witness For Death&dl_date=1960.10.09&dl_size=5.6 MB
Suspense,https://radioechoes.com/?page=series&genre=OTR-Drama&series=Suspense,Inferno,1960.10.16,https://radioechoes.com/?page=play_download&mode=play&dl_mp3folder=S&dl_file=suspense_1960-10-16_inferno.mp3&dl_series=Suspense&dl_title=Inferno&dl_date=1960.10.16&dl_size=5.86 MB
Suspense,https://radioechoes.com/?page=series&genre=OTR-Drama&series=Suspense,Night Man,1960.10.23,https://radioechoes.com/?page=play_download&mode=play&dl_mp3folder=S&dl_file=suspense_1960-10-23_night_man.mp3&dl_series=Suspense&dl_title=Night Man&dl_date=1960.10.23&dl_size=5.06 MB
Suspense,https://radioechoes.com/?page=series&genre=OTR-Drama&series=Suspense,The City That Was,1960.10.30,https://radioechoes.com/?page=play_download&mode=play&dl_mp3folder=S&dl_file=suspense_1960-10-30_the_city_that_was.mp3&dl_series=Suspense&dl_title=The City That Was&dl_date=1960.10.30&dl_size=6.69 MB
Suspense,https://radioechoes.com/?page=series&genre=OTR-Drama&series=Suspense,Green Lorelei,1960.11.06,https://radioechoes.com/?page=play_download&mode=play&dl_mp3folder=S&dl_file=suspense_1960-11-06_green_lorelei.mp3&dl_series=Suspense&dl_title=Green Lorelei&dl_date=1960.11.06&dl_size=6.42 MB
Suspense,https://radioechoes.com/?page=series&genre=OTR-Drama&series=Suspense,The Man Who Murders People,1960.11.13,https://radioechoes.com/?page=play_download&mode=play&dl_mp3folder=S&dl_file=suspense_1960-11-13_the_man_who_murders_people.mp3&dl_series=Suspense&dl_title=The Man Who Murders People&dl_date=1960.11.13&dl_size=6.71 MB
Suspense,https://radioechoes.com/?page=series&genre=OTR-Drama&series=Suspense,Night On Red Mountain,1960.11.20,https://radioechoes.com/?page=play_download&mode=play&dl_mp3folder=S&dl_file=suspense_1960-11-20_night_on_red_mountain.mp3&dl_series=Suspense&dl_title=Night On Red Mountain&dl_date=1960.11.20&dl_size=5.57 MB
Suspense,https://radioechoes.com/?page=series&genre=OTR-Drama&series=Suspense,Home Is Where You Find It,1960.11.27,https://radioechoes.com/?page=play_download&mode=play&dl_mp3folder=S&dl_file=suspense_1960-11-27_home_is_where_you_find_it.mp3&dl_series=Suspense&dl_title=Home Is Where You Find It&dl_date=1960.11.27&dl_size=6.51 MB
Suspense,https://radioechoes.com/?page=series&genre=OTR-Drama&series=Suspense,Call Me At Half Past,1961.06.25,https://radioechoes.com/?page=play_download&mode=play&dl_mp3folder=S&dl_file=suspense_1961-06-25_call_me_at_half_past.mp3&dl_series=Suspense&dl_title=Call Me At Half Past&dl_date=1961.06.25&dl_size=5.74 MB
Suspense,https://radioechoes.com/?page=series&genre=OTR-Drama&series=Suspense,Night Of The Storm,1961.07.02,https://radioechoes.com/?page=play_download&mode=play&dl_mp3folder=S&dl_file=suspense_1961-07-02_night_of_the_storm.mp3&dl_series=Suspense&dl_title=Night Of The Storm&dl_date=1961.07.02&dl_size=4.99 MB
Suspense,https://radioechoes.com/?page=series&genre=OTR-Drama&series=Suspense,Epitaph,1961.07.09,https://radioechoes.com/?page=play_download&mode=play&dl_mp3folder=S&dl_file=suspense_1961-07-09_epitaph.mp3&dl_series=Suspense&dl_title=Epitaph&dl_date=1961.07.09&dl_size=5.16 MB
Suspense,https://radioechoes.com/?page=series&genre=OTR-Drama&series=Suspense,The Man Who Knew How To Hate,1961.07.16,https://radioechoes.com/?page=play_download&mode=play&dl_mp3folder=S&dl_file=suspense_1961-07-16_the_man_who_knew_how_to_hate.mp3&dl_series=Suspense&dl_title=The Man Who Knew How To Hate&dl_date=1961.07.16&dl_size=5.52 MB
Suspense,https://radioechoes.com/?page=series&genre=OTR-Drama&series=Suspense,Stranger With My Face,1961.07.23,https://radioechoes.com/?page=play_download&mode=play&dl_mp3folder=S&dl_file=suspense_1961-07-23_stranger_with_my_face.mp3&dl_series=Suspense&dl_title=Stranger With My Face&dl_date=1961.07.23&dl_size=5.21 MB
Suspense,https://radioechoes.com/?page=series&genre=OTR-Drama&series=Suspense,You Can Die Laughing,1961.07.30,https://radioechoes.com/?page=play_download&mode=play&dl_mp3folder=S&dl_file=suspense_1961-07-30_you_can_die_laughing.mp3&dl_series=Suspense&dl_title=You Can Die Laughing&dl_date=1961.07.30&dl_size=5.48 MB
Suspense,https://radioechoes.com/?page=series&genre=OTR-Drama&series=Suspense,Bells,1961.08.06,https://radioechoes.com/?page=play_download&mode=play&dl_mp3folder=S&dl_file=suspense_1961-08-06_bells.mp3&dl_series=Suspense&dl_title=Bells&dl_date=1961.08.06&dl_size=5.49 MB
Suspense,https://radioechoes.com/?page=series&genre=OTR-Drama&series=Suspense,Murder Is A Matter Of Opinion,1961.08.20,https://radioechoes.com/?page=play_download&mode=play&dl_mp3folder=S&dl_file=suspense_1961-08-20_murder_is_a_matter_of_opinion.mp3&dl_series=Suspense&dl_title=Murder Is A Matter Of Opinion&dl_date=1961.08.20&dl_size=5.34 MB
Suspense,https://radioechoes.com/?page=series&genre=OTR-Drama&series=Suspense,Sold To Satan,1961.08.27,https://radioechoes.com/?page=play_download&mode=play&dl_mp3folder=S&dl_file=suspense_1961-08-27_sold_to_satan.mp3&dl_series=Suspense&dl_title=Sold To Satan&dl_date=1961.08.27&dl_size=5.39 MB
Suspense,https://radioechoes.com/?page=series&genre=OTR-Drama&series=Suspense,The Juvenile Rebellion,1961.09.03,https://radioechoes.com/?page=play_download&mode=play&dl_mp3folder=S&dl_file=suspense_1961-09-03_the_juvenile_rebellion.mp3&dl_series=Suspense&dl_title=The Juvenile Rebellion&dl_date=1961.09.03&dl_size=5.44 MB
Suspense,https://radioechoes.com/?page=series&genre=OTR-Drama&series=Suspense,The Green Idol,1961.09.17,https://radioechoes.com/?page=play_download&mode=play&dl_mp3folder=S&dl_file=suspense_1961-09-17_the_green_idol.mp3&dl_series=Suspense&dl_title=The Green Idol&dl_date=1961.09.17&dl_size=5.43 MB
Suspense,https://radioechoes.com/?page=series&genre=OTR-Drama&series=Suspense,The Man In The Fog,1961.09.24,https://radioechoes.com/?page=play_download&mode=play&dl_mp3folder=S&dl_file=suspense_1961-09-24_the_man_in_the_fog.mp3&dl_series=Suspense&dl_title=The Man In The Fog&dl_date=1961.09.24&dl_size=6.64 MB
Suspense,https://radioechoes.com/?page=series&genre=OTR-Drama&series=Suspense,No Hiding Place,1961.10.01,https://radioechoes.com/?page=play_download&mode=play&dl_mp3folder=S&dl_file=suspense_1961-10-01_no_hiding_place.mp3&dl_series=Suspense&dl_title=No Hiding Place&dl_date=1961.10.01&dl_size=5.48 MB
Suspense,https://radioechoes.com/?page=series&genre=OTR-Drama&series=Suspense,Dreams,1961.10.08,https://radioechoes.com/?page=play_download&mode=play&dl_mp3folder=S&dl_file=suspense_1961-10-08_dreams.mp3&dl_series=Suspense&dl_title=Dreams&dl_date=1961.10.08&dl_size=5.39 MB
Suspense,https://radioechoes.com/?page=series&genre=OTR-Drama&series=Suspense,Seeds Of Disaster,1961.10.15,https://radioechoes.com/?page=play_download&mode=play&dl_mp3folder=S&dl_file=suspense_1961-10-15_seeds_of_disaster.mp3&dl_series=Suspense&dl_title=Seeds Of Disaster&dl_date=1961.10.15&dl_size=5.41 MB
Suspense,https://radioechoes.com/?page=series&genre=OTR-Drama&series=Suspense,Witness To Murder,1961.10.22,https://radioechoes.com/?page=play_download&mode=play&dl_mp3folder=S&dl_file=suspense_1961-10-22_witness_to_murder.mp3&dl_series=Suspense&dl_title=Witness To Murder&dl_date=1961.10.22&dl_size=5.42 MB
Suspense,https://radioechoes.com/?page=series&genre=OTR-Drama&series=Suspense,Death Of An Old Flame,1961.10.29,https://radioechoes.com/?page=play_download&mode=play&dl_mp3folder=S&dl_file=suspense_1961-10-29_death_of_an_old_flame.mp3&dl_series=Suspense&dl_title=Death Of An Old Flame&dl_date=1961.10.29&dl_size=5.67 MB
Suspense,https://radioechoes.com/?page=series&genre=OTR-Drama&series=Suspense,Till Death Do Us Part,1961.11.05,https://radioechoes.com/?page=play_download&mode=play&dl_mp3folder=S&dl_file=suspense_1961-11-05_till_death_do_us_part.mp3&dl_series=Suspense&dl_title=Till Death Do Us Part&dl_date=1961.11.05&dl_size=5.39 MB
Suspense,https://radioechoes.com/?page=series&genre=OTR-Drama&series=Suspense,The Black Door,1961.11.19,https://radioechoes.com/?page=play_download&mode=play&dl_mp3folder=S&dl_file=suspense_1961-11-19_the_black_door.mp3&dl_series=Suspense&dl_title=The Black Door&dl_date=1961.11.19&dl_size=5.17 MB
Suspense,https://radioechoes.com/?page=series&genre=OTR-Drama&series=Suspense,Man Trap,1961.11.26,https://radioechoes.com/?page=play_download&mode=play&dl_mp3folder=S&dl_file=suspense_1961-11-26_man_trap.mp3&dl_series=Suspense&dl_title=Man Trap&dl_date=1961.11.26&dl_size=5.5 MB
Suspense,https://radioechoes.com/?page=series&genre=OTR-Drama&series=Suspense,The Luck Of The Tiger Eye,1961.12.03,https://radioechoes.com/?page=play_download&mode=play&dl_mp3folder=S&dl_file=suspense_1961-12-03_the_luck_of_the_tiger_eye.mp3&dl_series=Suspense&dl_title=The Luck Of The Tiger Eye&dl_date=1961.12.03&dl_size=5.4 MB
Suspense,https://radioechoes.com/?page=series&genre=OTR-Drama&series=Suspense,And So To Sleep My Love,1961.12.10,https://radioechoes.com/?page=play_download&mode=play&dl_mp3folder=S&dl_file=suspense_1961-12-10_and_so_to_sleep_my_love.mp3&dl_series=Suspense&dl_title=And So To Sleep My Love&dl_date=1961.12.10&dl_size=5.51 MB
Suspense,https://radioechoes.com/?page=series&genre=OTR-Drama&series=Suspense,Yuletide Miracle,1961.12.17,https://radioechoes.com/?page=play_download&mode=play&dl_mp3folder=S&dl_file=suspense_1961-12-17_yuletide_miracle.mp3&dl_series=Suspense&dl_title=Yuletide Miracle&dl_date=1961.12.17&dl_size=5.34 MB
Suspense,https://radioechoes.com/?page=series&genre=OTR-Drama&series=Suspense,Old Man,1961.12.31,https://radioechoes.com/?page=play_download&mode=play&dl_mp3folder=S&dl_file=suspense_1961-12-31_old_man.mp3&dl_series=Suspense&dl_title=Old Man&dl_date=1961.12.31&dl_size=5.66 MB
Suspense,https://radioechoes.com/?page=series&genre=OTR-Drama&series=Suspense,Breakthrough,1962.01.07,https://radioechoes.com/?page=play_download&mode=play&dl_mp3folder=S&dl_file=suspense_1962-01-07_breakthrough.mp3&dl_series=Suspense&dl_title=Breakthrough&dl_date=1962.01.07&dl_size=5.98 MB
Suspense,https://radioechoes.com/?page=series&genre=OTR-Drama&series=Suspense,Feathers,1962.01.14,https://radioechoes.com/?page=play_download&mode=play&dl_mp3folder=S&dl_file=suspense_1962-01-14_feathers.mp3&dl_series=Suspense&dl_title=Feathers&dl_date=1962.01.14&dl_size=5.38 MB
Suspense,https://radioechoes.com/?page=series&genre=OTR-Drama&series=Suspense,2462,1962.01.21,https://radioechoes.com/?page=play_download&mode=play&dl_mp3folder=S&dl_file=suspense_1962-01-21_2462.mp3&dl_series=Suspense&dl_title=2462&dl_date=1962.01.21&dl_size=5.39 MB
Suspense,https://radioechoes.com/?page=series&genre=OTR-Drama&series=Suspense,Please Believe Me,1962.01.28,https://radioechoes.com/?page=play_download&mode=play&dl_mp3folder=S&dl_file=suspense_1962-01-28_please_believe_me.mp3&dl_series=Suspense&dl_title=Please Believe Me&dl_date=1962.01.28&dl_size=5.76 MB
Suspense,https://radioechoes.com/?page=series&genre=OTR-Drama&series=Suspense,Friday,1962.02.04,https://radioechoes.com/?page=play_download&mode=play&dl_mp3folder=S&dl_file=suspense_1962-02-04_friday.mp3&dl_series=Suspense&dl_title=Friday&dl_date=1962.02.04&dl_size=5.32 MB
Suspense,https://radioechoes.com/?page=series&genre=OTR-Drama&series=Suspense,The Man Who Went Back To Save Lincoln,1962.02.11,https://radioechoes.com/?page=play_download&mode=play&dl_mp3folder=S&dl_file=suspense_1962-02-11_the_man_who_went_back_to_save_lincoln.mp3&dl_series=Suspense&dl_title=The Man Who Went Back To Save Lincoln&dl_date=1962.02.11&dl_size=5.9 MB
Suspense,https://radioechoes.com/?page=series&genre=OTR-Drama&series=Suspense,The Old Boyfriend,1962.02.18,https://radioechoes.com/?page=play_download&mode=play&dl_mp3folder=S&dl_file=suspense_1962-02-18_the_old_boyfriend.mp3&dl_series=Suspense&dl_title=The Old Boyfriend&dl_date=1962.02.18&dl_size=5.67 MB
Suspense,https://radioechoes.com/?page=series&genre=OTR-Drama&series=Suspense,Date Night,1962.02.25,https://radioechoes.com/?page=play_download&mode=play&dl_mp3folder=S&dl_file=suspense_1962-02-25_date_night.mp3&dl_series=Suspense&dl_title=Date Night&dl_date=1962.02.25&dl_size=5.43 MB
Suspense,https://radioechoes.com/?page=series&genre=OTR-Drama&series=Suspense,Doom Machine,1962.03.04,https://radioechoes.com/?page=play_download&mode=play&dl_mp3folder=S&dl_file=suspense_1962-03-04_doom_machine.mp3&dl_series=Suspense&dl_title=Doom Machine&dl_date=1962.03.04&dl_size=5.18 MB
Suspense,https://radioechoes.com/?page=series&genre=OTR-Drama&series=Suspense,Heads You Lose,1962.03.11,https://radioechoes.com/?page=play_download&mode=play&dl_mp3folder=S&dl_file=suspense_1962-03-11_heads_you_lose.mp3&dl_series=Suspense&dl_title=Heads You Lose&dl_date=1962.03.11&dl_size=5.5 MB
Suspense,https://radioechoes.com/?page=series&genre=OTR-Drama&series=Suspense,Perchance To Dream,1962.03.18,https://radioechoes.com/?page=play_download&mode=play&dl_mp3folder=S&dl_file=suspense_1962-03-18_perchance_to_dream.mp3&dl_series=Suspense&dl_title=Perchance To Dream&dl_date=1962.03.18&dl_size=5.16 MB
Suspense,https://radioechoes.com/?page=series&genre=OTR-Drama&series=Suspense,Memory Of A Murder,1962.03.25,https://radioechoes.com/?page=play_download&mode=play&dl_mp3folder=S&dl_file=suspense_1962-03-25_memory_of_a_murder.mp3&dl_series=Suspense&dl_title=Memory Of A Murder&dl_date=1962.03.25&dl_size=5.67 MB
Suspense,https://radioechoes.com/?page=series&genre=OTR-Drama&series=Suspense,You Died Last Night,1962.04.01,https://radioechoes.com/?page=play_download&mode=play&dl_mp3folder=S&dl_file=suspense_1962-04-01_you_died_last_night.mp3&dl_series=Suspense&dl_title=You Died Last Night&dl_date=1962.04.01&dl_size=5.45 MB
Suspense,https://radioechoes.com/?page=series&genre=OTR-Drama&series=Suspense,Let There Be Light,1962.04.08,https://radioechoes.com/?page=play_download&mode=play&dl_mp3folder=S&dl_file=suspense_1962-04-08_let_there_be_light.mp3&dl_series=Suspense&dl_title=Let There Be Light&dl_date=1962.04.08&dl_size=5.22 MB
Suspense,https://radioechoes.com/?page=series&genre=OTR-Drama&series=Suspense,Brother John,1962.04.15,https://radioechoes.com/?page=play_download&mode=play&dl_mp3folder=S&dl_file=suspense_1962-04-15_brother_john.mp3&dl_series=Suspense&dl_title=Brother John&dl_date=1962.04.15&dl_size=5.31 MB
Suspense,https://radioechoes.com/?page=series&genre=OTR-Drama&series=Suspense,The Curse Of Kamoshek,1962.04.22,https://radioechoes.com/?page=play_download&mode=play&dl_mp3folder=S&dl_file=suspense_1962-04-22_the_curse_of_kamoshek.mp3&dl_series=Suspense&dl_title=The Curse Of Kamoshek&dl_date=1962.04.22&dl_size=5.12 MB
Suspense,https://radioechoes.com/?page=series&genre=OTR-Drama&series=Suspense,The Second Door,1962.05.06,https://radioechoes.com/?page=play_download&mode=play&dl_mp3folder=S&dl_file=suspense_1962-05-06_the_second_door.mp3&dl_series=Suspense&dl_title=The Second Door&dl_date=1962.05.06&dl_size=5.02 MB
Suspense,https://radioechoes.com/?page=series&genre=OTR-Drama&series=Suspense,Hide And Seek,1962.05.13,https://radioechoes.com/?page=play_download&mode=play&dl_mp3folder=S&dl_file=suspense_1962-05-13_hide_and_seek.mp3&dl_series=Suspense&dl_title=Hide And Seek&dl_date=1962.05.13&dl_size=5.46 MB
Suspense,https://radioechoes.com/?page=series&genre=OTR-Drama&series=Suspense,Dagger Of The Mind,1962.05.20,https://radioechoes.com/?page=play_download&mode=play&dl_mp3folder=S&dl_file=suspense_1962-05-20_dagger_of_the_mind.mp3&dl_series=Suspense&dl_title=Dagger Of The Mind&dl_date=1962.05.20&dl_size=4.29 MB
Suspense,https://radioechoes.com/?page=series&genre=OTR-Drama&series=Suspense,That Real Crazy Infinity,1962.05.27,https://radioechoes.com/?page=play_download&mode=play&dl_mp3folder=S&dl_file=suspense_1962-05-27_that_real_crazy_infinity.mp3&dl_series=Suspense&dl_title=That Real Crazy Infinity&dl_date=1962.05.27&dl_size=5.22 MB
Suspense,https://radioechoes.com/?page=series&genre=OTR-Drama&series=Suspense,Stand In For Murder,1962.06.03,https://radioechoes.com/?page=play_download&mode=play&dl_mp3folder=S&dl_file=suspense_1962-06-03_stand_in_for_murder.mp3&dl_series=Suspense&dl_title=Stand In For Murder&dl_date=1962.06.03&dl_size=5.2 MB
Suspense,https://radioechoes.com/?page=series&genre=OTR-Drama&series=Suspense,Formula For Death,1962.06.10,https://radioechoes.com/?page=play_download&mode=play&dl_mp3folder=S&dl_file=suspense_1962-06-10_formula_for_death.mp3&dl_series=Suspense&dl_title=Formula For Death&dl_date=1962.06.10&dl_size=5.33 MB
Suspense,https://radioechoes.com/?page=series&genre=OTR-Drama&series=Suspense,The Lunatic Hour,1962.06.17,https://radioechoes.com/?page=play_download&mode=play&dl_mp3folder=S&dl_file=suspense_1962-06-17_the_lunatic_hour.mp3&dl_series=Suspense&dl_title=The Lunatic Hour&dl_date=1962.06.17&dl_size=5.43 MB
Suspense,https://radioechoes.com/?page=series&genre=OTR-Drama&series=Suspense,With Murder In Mind,1962.06.24,https://radioechoes.com/?page=play_download&mode=play&dl_mp3folder=S&dl_file=suspense_1962-06-24_with_murder_in_mind.mp3&dl_series=Suspense&dl_title=With Murder In Mind&dl_date=1962.06.24&dl_size=5.12 MB
Suspense,https://radioechoes.com/?page=series&genre=OTR-Drama&series=Suspense,Black Death,1962.07.01,https://radioechoes.com/?page=play_download&mode=play&dl_mp3folder=S&dl_file=suspense_1962-07-01_black_death.mp3&dl_series=Suspense&dl_title=Black Death&dl_date=1962.07.01&dl_size=5.12 MB
Suspense,https://radioechoes.com/?page=series&genre=OTR-Drama&series=Suspense,The Sin Eater,1962.07.08,https://radioechoes.com/?page=play_download&mode=play&dl_mp3folder=S&dl_file=suspense_1962-07-08_the_sin_eater.mp3&dl_series=Suspense&dl_title=The Sin Eater&dl_date=1962.07.08&dl_size=5.67 MB
Suspense,https://radioechoes.com/?page=series&genre=OTR-Drama&series=Suspense,Snow On 66,1962.07.15,https://radioechoes.com/?page=play_download&mode=play&dl_mp3folder=S&dl_file=suspense_1962-07-15_snow_on_66.mp3&dl_series=Suspense&dl_title=Snow On 66&dl_date=1962.07.15&dl_size=5 MB
Suspense,https://radioechoes.com/?page=series&genre=OTR-Drama&series=Suspense,The Next Murder,1962.07.22,https://radioechoes.com/?page=play_download&mode=play&dl_mp3folder=S&dl_file=suspense_1962-07-22_the_next_murder.mp3&dl_series=Suspense&dl_title=The Next Murder&dl_date=1962.07.22&dl_size=5.54 MB
Suspense,https://radioechoes.com/?page=series&genre=OTR-Drama&series=Suspense,Weekend At Gleebe's,1962.07.29,https://radioechoes.com/?page=play_download&mode=play&dl_mp3folder=S&dl_file=suspense_1962-07-29_weekend_at_gleebes.mp3&dl_series=Suspense&dl_title=Weekend At Gleebe's&dl_date=1962.07.29&dl_size=5.29 MB
Suspense,https://radioechoes.com/?page=series&genre=OTR-Drama&series=Suspense,Run Faster,1962.08.05,https://radioechoes.com/?page=play_download&mode=play&dl_mp3folder=S&dl_file=suspense_1962-08-05_run_faster.mp3&dl_series=Suspense&dl_title=Run Faster&dl_date=1962.08.05&dl_size=5.38 MB
Suspense,https://radioechoes.com/?page=series&genre=OTR-Drama&series=Suspense,The Silver Shoe,1962.08.12,https://radioechoes.com/?page=play_download&mode=play&dl_mp3folder=S&dl_file=suspense_1962-08-12_the_silver_shoe.mp3&dl_series=Suspense&dl_title=The Silver Shoe&dl_date=1962.08.12&dl_size=5.61 MB
Suspense,https://radioechoes.com/?page=series&genre=OTR-Drama&series=Suspense,Pages From A Diary,1962.08.19,https://radioechoes.com/?page=play_download&mode=play&dl_mp3folder=S&dl_file=suspense_1962-08-19_pages_from_a_diary.mp3&dl_series=Suspense&dl_title=Pages From A Diary&dl_date=1962.08.19&dl_size=5.54 MB
Suspense,https://radioechoes.com/?page=series&genre=OTR-Drama&series=Suspense,The Lost Ship,1962.08.26,https://radioechoes.com/?page=play_download&mode=play&dl_mp3folder=S&dl_file=suspense_1962-08-26_the_lost_ship.mp3&dl_series=Suspense&dl_title=The Lost Ship&dl_date=1962.08.26&dl_size=5.32 MB
Suspense,https://radioechoes.com/?page=series&genre=OTR-Drama&series=Suspense,The Death Of Alexander Jordan,1962.09.02,https://radioechoes.com/?page=play_download&mode=play&dl_mp3folder=S&dl_file=suspense_1962-09-02_the_death_of_alexander_jordan.mp3&dl_series=Suspense&dl_title=The Death Of Alexander Jordan&dl_date=1962.09.02&dl_size=5.42 MB
Suspense,https://radioechoes.com/?page=series&genre=OTR-Drama&series=Suspense,A Strange Day In May,1962.09.09,https://radioechoes.com/?page=play_download&mode=play&dl_mp3folder=S&dl_file=suspense_1962-09-09_a_strange_day_in_may.mp3&dl_series=Suspense&dl_title=A Strange Day In May&dl_date=1962.09.09&dl_size=5.2 MB
Suspense,https://radioechoes.com/?page=series&genre=OTR-Drama&series=Suspense,Golden Years,1962.09.16,https://radioechoes.com/?page=play_download&mode=play&dl_mp3folder=S&dl_file=suspense_1962-09-16_golden_years.mp3&dl_series=Suspense&dl_title=Golden Years&dl_date=1962.09.16&dl_size=5.64 MB
Suspense,https://radioechoes.com/?page=series&genre=OTR-Drama&series=Suspense,At The Point Of A Needle,1962.09.23,https://radioechoes.com/?page=play_download&mode=play&dl_mp3folder=S&dl_file=suspense_1962-09-23_at_the_point_of_a_needle.mp3&dl_series=Suspense&dl_title=At The Point Of A Needle&dl_date=1962.09.23&dl_size=5.63 MB
Suspense,https://radioechoes.com/?page=series&genre=OTR-Drama&series=Suspense,Devilstone,1962.09.30,https://radioechoes.com/?page=play_download&mode=play&dl_mp3folder=S&dl_file=suspense_1962-09-30_devilstone.mp3&dl_series=Suspense&dl_title=Devilstone&dl_date=1962.09.30&dl_size=5.34 MB
Gunsmoke,https://radioechoes.com/?page=series&genre=OTR-Western&series=Gunsmoke,Audition Show 1,1949.06.11,https://radioechoes.com/?page=play_download&mode=play&dl_mp3folder=G&dl_file=gunsmoke_1949-06-11_audition_show_1.mp3&dl_series=Gunsmoke&dl_title=Audition Show 1&dl_date=1949.06.11&dl_size=6.65 MB
Gunsmoke,https://radioechoes.com/?page=series&genre=OTR-Western&series=Gunsmoke,Audition Show 2,1949.07.13,https://radioechoes.com/?page=play_download&mode=play&dl_mp3folder=G&dl_file=gunsmoke_1949-07-13_audition_show_2.mp3&dl_series=Gunsmoke&dl_title=Audition Show 2&dl_date=1949.07.13&dl_size=6.83 MB
Gunsmoke,https://radioechoes.com/?page=series&genre=OTR-Western&series=Gunsmoke,Billy The Kid,1952.04.26,https://radioechoes.com/?page=play_download&mode=play&dl_mp3folder=G&dl_file=gunsmoke_1952-04-26_billy_the_kid.mp3&dl_series=Gunsmoke&dl_title=Billy The Kid&dl_date=1952.04.26&dl_size=6.98 MB
Gunsmoke,https://radioechoes.com/?page=series&genre=OTR-Western&series=Gunsmoke,Ben Thompson - Act 1 Only,1952.05.03,https://radioechoes.com/?page=play_download&mode=play&dl_mp3folder=G&dl_file=gunsmoke_1952-05-03_ben_thompson_-_act_1_only.mp3&dl_series=Gunsmoke&dl_title=Ben Thompson - Act 1 Only&dl_date=1952.05.03&dl_size=1.78 MB
Gunsmoke,https://radioechoes.com/?page=series&genre=OTR-Western&series=Gunsmoke,Jalisco,1952.05.10,https://radioechoes.com/?page=play_download&mode=play&dl_mp3folder=G&dl_file=gunsmoke_1952-05-10_jalisco.mp3&dl_series=Gunsmoke&dl_title=Jalisco&dl_date=1952.05.10&dl_size=6.55 MB
Gunsmoke,https://radioechoes.com/?page=series&genre=OTR-Western&series=Gunsmoke,Dodge City Killer,1952.05.17,https://radioechoes.com/?page=play_download&mode=play&dl_mp3folder=G&dl_file=gunsmoke_1952-05-17_dodge_city_killer.mp3&dl_series=Gunsmoke&dl_title=Dodge City Killer&dl_date=1952.05.17&dl_size=4.97 MB
Gunsmoke,https://radioechoes.com/?page=series&genre=OTR-Western&series=Gunsmoke,Ben Slade's Saloon,1952.05.24,https://radioechoes.com/?page=play_download&mode=play&dl_mp3folder=G&dl_file=gunsmoke_1952-05-24_ben_slades_saloon.mp3&dl_series=Gunsmoke&dl_title=Ben Slade's Saloon&dl_date=1952.05.24&dl_size=6.7 MB
Gunsmoke,https://radioechoes.com/?page=series&genre=OTR-Western&series=Gunsmoke,Billy The Kid,1952.05.26,https://radioechoes.com/?page=play_download&mode=play&dl_mp3folder=G&dl_file=gunsmoke_1952-05-26_billy_the_kid.mp3&dl_series=Gunsmoke&dl_title=Billy The Kid&dl_date=1952.05.26&dl_size=6.57 MB
Gunsmoke,https://radioechoes.com/?page=series&genre=OTR-Western&series=Gunsmoke,Carmen,1952.05.31,https://radioechoes.com/?page=play_download&mode=play&dl_mp3folder=G&dl_file=gunsmoke_1952-05-31_carmen.mp3&dl_series=Gunsmoke&dl_title=Carmen&dl_date=1952.05.31&dl_size=6.59 MB
Gunsmoke,https://radioechoes.com/?page=series&genre=OTR-Western&series=Gunsmoke,Buffalo Hunters,1952.06.07,https://radioechoes.com/?page=play_download&mode=play&dl_mp3folder=G&dl_file=gunsmoke_1952-06-07_buffalo_hunters.mp3&dl_series=Gunsmoke&dl_title=Buffalo Hunters&dl_date=1952.06.07&dl_size=6.61 MB
Gunsmoke,https://radioechoes.com/?page=series&genre=OTR-Western&series=Gunsmoke,Jailbait Janet,1952.06.14,https://radioechoes.com/?page=play_download&mode=play&dl_mp3folder=G&dl_file=gunsmoke_1952-06-14_jailbait_janet.mp3&dl_series=Gunsmoke&dl_title=Jailbait Janet&dl_date=1952.06.14&dl_size=12.86 MB
Gunsmoke,https://radioechoes.com/?page=series&genre=OTR-Western&series=Gunsmoke,The Ride Back,1952.06.28,https://radioechoes.com/?page=play_download&mode=play&dl_mp3folder=G&dl_file=gunsmoke_1952-06-28_the_ride_back.mp3&dl_series=Gunsmoke&dl_title=The Ride Back&dl_date=1952.06.28&dl_size=6.79 MB
Gunsmoke,https://radioechoes.com/?page=series&genre=OTR-Western&series=Gunsmoke,Never Pester Chester,1952.07.05,https://radioechoes.com/?page=play_download&mode=play&dl_mp3folder=G&dl_file=gunsmoke_1952-07-05_never_pester_chester.mp3&dl_series=Gunsmoke&dl_title=Never Pester Chester&dl_date=1952.07.05&dl_size=6.89 MB
Gunsmoke,https://radioechoes.com/?page=series&genre=OTR-Western&series=Gunsmoke,Boughten Bride,1952.07.12,https://radioechoes.com/?page=play_download&mode=play&dl_mp3folder=G&dl_file=gunsmoke_1952-07-12_boughten_bride.mp3&dl_series=Gunsmoke&dl_title=Boughten Bride&dl_date=1952.07.12&dl_size=6.83 MB
Gunsmoke,https://radioechoes.com/?page=series&genre=OTR-Western&series=Gunsmoke,Doc Holliday,1952.07.19,https://radioechoes.com/?page=play_download&mode=play&dl_mp3folder=G&dl_file=gunsmoke_1952-07-19_doc_holliday.mp3&dl_series=Gunsmoke&dl_title=Doc Holliday&dl_date=1952.07.19&dl_size=7.03 MB
Gunsmoke,https://radioechoes.com/?page=series&genre=OTR-Western&series=Gunsmoke,Gentleman's Disagreement,1952.07.26,https://radioechoes.com/?page=play_download&mode=play&dl_mp3folder=G&dl_file=gunsmoke_1952-07-26_gentlemans_disagreement.mp3&dl_series=Gunsmoke&dl_title=Gentleman's Disagreement&dl_date=1952.07.26&dl_size=7.04 MB
Gunsmoke,https://radioechoes.com/?page=series&genre=OTR-Western&series=Gunsmoke,Renegade White,1952.08.02,https://radioechoes.com/?page=play_download&mode=play&dl_mp3folder=G&dl_file=gunsmoke_1952-08-02_renegade_white.mp3&dl_series=Gunsmoke&dl_title=Renegade White&dl_date=1952.08.02&dl_size=7 MB
Gunsmoke,https://radioechoes.com/?page=series&genre=OTR-Western&series=Gunsmoke,The Kentucky Tolmans,1952.08.09,https://radioechoes.com/?page=play_download&mode=play&dl_mp3folder=G&dl_file=gunsmoke_1952-08-09_the_kentucky_tolmans.mp3&dl_series=Gunsmoke&dl_title=The Kentucky Tolmans&dl_date=1952.08.09&dl_size=6.76 MB
Gunsmoke,https://radioechoes.com/?page=series&genre=OTR-Western&series=Gunsmoke,The Lynching,1952.08.16,https://radioechoes.com/?page=play_download&mode=play&dl_mp3folder=G&dl_file=gunsmoke_1952-08-16_the_lynching.mp3&dl_series=Gunsmoke&dl_title=The Lynching&dl_date=1952.08.16&dl_size=6.43 MB
Gunsmoke,https://radioechoes.com/?page=series&genre=OTR-Western&series=Gunsmoke,Shakespeare,1952.08.23,https://radioechoes.com/?page=play_download&mode=play&dl_mp3folder=G&dl_file=gunsmoke_1952-08-23_shakespeare.mp3&dl_series=Gunsmoke&dl_title=Shakespeare&dl_date=1952.08.23&dl_size=6.92 MB
Gunsmoke,https://radioechoes.com/?page=series&genre=OTR-Western&series=Gunsmoke,The Juniper Tree,1952.08.30,https://radioechoes.com/?page=play_download&mode=play&dl_mp3folder=G&dl_file=gunsmoke_1952-08-30_the_juniper_tree.mp3&dl_series=Gunsmoke&dl_title=The Juniper Tree&dl_date=1952.08.30&dl_size=6.82 MB
Gunsmoke,https://radioechoes.com/?page=series&genre=OTR-Western&series=Gunsmoke,The Brothers,1952.09.06,https://radioechoes.com/?page=play_download&mode=play&dl_mp3folder=G&dl_file=gunsmoke_1952-09-06_the_brothers.mp3&dl_series=Gunsmoke&dl_title=The Brothers&dl_date=1952.09.06&dl_size=6.84 MB
Gunsmoke,https://radioechoes.com/?page=series&genre=OTR-Western&series=Gunsmoke,Home Surgery,1952.09.13,https://radioechoes.com/?page=play_download&mode=play&dl_mp3folder=G&dl_file=gunsmoke_1952-09-13_home_surgery.mp3&dl_series=Gunsmoke&dl_title=Home Surgery&dl_date=1952.09.13&dl_size=6.84 MB
Gunsmoke,https://radioechoes.com/?page=series&genre=OTR-Western&series=Gunsmoke,Drop Dead,1952.09.20,https://radioechoes.com/?page=play_download&mode=play&dl_mp3folder=G&dl_file=gunsmoke_1952-09-20_drop_dead.mp3&dl_series=Gunsmoke&dl_title=Drop Dead&dl_date=1952.09.20&dl_size=6.82 MB
Gunsmoke,https://radioechoes.com/?page=series&genre=OTR-Western&series=Gunsmoke,The Railroad,1952.09.27,https://radioechoes.com/?page=play_download&mode=play&dl_mp3folder=G&dl_file=gunsmoke_1952-09-27_the_railroad.mp3&dl_series=Gunsmoke&dl_title=The Railroad&dl_date=1952.09.27&dl_size=6.05 MB
Gunsmoke,https://radioechoes.com/?page=series&genre=OTR-Western&series=Gunsmoke,Cain,1952.10.03,https://radioechoes.com/?page=play_download&mode=play&dl_mp3folder=G&dl_file=gunsmoke_1952-10-03_cain.mp3&dl_series=Gunsmoke&dl_title=Cain&dl_date=1952.10.03&dl_size=6.92 MB
Gunsmoke,https://radioechoes.com/?page=series&genre=OTR-Western&series=Gunsmoke,Hinka Do,1952.10.10,https://radioechoes.com/?page=play_download&mode=play&dl_mp3folder=G&dl_file=gunsmoke_1952-10-10_hinka_do.mp3&dl_series=Gunsmoke&dl_title=Hinka Do&dl_date=1952.10.10&dl_size=6.9 MB
Gunsmoke,https://radioechoes.com/?page=series&genre=OTR-Western&series=Gunsmoke,Lochinvar,1952.10.17,https://radioechoes.com/?page=play_download&mode=play&dl_mp3folder=G&dl_file=gunsmoke_1952-10-17_lochinvar.mp3&dl_series=Gunsmoke&dl_title=Lochinvar&dl_date=1952.10.17&dl_size=6.5 MB
Gunsmoke,https://radioechoes.com/?page=series&genre=OTR-Western&series=Gunsmoke,The Mortgage,1952.10.24,https://radioechoes.com/?page=play_download&mode=play&dl_mp3folder=G&dl_file=gunsmoke_1952-10-24_the_mortgage.mp3&dl_series=Gunsmoke&dl_title=The Mortgage&dl_date=1952.10.24&dl_size=6.88 MB
Gunsmoke,https://radioechoes.com/?page=series&genre=OTR-Western&series=Gunsmoke,Overland Express,1952.10.31,https://radioechoes.com/?page=play_download&mode=play&dl_mp3folder=G&dl_file=gunsmoke_1952-10-31_overland_express.mp3&dl_series=Gunsmoke&dl_title=Overland Express&dl_date=1952.10.31&dl_size=6.89 MB
Gunsmoke,https://radioechoes.com/?page=series&genre=OTR-Western&series=Gunsmoke,Tara,1952.11.07,https://radioechoes.com/?page=play_download&mode=play&dl_mp3folder=G&dl_file=gunsmoke_1952-11-07_tara.mp3&dl_series=Gunsmoke&dl_title=Tara&dl_date=1952.11.07&dl_size=6.85 MB
Gunsmoke,https://radioechoes.com/?page=series&genre=OTR-Western&series=Gunsmoke,The Square Triangle,1952.11.14,https://radioechoes.com/?page=play_download&mode=play&dl_mp3folder=G&dl_file=gunsmoke_1952-11-14_the_square_triangle.mp3&dl_series=Gunsmoke&dl_title=The Square Triangle&dl_date=1952.11.14&dl_size=6.93 MB
Gunsmoke,https://radioechoes.com/?page=series&genre=OTR-Western&series=Gunsmoke,Fingered,1952.11.21,https://radioechoes.com/?page=play_download&mode=play&dl_mp3folder=G&dl_file=gunsmoke_1952-11-21_fingered.mp3&dl_series=Gunsmoke&dl_title=Fingered&dl_date=1952.11.21&dl_size=6.95 MB
Gunsmoke,https://radioechoes.com/?page=series&genre=OTR-Western&series=Gunsmoke,Kitty,1952.11.29,https://radioechoes.com/?page=play_download&mode=play&dl_mp3folder=G&dl_file=gunsmoke_1952-11-29_kitty.mp3&dl_series=Gunsmoke&dl_title=Kitty&dl_date=1952.11.29&dl_size=6.49 MB
Gunsmoke,https://radioechoes.com/?page=series&genre=OTR-Western&series=Gunsmoke,I Dont Know,1952.12.06,https://radioechoes.com/?page=play_download&mode=play&dl_mp3folder=G&dl_file=gunsmoke_1952-12-06_i_dont_know.mp3&dl_series=Gunsmoke&dl_title=I Dont Know&dl_date=1952.12.06&dl_size=6.37 MB
Gunsmoke,https://radioechoes.com/?page=series&genre=OTR-Western&series=Gunsmoke,Post Martin,1952.12.13,https://radioechoes.com/?page=play_download&mode=play&dl_mp3folder=G&dl_file=gunsmoke_1952-12-13_post_martin.mp3&dl_series=Gunsmoke&dl_title=Post Martin&dl_date=1952.12.13&dl_size=6.82 MB
Gunsmoke,https://radioechoes.com/?page=series&genre=OTR-Western&series=Gunsmoke,Christmas Story,1952.12.20,https://radioechoes.com/?page=play_download&mode=play&dl_mp3folder=G&dl_file=gunsmoke_1952-12-20_christmas_story.mp3&dl_series=Gunsmoke&dl_title=Christmas Story&dl_date=1952.12.20&dl_size=6.87 MB
Gunsmoke,https://radioechoes.com/?page=series&genre=OTR-Western&series=Gunsmoke,The Cabin,1952.12.27,https://radioechoes.com/?page=play_download&mode=play&dl_mp3folder=G&dl_file=gunsmoke_1952-12-27_the_cabin.mp3&dl_series=Gunsmoke&dl_title=The Cabin&dl_date=1952.12.27&dl_size=6.65 MB
Gunsmoke,https://radioechoes.com/?page=series&genre=OTR-Western&series=Gunsmoke,Westbound,1953.01.03,https://radioechoes.com/?page=play_download&mode=play&dl_mp3folder=G&dl_file=gunsmoke_1953-01-03_westbound.mp3&dl_series=Gunsmoke&dl_title=Westbound&dl_date=1953.01.03&dl_size=6.71 MB
Gunsmoke,https://radioechoes.com/?page=series&genre=OTR-Western&series=Gunsmoke,Word Of Honor,1953.01.10,https://radioechoes.com/?page=play_download&mode=play&dl_mp3folder=G&dl_file=gunsmoke_1953-01-10_word_of_honor.mp3&dl_series=Gunsmoke&dl_title=Word Of Honor&dl_date=1953.01.10&dl_size=6.89 MB
Gunsmoke,https://radioechoes.com/?page=series&genre=OTR-Western&series=Gunsmoke,Paid Killer,1953.01.17,https://radioechoes.com/?page=play_download&mode=play&dl_mp3folder=G&dl_file=gunsmoke_1953-01-17_paid_killer.mp3&dl_series=Gunsmoke&dl_title=Paid Killer&dl_date=1953.01.17&dl_size=6.99 MB
Gunsmoke,https://radioechoes.com/?page=series&genre=OTR-Western&series=Gunsmoke,The Old Lady,1953.01.24,https://radioechoes.com/?page=play_download&mode=play&dl_mp3folder=G&dl_file=gunsmoke_1953-01-24_the_old_lady.mp3&dl_series=Gunsmoke&dl_title=The Old Lady&dl_date=1953.01.24&dl_size=6.82 MB
Gunsmoke,https://radioechoes.com/?page=series&genre=OTR-Western&series=Gunsmoke,Cavalcade,1953.01.31,https://radioechoes.com/?page=play_download&mode=play&dl_mp3folder=G&dl_file=gunsmoke_1953-01-31_cavalcade.mp3&dl_series=Gunsmoke&dl_title=Cavalcade&dl_date=1953.01.31&dl_size=6.83 MB
Gunsmoke,https://radioechoes.com/?page=series&genre=OTR-Western&series=Gunsmoke,Cain,1953.02.07,https://radioechoes.com/?page=play_download&mode=play&dl_mp3folder=G&dl_file=gunsmoke_1953-02-07_cain.mp3&dl_series=Gunsmoke&dl_title=Cain&dl_date=1953.02.07&dl_size=6.97 MB
Gunsmoke,https://radioechoes.com/?page=series&genre=OTR-Western&series=Gunsmoke,The Roundup,1953.02.13,https://radioechoes.com/?page=play_download&mode=play&dl_mp3folder=G&dl_file=gunsmoke_1953-02-13_the_roundup.mp3&dl_series=Gunsmoke&dl_title=The Roundup&dl_date=1953.02.13&dl_size=6.64 MB
Gunsmoke,https://radioechoes.com/?page=series&genre=OTR-Western&series=Gunsmoke,Meshougah,1953.02.21,https://radioechoes.com/?page=play_download&mode=play&dl_mp3folder=G&dl_file=gunsmoke_1953-02-21_meshougah.mp3&dl_series=Gunsmoke&dl_title=Meshougah&dl_date=1953.02.21&dl_size=6.73 MB
Gunsmoke,https://radioechoes.com/?page=series&genre=OTR-Western&series=Gunsmoke,Trojan War,1953.02.28,https://radioechoes.com/?page=play_download&mode=play&dl_mp3folder=G&dl_file=gunsmoke_1953-02-28_trojan_war.mp3&dl_series=Gunsmoke&dl_title=Trojan War&dl_date=1953.02.28&dl_size=6.64 MB
Gunsmoke,https://radioechoes.com/?page=series&genre=OTR-Western&series=Gunsmoke,Arsolom,1953.03.07,https://radioechoes.com/?page=play_download&mode=play&dl_mp3folder=G&dl_file=gunsmoke_1953-03-07_arsolom.mp3&dl_series=Gunsmoke&dl_title=Arsolom&dl_date=1953.03.07&dl_size=6.73 MB
Gunsmoke,https://radioechoes.com/?page=series&genre=OTR-Western&series=Gunsmoke,Cyclone,1953.03.14,https://radioechoes.com/?page=play_download&mode=play&dl_mp3folder=G&dl_file=gunsmoke_1953-03-14_cyclone.mp3&dl_series=Gunsmoke&dl_title=Cyclone&dl_date=1953.03.14&dl_size=6.73 MB
Gunsmoke,https://radioechoes.com/?page=series&genre=OTR-Western&series=Gunsmoke,Pussy Cats,1953.03.21,https://radioechoes.com/?page=play_download&mode=play&dl_mp3folder=G&dl_file=gunsmoke_1953-03-21_pussy_cats.mp3&dl_series=Gunsmoke&dl_title=Pussy Cats&dl_date=1953.03.21&dl_size=6.76 MB
Gunsmoke,https://radioechoes.com/?page=series&genre=OTR-Western&series=Gunsmoke,Quarter Horse,1953.03.28,https://radioechoes.com/?page=play_download&mode=play&dl_mp3folder=G&dl_file=gunsmoke_1953-03-28_quarter_horse.mp3&dl_series=Gunsmoke&dl_title=Quarter Horse&dl_date=1953.03.28&dl_size=6.68 MB
Gunsmoke,https://radioechoes.com/?page=series&genre=OTR-Western&series=Gunsmoke,Jayhawkers,1953.04.04,https://radioechoes.com/?page=play_download&mode=play&dl_mp3folder=G&dl_file=gunsmoke_1953-04-04_jayhawkers.mp3&dl_series=Gunsmoke&dl_title=Jayhawkers&dl_date=1953.04.04&dl_size=6.66 MB
Gunsmoke,https://radioechoes.com/?page=series&genre=OTR-Western&series=Gunsmoke,Gonif,1953.04.11,https://radioechoes.com/?page=play_download&mode=play&dl_mp3folder=G&dl_file=gunsmoke_1953-04-11_gonif.mp3&dl_series=Gunsmoke&dl_title=Gonif&dl_date=1953.04.11&dl_size=6.64 MB
Gunsmoke,https://radioechoes.com/?page=series&genre=OTR-Western&series=Gunsmoke,Bum's Rush,1953.04.18,https://radioechoes.com/?page=play_download&mode=play&dl_mp3folder=G&dl_file=gunsmoke_1953-04-18_bums_rush.mp3&dl_series=Gunsmoke&dl_title=Bum's Rush&dl_date=1953.04.18&dl_size=6.65 MB
Gunsmoke,https://radioechoes.com/?page=series&genre=OTR-Western&series=Gunsmoke,The Soldier,1953.04.25,https://radioechoes.com/?page=play_download&mode=play&dl_mp3folder=G&dl_file=gunsmoke_1953-04-25_the_soldier.mp3&dl_series=Gunsmoke&dl_title=The Soldier&dl_date=1953.04.25&dl_size=6.67 MB
Gunsmoke,https://radioechoes.com/?page=series&genre=OTR-Western&series=Gunsmoke,Tacetta,1953.05.02,https://radioechoes.com/?page=play_download&mode=play&dl_mp3folder=G&dl_file=gunsmoke_1953-05-02_tacetta.mp3&dl_series=Gunsmoke&dl_title=Tacetta&dl_date=1953.05.02&dl_size=6.63 MB
Gunsmoke,https://radioechoes.com/?page=series&genre=OTR-Western&series=Gunsmoke,Buffalo Hunter,1953.05.09,https://radioechoes.com/?page=play_download&mode=play&dl_mp3folder=G&dl_file=gunsmoke_1953-05-09_buffalo_hunter.mp3&dl_series=Gunsmoke&dl_title=Buffalo Hunter&dl_date=1953.05.09&dl_size=6.43 MB
Gunsmoke,https://radioechoes.com/?page=series&genre=OTR-Western&series=Gunsmoke,The Big Con,1953.05.16,https://radioechoes.com/?page=play_download&mode=play&dl_mp3folder=G&dl_file=gunsmoke_1953-05-16_the_big_con.mp3&dl_series=Gunsmoke&dl_title=The Big Con&dl_date=1953.05.16&dl_size=6.15 MB
Gunsmoke,https://radioechoes.com/?page=series&genre=OTR-Western&series=Gunsmoke,Print Asper,1953.05.23,https://radioechoes.com/?page=play_download&mode=play&dl_mp3folder=G&dl_file=gunsmoke_1953-05-23_print_asper.mp3&dl_series=Gunsmoke&dl_title=Print Asper&dl_date=1953.05.23&dl_size=6.83 MB
Gunsmoke,https://radioechoes.com/?page=series&genre=OTR-Western&series=Gunsmoke,Fall Semester,1953.05.30,https://radioechoes.com/?page=play_download&mode=play&dl_mp3folder=G&dl_file=gunsmoke_1953-05-30_fall_semester.mp3&dl_series=Gunsmoke&dl_title=Fall Semester&dl_date=1953.05.30&dl_size=6.79 MB
Gunsmoke,https://radioechoes.com/?page=series&genre=OTR-Western&series=Gunsmoke,Sundown,1953.06.06,https://radioechoes.com/?page=play_download&mode=play&dl_mp3folder=G&dl_file=gunsmoke_1953-06-06_sundown.mp3&dl_series=Gunsmoke&dl_title=Sundown&dl_date=1953.06.06&dl_size=6.8 MB
Gunsmoke,https://radioechoes.com/?page=series&genre=OTR-Western&series=Gunsmoke,Spring Term,1953.06.13,https://radioechoes.com/?page=play_download&mode=play&dl_mp3folder=G&dl_file=gunsmoke_1953-06-13_spring_term.mp3&dl_series=Gunsmoke&dl_title=Spring Term&dl_date=1953.06.13&dl_size=6.59 MB
Gunsmoke,https://radioechoes.com/?page=series&genre=OTR-Western&series=Gunsmoke,Wind,1953.06.20,https://radioechoes.com/?page=play_download&mode=play&dl_mp3folder=G&dl_file=gunsmoke_1953-06-20_wind.mp3&dl_series=Gunsmoke&dl_title=Wind&dl_date=1953.06.20&dl_size=6.75 MB
Gunsmoke,https://radioechoes.com/?page=series&genre=OTR-Western&series=Gunsmoke,Flashback,1953.06.27,https://radioechoes.com/?page=play_download&mode=play&dl_mp3folder=G&dl_file=gunsmoke_1953-06-27_flashback.mp3&dl_series=Gunsmoke&dl_title=Flashback&dl_date=1953.06.27&dl_size=6.86 MB
Gunsmoke,https://radioechoes.com/?page=series&genre=OTR-Western&series=Gunsmoke,Dirt,1953.07.04,https://radioechoes.com/?page=play_download&mode=play&dl_mp3folder=G&dl_file=gunsmoke_1953-07-04_dirt.mp3&dl_series=Gunsmoke&dl_title=Dirt&dl_date=1953.07.04&dl_size=6.82 MB
Gunsmoke,https://radioechoes.com/?page=series&genre=OTR-Western&series=Gunsmoke,Grass,1953.07.11,https://radioechoes.com/?page=play_download&mode=play&dl_mp3folder=G&dl_file=gunsmoke_1953-07-11_grass.mp3&dl_series=Gunsmoke&dl_title=Grass&dl_date=1953.07.11&dl_size=6.82 MB
Gunsmoke,https://radioechoes.com/?page=series&genre=OTR-Western&series=Gunsmoke,Wild West,1953.07.18,https://radioechoes.com/?page=play_download&mode=play&dl_mp3folder=G&dl_file=gunsmoke_1953-07-18_wild_west.mp3&dl_series=Gunsmoke&dl_title=Wild West&dl_date=1953.07.18&dl_size=6.86 MB
Gunsmoke,https://radioechoes.com/?page=series&genre=OTR-Western&series=Gunsmoke,Hickok,1953.07.25,https://radioechoes.com/?page=play_download&mode=play&dl_mp3folder=G&dl_file=gunsmoke_1953-07-25_hickok.mp3&dl_series=Gunsmoke&dl_title=Hickok&dl_date=1953.07.25&dl_size=6.86 MB
Gunsmoke,https://radioechoes.com/?page=series&genre=OTR-Western&series=Gunsmoke,Boy,1953.08.01,https://radioechoes.com/?page=play_download&mode=play&dl_mp3folder=G&dl_file=gunsmoke_1953-08-01_boy.mp3&dl_series=Gunsmoke&dl_title=Boy&dl_date=1953.08.01&dl_size=6.88 MB
Gunsmoke,https://radioechoes.com/?page=series&genre=OTR-Western&series=Gunsmoke,Sky Rehearsal,1953.08.08,https://radioechoes.com/?page=play_download&mode=play&dl_mp3folder=G&dl_file=gunsmoke_1953-08-08_sky_rehearsal.mp3&dl_series=Gunsmoke&dl_title=Sky Rehearsal&dl_date=1953.08.08&dl_size=5.99 MB
Gunsmoke,https://radioechoes.com/?page=series&genre=OTR-Western&series=Gunsmoke,Moon Rehearsal,1953.08.15,https://radioechoes.com/?page=play_download&mode=play&dl_mp3folder=G&dl_file=gunsmoke_1953-08-15_moon_rehearsal.mp3&dl_series=Gunsmoke&dl_title=Moon Rehearsal&dl_date=1953.08.15&dl_size=6.28 MB
Gunsmoke,https://radioechoes.com/?page=series&genre=OTR-Western&series=Gunsmoke,Gone Straight,1953.08.22,https://radioechoes.com/?page=play_download&mode=play&dl_mp3folder=G&dl_file=gunsmoke_1953-08-22_gone_straight.mp3&dl_series=Gunsmoke&dl_title=Gone Straight&dl_date=1953.08.22&dl_size=7.04 MB
Gunsmoke,https://radioechoes.com/?page=series&genre=OTR-Western&series=Gunsmoke,Jesse,1953.08.29,https://radioechoes.com/?page=play_download&mode=play&dl_mp3folder=G&dl_file=gunsmoke_1953-08-29_jesse.mp3&dl_series=Gunsmoke&dl_title=Jesse&dl_date=1953.08.29&dl_size=6.9 MB
Gunsmoke,https://radioechoes.com/?page=series&genre=OTR-Western&series=Gunsmoke,The Sutler,1953.09.05,https://radioechoes.com/?page=play_download&mode=play&dl_mp3folder=G&dl_file=gunsmoke_1953-09-05_the_sutler.mp3&dl_series=Gunsmoke&dl_title=The Sutler&dl_date=1953.09.05&dl_size=6.83 MB
Gunsmoke,https://radioechoes.com/?page=series&genre=OTR-Western&series=Gunsmoke,Prairie Happy,1953.09.12,https://radioechoes.com/?page=play_download&mode=play&dl_mp3folder=G&dl_file=gunsmoke_1953-09-12_prairie_happy.mp3&dl_series=Gunsmoke&dl_title=Prairie Happy&dl_date=1953.09.12&dl_size=6.88 MB
Gunsmoke,https://radioechoes.com/?page=series&genre=OTR-Western&series=Gunsmoke,There Never Was A Horse,1953.09.19,https://radioechoes.com/?page=play_download&mode=play&dl_mp3folder=G&dl_file=gunsmoke_1953-09-19_there_never_was_a_horse.mp3&dl_series=Gunsmoke&dl_title=There Never Was A Horse&dl_date=1953.09.19&dl_size=6.84 MB
Gunsmoke,https://radioechoes.com/?page=series&genre=OTR-Western&series=Gunsmoke,Fawn,1953.09.26,https://radioechoes.com/?page=play_download&mode=play&dl_mp3folder=G&dl_file=gunsmoke_1953-09-26_fawn.mp3&dl_series=Gunsmoke&dl_title=Fawn&dl_date=1953.09.26&dl_size=6.69 MB
Gunsmoke,https://radioechoes.com/?page=series&genre=OTR-Western&series=Gunsmoke,How To Kill A Friend,1953.10.03,https://radioechoes.com/?page=play_download&mode=play&dl_mp3folder=G&dl_file=gunsmoke_1953-10-03_how_to_kill_a_friend.mp3&dl_series=Gunsmoke&dl_title=How To Kill A Friend&dl_date=1953.10.03&dl_size=5.89 MB
Gunsmoke,https://radioechoes.com/?page=series&genre=OTR-Western&series=Gunsmoke,How To Die For Nothing,1953.10.10,https://radioechoes.com/?page=play_download&mode=play&dl_mp3folder=G&dl_file=gunsmoke_1953-10-10_how_to_die_for_nothing.mp3&dl_series=Gunsmoke&dl_title=How To Die For Nothing&dl_date=1953.10.10&dl_size=5.82 MB
Gunsmoke,https://radioechoes.com/?page=series&genre=OTR-Western&series=Gunsmoke,Yorky,1953.10.17,https://radioechoes.com/?page=play_download&mode=play&dl_mp3folder=G&dl_file=gunsmoke_1953-10-17_yorky.mp3&dl_series=Gunsmoke&dl_title=Yorky&dl_date=1953.10.17&dl_size=5.72 MB
Gunsmoke,https://radioechoes.com/?page=series&genre=OTR-Western&series=Gunsmoke,The Buffalo Hunter,1953.10.24,https://radioechoes.com/?page=play_download&mode=play&dl_mp3folder=G&dl_file=gunsmoke_1953-10-24_the_buffalo_hunter.mp3&dl_series=Gunsmoke&dl_title=The Buffalo Hunter&dl_date=1953.10.24&dl_size=5.72 MB
Gunsmoke,https://radioechoes.com/?page=series&genre=OTR-Western&series=Gunsmoke,How To Kill A Woman,1953.10.31,https://radioechoes.com/?page=play_download&mode=play&dl_mp3folder=G&dl_file=gunsmoke_1953-10-31_how_to_kill_a_woman.mp3&dl_series=Gunsmoke&dl_title=How To Kill A Woman&dl_date=1953.10.31&dl_size=5.58 MB
Gunsmoke,https://radioechoes.com/?page=series&genre=OTR-Western&series=Gunsmoke,Stolen Horses,1953.11.07,https://radioechoes.com/?page=play_download&mode=play&dl_mp3folder=G&dl_file=gunsmoke_1953-11-07_stolen_horses.mp3&dl_series=Gunsmoke&dl_title=Stolen Horses&dl_date=1953.11.07&dl_size=5.56 MB
Gunsmoke,https://radioechoes.com/?page=series&genre=OTR-Western&series=Gunsmoke,Professor Lute Bone,1953.11.14,https://radioechoes.com/?page=play_download&mode=play&dl_mp3folder=G&dl_file=gunsmoke_1953-11-14_professor_lute_bone.mp3&dl_series=Gunsmoke&dl_title=Professor Lute Bone&dl_date=1953.11.14&dl_size=5.55 MB
Gunsmoke,https://radioechoes.com/?page=series&genre=OTR-Western&series=Gunsmoke,Custer,1953.11.21,https://radioechoes.com/?page=play_download&mode=play&dl_mp3folder=G&dl_file=gunsmoke_1953-11-21_custer.mp3&dl_series=Gunsmoke&dl_title=Custer&dl_date=1953.11.21&dl_size=5.9 MB
Gunsmoke,https://radioechoes.com/?page=series&genre=OTR-Western&series=Gunsmoke,Kick Me,1953.11.28,https://radioechoes.com/?page=play_download&mode=play&dl_mp3folder=G&dl_file=gunsmoke_1953-11-28_kick_me.mp3&dl_series=Gunsmoke&dl_title=Kick Me&dl_date=1953.11.28&dl_size=5.6 MB
Gunsmoke,https://radioechoes.com/?page=series&genre=OTR-Western&series=Gunsmoke,The Lamb,1953.12.05,https://radioechoes.com/?page=play_download&mode=play&dl_mp3folder=G&dl_file=gunsmoke_1953-12-05_the_lamb.mp3&dl_series=Gunsmoke&dl_title=The Lamb&dl_date=1953.12.05&dl_size=5.86 MB
Gunsmoke,https://radioechoes.com/?page=series&genre=OTR-Western&series=Gunsmoke,The Cast,1953.12.12,https://radioechoes.com/?page=play_download&mode=play&dl_mp3folder=G&dl_file=gunsmoke_1953-12-12_the_cast.mp3&dl_series=Gunsmoke&dl_title=The Cast&dl_date=1953.12.12&dl_size=5.62 MB
Gunsmoke,https://radioechoes.com/?page=series&genre=OTR-Western&series=Gunsmoke,Big Girl Lost,1953.12.19,https://radioechoes.com/?page=play_download&mode=play&dl_mp3folder=G&dl_file=gunsmoke_1953-12-19_big_girl_lost.mp3&dl_series=Gunsmoke&dl_title=Big Girl Lost&dl_date=1953.12.19&dl_size=5.62 MB
Gunsmoke,https://radioechoes.com/?page=series&genre=OTR-Western&series=Gunsmoke,The Guitar,1953.12.26,https://radioechoes.com/?page=play_download&mode=play&dl_mp3folder=G&dl_file=gunsmoke_1953-12-26_the_guitar.mp3&dl_series=Gunsmoke&dl_title=The Guitar&dl_date=1953.12.26&dl_size=5.6 MB
Gunsmoke,https://radioechoes.com/?page=series&genre=OTR-Western&series=Gunsmoke,Stage Holdup,1954.01.02,https://radioechoes.com/?page=play_download&mode=play&dl_mp3folder=G&dl_file=gunsmoke_1954-01-02_stage_holdup.mp3&dl_series=Gunsmoke&dl_title=Stage Holdup&dl_date=1954.01.02&dl_size=5.76 MB
Gunsmoke,https://radioechoes.com/?page=series&genre=OTR-Western&series=Gunsmoke,The Joke's On Us,1954.01.09,https://radioechoes.com/?page=play_download&mode=play&dl_mp3folder=G&dl_file=gunsmoke_1954-01-09_the_jokes_on_us.mp3&dl_series=Gunsmoke&dl_title=The Joke's On Us&dl_date=1954.01.09&dl_size=4.84 MB
Gunsmoke,https://radioechoes.com/?page=series&genre=OTR-Western&series=Gunsmoke,The Bear,1954.01.16,https://radioechoes.com/?page=play_download&mode=play&dl_mp3folder=G&dl_file=gunsmoke_1954-01-16_the_bear.mp3&dl_series=Gunsmoke&dl_title=The Bear&dl_date=1954.01.16&dl_size=5.38 MB
Gunsmoke,https://radioechoes.com/?page=series&genre=OTR-Western&series=Gunsmoke,Nina,1954.01.23,https://radioechoes.com/?page=play_download&mode=play&dl_mp3folder=G&dl_file=gunsmoke_1954-01-23_nina.mp3&dl_series=Gunsmoke&dl_title=Nina&dl_date=1954.01.23&dl_size=5.76 MB
Gunsmoke,https://radioechoes.com/?page=series&genre=OTR-Western&series=Gunsmoke,Gun Smuggler,1954.01.30,https://radioechoes.com/?page=play_download&mode=play&dl_mp3folder=G&dl_file=gunsmoke_1954-01-30_gun_smuggler.mp3&dl_series=Gunsmoke&dl_title=Gun Smuggler&dl_date=1954.01.30&dl_size=5.13 MB
Gunsmoke,https://radioechoes.com/?page=series&genre=OTR-Western&series=Gunsmoke,Big Broad,1954.02.06,https://radioechoes.com/?page=play_download&mode=play&dl_mp3folder=G&dl_file=gunsmoke_1954-02-06_big_broad.mp3&dl_series=Gunsmoke&dl_title=Big Broad&dl_date=1954.02.06&dl_size=5.84 MB
Gunsmoke,https://radioechoes.com/?page=series&genre=OTR-Western&series=Gunsmoke,The Killer,1954.02.13,https://radioechoes.com/?page=play_download&mode=play&dl_mp3folder=G&dl_file=gunsmoke_1954-02-13_the_killer.mp3&dl_series=Gunsmoke&dl_title=The Killer&dl_date=1954.02.13&dl_size=5.88 MB
Gunsmoke,https://radioechoes.com/?page=series&genre=OTR-Western&series=Gunsmoke,Last Fling,1954.02.20,https://radioechoes.com/?page=play_download&mode=play&dl_mp3folder=G&dl_file=gunsmoke_1954-02-20_last_fling.mp3&dl_series=Gunsmoke&dl_title=Last Fling&dl_date=1954.02.20&dl_size=5.2 MB
Gunsmoke,https://radioechoes.com/?page=series&genre=OTR-Western&series=Gunsmoke,Bad Boy,1954.02.27,https://radioechoes.com/?page=play_download&mode=play&dl_mp3folder=G&dl_file=gunsmoke_1954-02-27_bad_boy.mp3&dl_series=Gunsmoke&dl_title=Bad Boy&dl_date=1954.02.27&dl_size=5.76 MB
Gunsmoke,https://radioechoes.com/?page=series&genre=OTR-Western&series=Gunsmoke,The Gentleman,1954.03.06,https://radioechoes.com/?page=play_download&mode=play&dl_mp3folder=G&dl_file=gunsmoke_1954-03-06_the_gentleman.mp3&dl_series=Gunsmoke&dl_title=The Gentleman&dl_date=1954.03.06&dl_size=5.65 MB
Gunsmoke,https://radioechoes.com/?page=series&genre=OTR-Western&series=Gunsmoke,Confederate Money,1954.03.13,https://radioechoes.com/?page=play_download&mode=play&dl_mp3folder=G&dl_file=gunsmoke_1954-03-13_confederate_money.mp3&dl_series=Gunsmoke&dl_title=Confederate Money&dl_date=1954.03.13&dl_size=5.54 MB
Gunsmoke,https://radioechoes.com/?page=series&genre=OTR-Western&series=Gunsmoke,Old Friend,1954.03.20,https://radioechoes.com/?page=play_download&mode=play&dl_mp3folder=G&dl_file=gunsmoke_1954-03-20_old_friend.mp3&dl_series=Gunsmoke&dl_title=Old Friend&dl_date=1954.03.20&dl_size=5.13 MB
Gunsmoke,https://radioechoes.com/?page=series&genre=OTR-Western&series=Gunsmoke,Blood Money,1954.03.27,https://radioechoes.com/?page=play_download&mode=play&dl_mp3folder=G&dl_file=gunsmoke_1954-03-27_blood_money.mp3&dl_series=Gunsmoke&dl_title=Blood Money&dl_date=1954.03.27&dl_size=5.74 MB
Gunsmoke,https://radioechoes.com/?page=series&genre=OTR-Western&series=Gunsmoke,Mr. And Mrs. Amber,1954.04.03,https://radioechoes.com/?page=play_download&mode=play&dl_mp3folder=G&dl_file=gunsmoke_1954-04-03_mr_and_mrs_amber.mp3&dl_series=Gunsmoke&dl_title=Mr. And Mrs. Amber&dl_date=1954.04.03&dl_size=5.38 MB
Gunsmoke,https://radioechoes.com/?page=series&genre=OTR-Western&series=Gunsmoke,Greater Love,1954.04.10,https://radioechoes.com/?page=play_download&mode=play&dl_mp3folder=G&dl_file=gunsmoke_1954-04-10_greater_love.mp3&dl_series=Gunsmoke&dl_title=Greater Love&dl_date=1954.04.10&dl_size=5.49 MB
Gunsmoke,https://radioechoes.com/?page=series&genre=OTR-Western&series=Gunsmoke,What The Whiskey Drummer Heard,1954.04.17,https://radioechoes.com/?page=play_download&mode=play&dl_mp3folder=G&dl_file=gunsmoke_1954-04-17_what_the_whiskey_drummer_heard.mp3&dl_series=Gunsmoke&dl_title=What The Whiskey Drummer Heard&dl_date=1954.04.17&dl_size=5.49 MB
Gunsmoke,https://radioechoes.com/?page=series&genre=OTR-Western&series=Gunsmoke,Murder Warrant,1954.04.24,https://radioechoes.com/?page=play_download&mode=play&dl_mp3folder=G&dl_file=gunsmoke_1954-04-24_murder_warrant.mp3&dl_series=Gunsmoke&dl_title=Murder Warrant&dl_date=1954.04.24&dl_size=5.42 MB
Gunsmoke,https://radioechoes.com/?page=series&genre=OTR-Western&series=Gunsmoke,Cara,1954.05.01,https://radioechoes.com/?page=play_download&mode=play&dl_mp3folder=G&dl_file=gunsmoke_1954-05-01_cara.mp3&dl_series=Gunsmoke&dl_title=Cara&dl_date=1954.05.01&dl_size=5.87 MB
Gunsmoke,https://radioechoes.com/?page=series&genre=OTR-Western&series=Gunsmoke,The Constable,1954.05.08,https://radioechoes.com/?page=play_download&mode=play&dl_mp3folder=G&dl_file=gunsmoke_1954-05-08_the_constable.mp3&dl_series=Gunsmoke&dl_title=The Constable&dl_date=1954.05.08&dl_size=5.49 MB
Gunsmoke,https://radioechoes.com/?page=series&genre=OTR-Western&series=Gunsmoke,Indian Horse,1954.05.15,https://radioechoes.com/?page=play_download&mode=play&dl_mp3folder=G&dl_file=gunsmoke_1954-05-15_indian_horse.mp3&dl_series=Gunsmoke&dl_title=Indian Horse&dl_date=1954.05.15&dl_size=5.52 MB
Gunsmoke,https://radioechoes.com/?page=series&genre=OTR-Western&series=Gunsmoke,Monopoly,1954.05.22,https://radioechoes.com/?page=play_download&mode=play&dl_mp3folder=G&dl_file=gunsmoke_1954-05-22_monopoly.mp3&dl_series=Gunsmoke&dl_title=Monopoly&dl_date=1954.05.22&dl_size=5.49 MB
Gunsmoke,https://radioechoes.com/?page=series&genre=OTR-Western&series=Gunsmoke,Feud,1954.05.29,https://radioechoes.com/?page=play_download&mode=play&dl_mp3folder=G&dl_file=gunsmoke_1954-05-29_feud.mp3&dl_series=Gunsmoke&dl_title=Feud&dl_date=1954.05.29&dl_size=5.41 MB
Gunsmoke,https://radioechoes.com/?page=series&genre=OTR-Western&series=Gunsmoke,Blacksmith,1954.06.05,https://radioechoes.com/?page=play_download&mode=play&dl_mp3folder=G&dl_file=gunsmoke_1954-06-05_blacksmith.mp3&dl_series=Gunsmoke&dl_title=Blacksmith&dl_date=1954.06.05&dl_size=5.56 MB
Gunsmoke,https://radioechoes.com/?page=series&genre=OTR-Western&series=Gunsmoke,Cover Up,1954.06.12,https://radioechoes.com/?page=play_download&mode=play&dl_mp3folder=G&dl_file=gunsmoke_1954-06-12_cover_up.mp3&dl_series=Gunsmoke&dl_title=Cover Up&dl_date=1954.06.12&dl_size=5.74 MB
Gunsmoke,https://radioechoes.com/?page=series&genre=OTR-Western&series=Gunsmoke,Going Bad,1954.06.19,https://radioechoes.com/?page=play_download&mode=play&dl_mp3folder=G&dl_file=gunsmoke_1954-06-19_going_bad.mp3&dl_series=Gunsmoke&dl_title=Going Bad&dl_date=1954.06.19&dl_size=4.88 MB
Gunsmoke,https://radioechoes.com/?page=series&genre=OTR-Western&series=Gunsmoke,Claustrophobia,1954.06.26,https://radioechoes.com/?page=play_download&mode=play&dl_mp3folder=G&dl_file=gunsmoke_1954-06-26_claustrophobia.mp3&dl_series=Gunsmoke&dl_title=Claustrophobia&dl_date=1954.06.26&dl_size=5.39 MB
Gunsmoke,https://radioechoes.com/?page=series&genre=OTR-Western&series=Gunsmoke,Word Of Honor,1954.07.03,https://radioechoes.com/?page=play_download&mode=play&dl_mp3folder=G&dl_file=gunsmoke_1954-07-03_word_of_honor.mp3&dl_series=Gunsmoke&dl_title=Word Of Honor&dl_date=1954.07.03&dl_size=5.9 MB
Gunsmoke,https://radioechoes.com/?page=series&genre=OTR-Western&series=Gunsmoke,Hack Prine,1954.07.05,https://radioechoes.com/?page=play_download&mode=play&dl_mp3folder=G&dl_file=gunsmoke_1954-07-05_hack_prine.mp3&dl_series=Gunsmoke&dl_title=Hack Prine&dl_date=1954.07.05&dl_size=6.75 MB
Gunsmoke,https://radioechoes.com/?page=series&genre=OTR-Western&series=Gunsmoke,Texas Cowboys,1954.07.12,https://radioechoes.com/?page=play_download&mode=play&dl_mp3folder=G&dl_file=gunsmoke_1954-07-12_texas_cowboys.mp3&dl_series=Gunsmoke&dl_title=Texas Cowboys&dl_date=1954.07.12&dl_size=5.82 MB
Gunsmoke,https://radioechoes.com/?page=series&genre=OTR-Western&series=Gunsmoke,The Queue,1954.07.19,https://radioechoes.com/?page=play_download&mode=play&dl_mp3folder=G&dl_file=gunsmoke_1954-07-19_the_queue.mp3&dl_series=Gunsmoke&dl_title=The Queue&dl_date=1954.07.19&dl_size=6.61 MB
Gunsmoke,https://radioechoes.com/?page=series&genre=OTR-Western&series=Gunsmoke,Matt For Murder,1954.07.26,https://radioechoes.com/?page=play_download&mode=play&dl_mp3folder=G&dl_file=gunsmoke_1954-07-26_matt_for_murder.mp3&dl_series=Gunsmoke&dl_title=Matt For Murder&dl_date=1954.07.26&dl_size=6.94 MB
Gunsmoke,https://radioechoes.com/?page=series&genre=OTR-Western&series=Gunsmoke,No Indians,1954.08.02,https://radioechoes.com/?page=play_download&mode=play&dl_mp3folder=G&dl_file=gunsmoke_1954-08-02_no_indians.mp3&dl_series=Gunsmoke&dl_title=No Indians&dl_date=1954.08.02&dl_size=6.83 MB
Gunsmoke,https://radioechoes.com/?page=series&genre=OTR-Western&series=Gunsmoke,Joe Phy,1954.08.09,https://radioechoes.com/?page=play_download&mode=play&dl_mp3folder=G&dl_file=gunsmoke_1954-08-09_joe_phy.mp3&dl_series=Gunsmoke&dl_title=Joe Phy&dl_date=1954.08.09&dl_size=6.91 MB
Gunsmoke,https://radioechoes.com/?page=series&genre=OTR-Western&series=Gunsmoke,Mavis McCloud,1954.08.16,https://radioechoes.com/?page=play_download&mode=play&dl_mp3folder=G&dl_file=gunsmoke_1954-08-16_mavis_mccloud.mp3&dl_series=Gunsmoke&dl_title=Mavis McCloud&dl_date=1954.08.16&dl_size=5.76 MB
Gunsmoke,https://radioechoes.com/?page=series&genre=OTR-Western&series=Gunsmoke,Young Man With A Gun,1954.08.23,https://radioechoes.com/?page=play_download&mode=play&dl_mp3folder=G&dl_file=gunsmoke_1954-08-23_young_man_with_a_gun.mp3&dl_series=Gunsmoke&dl_title=Young Man With A Gun&dl_date=1954.08.23&dl_size=6.66 MB
Gunsmoke,https://radioechoes.com/?page=series&genre=OTR-Western&series=Gunsmoke,Obie Tater,1954.08.30,https://radioechoes.com/?page=play_download&mode=play&dl_mp3folder=G&dl_file=gunsmoke_1954-08-30_obie_tater.mp3&dl_series=Gunsmoke&dl_title=Obie Tater&dl_date=1954.08.30&dl_size=6.9 MB
Gunsmoke,https://radioechoes.com/?page=series&genre=OTR-Western&series=Gunsmoke,The Handcuffs,1954.09.06,https://radioechoes.com/?page=play_download&mode=play&dl_mp3folder=G&dl_file=gunsmoke_1954-09-06_the_handcuffs.mp3&dl_series=Gunsmoke&dl_title=The Handcuffs&dl_date=1954.09.06&dl_size=6.88 MB
Gunsmoke,https://radioechoes.com/?page=series&genre=OTR-Western&series=Gunsmoke,Dooley Surrenders,1954.09.13,https://radioechoes.com/?page=play_download&mode=play&dl_mp3folder=G&dl_file=gunsmoke_1954-09-13_dooley_surrenders.mp3&dl_series=Gunsmoke&dl_title=Dooley Surrenders&dl_date=1954.09.13&dl_size=6.8 MB
Gunsmoke,https://radioechoes.com/?page=series&genre=OTR-Western&series=Gunsmoke,The F U,1954.09.20,https://radioechoes.com/?page=play_download&mode=play&dl_mp3folder=G&dl_file=gunsmoke_1954-09-20_the_f_u.mp3&dl_series=Gunsmoke&dl_title=The F U&dl_date=1954.09.20&dl_size=6.88 MB
Gunsmoke,https://radioechoes.com/?page=series&genre=OTR-Western&series=Gunsmoke,Helping Hand,1954.09.27,https://radioechoes.com/?page=play_download&mode=play&dl_mp3folder=G&dl_file=gunsmoke_1954-09-27_helping_hand.mp3&dl_series=Gunsmoke&dl_title=Helping Hand&dl_date=1954.09.27&dl_size=5.98 MB
Gunsmoke,https://radioechoes.com/?page=series&genre=OTR-Western&series=Gunsmoke,Matt Gets It,1954.10.02,https://radioechoes.com/?page=play_download&mode=play&dl_mp3folder=G&dl_file=gunsmoke_1954-10-02_matt_gets_it.mp3&dl_series=Gunsmoke&dl_title=Matt Gets It&dl_date=1954.10.02&dl_size=6.67 MB
Gunsmoke,https://radioechoes.com/?page=series&genre=OTR-Western&series=Gunsmoke,Love Of A Good Woman,1954.10.09,https://radioechoes.com/?page=play_download&mode=play&dl_mp3folder=G&dl_file=gunsmoke_1954-10-09_love_of_a_good_woman.mp3&dl_series=Gunsmoke&dl_title=Love Of A Good Woman&dl_date=1954.10.09&dl_size=6.71 MB
Gunsmoke,https://radioechoes.com/?page=series&genre=OTR-Western&series=Gunsmoke,Kitty Caught,1954.10.16,https://radioechoes.com/?page=play_download&mode=play&dl_mp3folder=G&dl_file=gunsmoke_1954-10-16_kitty_caught.mp3&dl_series=Gunsmoke&dl_title=Kitty Caught&dl_date=1954.10.16&dl_size=6.67 MB
Gunsmoke,https://radioechoes.com/?page=series&genre=OTR-Western&series=Gunsmoke,Ma Tennis,1954.10.23,https://radioechoes.com/?page=play_download&mode=play&dl_mp3folder=G&dl_file=gunsmoke_1954-10-23_ma_tennis.mp3&dl_series=Gunsmoke&dl_title=Ma Tennis&dl_date=1954.10.23&dl_size=6.53 MB
Gunsmoke,https://radioechoes.com/?page=series&genre=OTR-Western&series=Gunsmoke,The Patsy,1954.10.30,https://radioechoes.com/?page=play_download&mode=play&dl_mp3folder=G&dl_file=gunsmoke_1954-10-30_the_patsy.mp3&dl_series=Gunsmoke&dl_title=The Patsy&dl_date=1954.10.30&dl_size=6.82 MB
Gunsmoke,https://radioechoes.com/?page=series&genre=OTR-Western&series=Gunsmoke,Smoking Out The Beedles,1954.11.06,https://radioechoes.com/?page=play_download&mode=play&dl_mp3folder=G&dl_file=gunsmoke_1954-11-06_smoking_out_the_beedles.mp3&dl_series=Gunsmoke&dl_title=Smoking Out The Beedles&dl_date=1954.11.06&dl_size=6.83 MB
Gunsmoke,https://radioechoes.com/?page=series&genre=OTR-Western&series=Gunsmoke,Wrong Man,1954.11.13,https://radioechoes.com/?page=play_download&mode=play&dl_mp3folder=G&dl_file=gunsmoke_1954-11-13_wrong_man.mp3&dl_series=Gunsmoke&dl_title=Wrong Man&dl_date=1954.11.13&dl_size=6.85 MB
Gunsmoke,https://radioechoes.com/?page=series&genre=OTR-Western&series=Gunsmoke,How To Kill A Woman,1954.11.20,https://radioechoes.com/?page=play_download&mode=play&dl_mp3folder=G&dl_file=gunsmoke_1954-11-20_how_to_kill_a_woman.mp3&dl_series=Gunsmoke&dl_title=How To Kill A Woman&dl_date=1954.11.20&dl_size=6.83 MB
Gunsmoke,https://radioechoes.com/?page=series&genre=OTR-Western&series=Gunsmoke,Cooter,1954.11.27,https://radioechoes.com/?page=play_download&mode=play&dl_mp3folder=G&dl_file=gunsmoke_1954-11-27_cooter.mp3&dl_series=Gunsmoke&dl_title=Cooter&dl_date=1954.11.27&dl_size=6.83 MB
Gunsmoke,https://radioechoes.com/?page=series&genre=OTR-Western&series=Gunsmoke,Cholera,1954.12.04,https://radioechoes.com/?page=play_download&mode=play&dl_mp3folder=G&dl_file=gunsmoke_1954-12-04_cholera.mp3&dl_series=Gunsmoke&dl_title=Cholera&dl_date=1954.12.04&dl_size=6.79 MB
Gunsmoke,https://radioechoes.com/?page=series&genre=OTR-Western&series=Gunsmoke,Bone Hunters,1954.12.11,https://radioechoes.com/?page=play_download&mode=play&dl_mp3folder=G&dl_file=gunsmoke_1954-12-11_bone_hunters.mp3&dl_series=Gunsmoke&dl_title=Bone Hunters&dl_date=1954.12.11&dl_size=6.45 MB
Gunsmoke,https://radioechoes.com/?page=series&genre=OTR-Western&series=Gunsmoke,Magnus Proudfoot,1954.12.18,https://radioechoes.com/?page=play_download&mode=play&dl_mp3folder=G&dl_file=gunsmoke_1954-12-18_magnus_proudfoot.mp3&dl_series=Gunsmoke&dl_title=Magnus Proudfoot&dl_date=1954.12.18&dl_size=5.99 MB
Gunsmoke,https://radioechoes.com/?page=series&genre=OTR-Western&series=Gunsmoke,Kitty Lost,1954.12.25,https://radioechoes.com/?page=play_download&mode=play&dl_mp3folder=G&dl_file=gunsmoke_1954-12-25_kitty_lost.mp3&dl_series=Gunsmoke&dl_title=Kitty Lost&dl_date=1954.12.25&dl_size=6.5 MB
Gunsmoke,https://radioechoes.com/?page=series&genre=OTR-Western&series=Gunsmoke,The Bottle Man,1955.01.01,https://radioechoes.com/?page=play_download&mode=play&dl_mp3folder=G&dl_file=gunsmoke_1955-01-01_the_bottle_man.mp3&dl_series=Gunsmoke&dl_title=The Bottle Man&dl_date=1955.01.01&dl_size=6.84 MB
Gunsmoke,https://radioechoes.com/?page=series&genre=OTR-Western&series=Gunsmoke,Outlaw Robin Hood,1955.01.08,https://radioechoes.com/?page=play_download&mode=play&dl_mp3folder=G&dl_file=gunsmoke_1955-01-08_outlaw_robin_hood.mp3&dl_series=Gunsmoke&dl_title=Outlaw Robin Hood&dl_date=1955.01.08&dl_size=6.55 MB
Gunsmoke,https://radioechoes.com/?page=series&genre=OTR-Western&series=Gunsmoke,Chester's Murder,1955.01.15,https://radioechoes.com/?page=play_download&mode=play&dl_mp3folder=G&dl_file=gunsmoke_1955-01-15_chesters_murder.mp3&dl_series=Gunsmoke&dl_title=Chester's Murder&dl_date=1955.01.15&dl_size=6.57 MB
Gunsmoke,https://radioechoes.com/?page=series&genre=OTR-Western&series=Gunsmoke,Sins Of Our Fathers,1955.01.22,https://radioechoes.com/?page=play_download&mode=play&dl_mp3folder=G&dl_file=gunsmoke_1955-01-22_sins_of_our_fathers.mp3&dl_series=Gunsmoke&dl_title=Sins Of Our Fathers&dl_date=1955.01.22&dl_size=6.85 MB
Gunsmoke,https://radioechoes.com/?page=series&genre=OTR-Western&series=Gunsmoke,Young Love,1955.01.29,https://radioechoes.com/?page=play_download&mode=play&dl_mp3folder=G&dl_file=gunsmoke_1955-01-29_young_love.mp3&dl_series=Gunsmoke&dl_title=Young Love&dl_date=1955.01.29&dl_size=6.82 MB
Gunsmoke,https://radioechoes.com/?page=series&genre=OTR-Western&series=Gunsmoke,Cheyennes,1955.02.05,https://radioechoes.com/?page=play_download&mode=play&dl_mp3folder=G&dl_file=gunsmoke_1955-02-05_cheyennes.mp3&dl_series=Gunsmoke&dl_title=Cheyennes&dl_date=1955.02.05&dl_size=6.62 MB
Gunsmoke,https://radioechoes.com/?page=series&genre=OTR-Western&series=Gunsmoke,Chester's Hanging,1955.02.12,https://radioechoes.com/?page=play_download&mode=play&dl_mp3folder=G&dl_file=gunsmoke_1955-02-12_chesters_hanging.mp3&dl_series=Gunsmoke&dl_title=Chester's Hanging&dl_date=1955.02.12&dl_size=6.42 MB
Gunsmoke,https://radioechoes.com/?page=series&genre=OTR-Western&series=Gunsmoke,Poor Pearl,1955.02.19,https://radioechoes.com/?page=play_download&mode=play&dl_mp3folder=G&dl_file=gunsmoke_1955-02-19_poor_pearl.mp3&dl_series=Gunsmoke&dl_title=Poor Pearl&dl_date=1955.02.19&dl_size=6.93 MB
Gunsmoke,https://radioechoes.com/?page=series&genre=OTR-Western&series=Gunsmoke,Crack Up,1955.02.23,https://radioechoes.com/?page=play_download&mode=play&dl_mp3folder=G&dl_file=gunsmoke_1955-02-23_crack_up.mp3&dl_series=Gunsmoke&dl_title=Crack Up&dl_date=1955.02.23&dl_size=7.02 MB
Gunsmoke,https://radioechoes.com/?page=series&genre=OTR-Western&series=Gunsmoke,Kite's Reward,1955.03.05,https://radioechoes.com/?page=play_download&mode=play&dl_mp3folder=G&dl_file=gunsmoke_1955-03-05_kites_reward.mp3&dl_series=Gunsmoke&dl_title=Kite's Reward&dl_date=1955.03.05&dl_size=6.87 MB
Gunsmoke,https://radioechoes.com/?page=series&genre=OTR-Western&series=Gunsmoke,The Trial,1955.03.12,https://radioechoes.com/?page=play_download&mode=play&dl_mp3folder=G&dl_file=gunsmoke_1955-03-12_the_trial.mp3&dl_series=Gunsmoke&dl_title=The Trial&dl_date=1955.03.12&dl_size=6.91 MB
Gunsmoke,https://radioechoes.com/?page=series&genre=OTR-Western&series=Gunsmoke,The Mistake,1955.03.19,https://radioechoes.com/?page=play_download&mode=play&dl_mp3folder=G&dl_file=gunsmoke_1955-03-19_the_mistake.mp3&dl_series=Gunsmoke&dl_title=The Mistake&dl_date=1955.03.19&dl_size=6.54 MB
Gunsmoke,https://radioechoes.com/?page=series&genre=OTR-Western&series=Gunsmoke,Horse Deal,1955.03.26,https://radioechoes.com/?page=play_download&mode=play&dl_mp3folder=G&dl_file=gunsmoke_1955-03-26_horse_deal.mp3&dl_series=Gunsmoke&dl_title=Horse Deal&dl_date=1955.03.26&dl_size=6.84 MB
Gunsmoke,https://radioechoes.com/?page=series&genre=OTR-Western&series=Gunsmoke,Bloody Hands,1955.04.02,https://radioechoes.com/?page=play_download&mode=play&dl_mp3folder=G&dl_file=gunsmoke_1955-04-02_bloody_hands.mp3&dl_series=Gunsmoke&dl_title=Bloody Hands&dl_date=1955.04.02&dl_size=6.82 MB
Gunsmoke,https://radioechoes.com/?page=series&genre=OTR-Western&series=Gunsmoke,Skid Row,1955.04.09,https://radioechoes.com/?page=play_download&mode=play&dl_mp3folder=G&dl_file=gunsmoke_1955-04-09_skid_row.mp3&dl_series=Gunsmoke&dl_title=Skid Row&dl_date=1955.04.09&dl_size=6.65 MB
Gunsmoke,https://radioechoes.com/?page=series&genre=OTR-Western&series=Gunsmoke,The Gypsum Hills Feud,1955.04.16,https://radioechoes.com/?page=play_download&mode=play&dl_mp3folder=G&dl_file=gunsmoke_1955-04-16_the_gypsum_hills_feud.mp3&dl_series=Gunsmoke&dl_title=The Gypsum Hills Feud&dl_date=1955.04.16&dl_size=6.89 MB
Gunsmoke,https://radioechoes.com/?page=series&genre=OTR-Western&series=Gunsmoke,Born To Hang,1955.04.23,https://radioechoes.com/?page=play_download&mode=play&dl_mp3folder=G&dl_file=gunsmoke_1955-04-23_born_to_hang.mp3&dl_series=Gunsmoke&dl_title=Born To Hang&dl_date=1955.04.23&dl_size=6.29 MB
Gunsmoke,https://radioechoes.com/?page=series&genre=OTR-Western&series=Gunsmoke,Reward For Matt,1955.04.30,https://radioechoes.com/?page=play_download&mode=play&dl_mp3folder=G&dl_file=gunsmoke_1955-04-30_reward_for_matt.mp3&dl_series=Gunsmoke&dl_title=Reward For Matt&dl_date=1955.04.30&dl_size=6.75 MB
Gunsmoke,https://radioechoes.com/?page=series&genre=OTR-Western&series=Gunsmoke,Potato Road,1955.05.07,https://radioechoes.com/?page=play_download&mode=play&dl_mp3folder=G&dl_file=gunsmoke_1955-05-07_potato_road.mp3&dl_series=Gunsmoke&dl_title=Potato Road&dl_date=1955.05.07&dl_size=6.76 MB
Gunsmoke,https://radioechoes.com/?page=series&genre=OTR-Western&series=Gunsmoke,Robber Bridegroom,1955.05.14,https://radioechoes.com/?page=play_download&mode=play&dl_mp3folder=G&dl_file=gunsmoke_1955-05-14_robber_bridegroom.mp3&dl_series=Gunsmoke&dl_title=Robber Bridegroom&dl_date=1955.05.14&dl_size=6.95 MB
Gunsmoke,https://radioechoes.com/?page=series&genre=OTR-Western&series=Gunsmoke,The Liar From Blackhawk,1955.05.21,https://radioechoes.com/?page=play_download&mode=play&dl_mp3folder=G&dl_file=gunsmoke_1955-05-21_the_liar_from_blackhawk.mp3&dl_series=Gunsmoke&dl_title=The Liar From Blackhawk&dl_date=1955.05.21&dl_size=6.84 MB
Gunsmoke,https://radioechoes.com/?page=series&genre=OTR-Western&series=Gunsmoke,Cow Doctor,1955.05.28,https://radioechoes.com/?page=play_download&mode=play&dl_mp3folder=G&dl_file=gunsmoke_1955-05-28_cow_doctor.mp3&dl_series=Gunsmoke&dl_title=Cow Doctor&dl_date=1955.05.28&dl_size=6.84 MB
Gunsmoke,https://radioechoes.com/?page=series&genre=OTR-Western&series=Gunsmoke,Jealousy,1955.06.04,https://radioechoes.com/?page=play_download&mode=play&dl_mp3folder=G&dl_file=gunsmoke_1955-06-04_jealousy.mp3&dl_series=Gunsmoke&dl_title=Jealousy&dl_date=1955.06.04&dl_size=6.5 MB
Gunsmoke,https://radioechoes.com/?page=series&genre=OTR-Western&series=Gunsmoke,Trust,1955.06.11,https://radioechoes.com/?page=play_download&mode=play&dl_mp3folder=G&dl_file=gunsmoke_1955-06-11_trust.mp3&dl_series=Gunsmoke&dl_title=Trust&dl_date=1955.06.11&dl_size=6.18 MB
Gunsmoke,https://radioechoes.com/?page=series&genre=OTR-Western&series=Gunsmoke,Reed Survives,1955.06.18,https://radioechoes.com/?page=play_download&mode=play&dl_mp3folder=G&dl_file=gunsmoke_1955-06-18_reed_survives.mp3&dl_series=Gunsmoke&dl_title=Reed Survives&dl_date=1955.06.18&dl_size=6.94 MB
Gunsmoke,https://radioechoes.com/?page=series&genre=OTR-Western&series=Gunsmoke,The Army Trial,1955.06.25,https://radioechoes.com/?page=play_download&mode=play&dl_mp3folder=G&dl_file=gunsmoke_1955-06-25_the_army_trial.mp3&dl_series=Gunsmoke&dl_title=The Army Trial&dl_date=1955.06.25&dl_size=6.89 MB
Gunsmoke,https://radioechoes.com/?page=series&genre=OTR-Western&series=Gunsmoke,General Parsley Smith,1955.07.02,https://radioechoes.com/?page=play_download&mode=play&dl_mp3folder=G&dl_file=gunsmoke_1955-07-02_general_parsley_smith.mp3&dl_series=Gunsmoke&dl_title=General Parsley Smith&dl_date=1955.07.02&dl_size=6.61 MB
Gunsmoke,https://radioechoes.com/?page=series&genre=OTR-Western&series=Gunsmoke,Uncle Oliver,1955.07.09,https://radioechoes.com/?page=play_download&mode=play&dl_mp3folder=G&dl_file=gunsmoke_1955-07-09_uncle_oliver.mp3&dl_series=Gunsmoke&dl_title=Uncle Oliver&dl_date=1955.07.09&dl_size=6.8 MB
Gunsmoke,https://radioechoes.com/?page=series&genre=OTR-Western&series=Gunsmoke,20 20,1955.07.16,https://radioechoes.com/?page=play_download&mode=play&dl_mp3folder=G&dl_file=gunsmoke_1955-07-16_20_20.mp3&dl_series=Gunsmoke&dl_title=20 20&dl_date=1955.07.16&dl_size=6.88 MB
Gunsmoke,https://radioechoes.com/?page=series&genre=OTR-Western&series=Gunsmoke,Ben Tolliver's Stud,1955.07.23,https://radioechoes.com/?page=play_download&mode=play&dl_mp3folder=G&dl_file=gunsmoke_1955-07-23_ben_tollivers_stud.mp3&dl_series=Gunsmoke&dl_title=Ben Tolliver's Stud&dl_date=1955.07.23&dl_size=6.95 MB
Gunsmoke,https://radioechoes.com/?page=series&genre=OTR-Western&series=Gunsmoke,Tap Day For Kitty,1955.07.30,https://radioechoes.com/?page=play_download&mode=play&dl_mp3folder=G&dl_file=gunsmoke_1955-07-30_tap_day_for_kitty.mp3&dl_series=Gunsmoke&dl_title=Tap Day For Kitty&dl_date=1955.07.30&dl_size=6.84 MB
Gunsmoke,https://radioechoes.com/?page=series&genre=OTR-Western&series=Gunsmoke,Innocent Broad,1955.08.06,https://radioechoes.com/?page=play_download&mode=play&dl_mp3folder=G&dl_file=gunsmoke_1955-08-06_innocent_broad.mp3&dl_series=Gunsmoke&dl_title=Innocent Broad&dl_date=1955.08.06&dl_size=6.83 MB
Gunsmoke,https://radioechoes.com/?page=series&genre=OTR-Western&series=Gunsmoke,Johnny Red,1955.08.13,https://radioechoes.com/?page=play_download&mode=play&dl_mp3folder=G&dl_file=gunsmoke_1955-08-13_johnny_red.mp3&dl_series=Gunsmoke&dl_title=Johnny Red&dl_date=1955.08.13&dl_size=6.79 MB
Gunsmoke,https://radioechoes.com/?page=series&genre=OTR-Western&series=Gunsmoke,Indian Scout,1955.08.20,https://radioechoes.com/?page=play_download&mode=play&dl_mp3folder=G&dl_file=gunsmoke_1955-08-20_indian_scout.mp3&dl_series=Gunsmoke&dl_title=Indian Scout&dl_date=1955.08.20&dl_size=6.78 MB
Gunsmoke,https://radioechoes.com/?page=series&genre=OTR-Western&series=Gunsmoke,Doc Quits,1955.08.27,https://radioechoes.com/?page=play_download&mode=play&dl_mp3folder=G&dl_file=gunsmoke_1955-08-27_doc_quits.mp3&dl_series=Gunsmoke&dl_title=Doc Quits&dl_date=1955.08.27&dl_size=6.85 MB
Gunsmoke,https://radioechoes.com/?page=series&genre=OTR-Western&series=Gunsmoke,Change Of Heart,1955.09.03,https://radioechoes.com/?page=play_download&mode=play&dl_mp3folder=G&dl_file=gunsmoke_1955-09-03_change_of_heart.mp3&dl_series=Gunsmoke&dl_title=Change Of Heart&dl_date=1955.09.03&dl_size=6.89 MB
Gunsmoke,https://radioechoes.com/?page=series&genre=OTR-Western&series=Gunsmoke,Alarm At Pleasant Valley,1955.09.10,https://radioechoes.com/?page=play_download&mode=play&dl_mp3folder=G&dl_file=gunsmoke_1955-09-10_alarm_at_pleasant_valley.mp3&dl_series=Gunsmoke&dl_title=Alarm At Pleasant Valley&dl_date=1955.09.10&dl_size=6.83 MB
Gunsmoke,https://radioechoes.com/?page=series&genre=OTR-Western&series=Gunsmoke,Thoroughbreds,1955.09.17,https://radioechoes.com/?page=play_download&mode=play&dl_mp3folder=G&dl_file=gunsmoke_1955-09-17_thoroughbreds.mp3&dl_series=Gunsmoke&dl_title=Thoroughbreds&dl_date=1955.09.17&dl_size=6.8 MB
Gunsmoke,https://radioechoes.com/?page=series&genre=OTR-Western&series=Gunsmoke,Indian White,1955.09.24,https://radioechoes.com/?page=play_download&mode=play&dl_mp3folder=G&dl_file=gunsmoke_1955-09-24_indian_white.mp3&dl_series=Gunsmoke&dl_title=Indian White&dl_date=1955.09.24&dl_size=6.83 MB
Gunsmoke,https://radioechoes.com/?page=series&genre=OTR-Western&series=Gunsmoke,The Barton Boy,1955.10.01,https://radioechoes.com/?page=play_download&mode=play&dl_mp3folder=G&dl_file=gunsmoke_1955-10-01_the_barton_boy.mp3&dl_series=Gunsmoke&dl_title=The Barton Boy&dl_date=1955.10.01&dl_size=6.73 MB
Gunsmoke,https://radioechoes.com/?page=series&genre=OTR-Western&series=Gunsmoke,Good Girl Bad Company,1955.10.08,https://radioechoes.com/?page=play_download&mode=play&dl_mp3folder=G&dl_file=gunsmoke_1955-10-08_good_girl_bad_company.mp3&dl_series=Gunsmoke&dl_title=Good Girl Bad Company&dl_date=1955.10.08&dl_size=5.48 MB
Gunsmoke,https://radioechoes.com/?page=series&genre=OTR-Western&series=Gunsmoke,The Coward,1955.10.09,https://radioechoes.com/?page=play_download&mode=play&dl_mp3folder=G&dl_file=gunsmoke_1955-10-09_the_coward.mp3&dl_series=Gunsmoke&dl_title=The Coward&dl_date=1955.10.09&dl_size=5.47 MB
Gunsmoke,https://radioechoes.com/?page=series&genre=OTR-Western&series=Gunsmoke,Trouble In Kansas,1955.10.16,https://radioechoes.com/?page=play_download&mode=play&dl_mp3folder=G&dl_file=gunsmoke_1955-10-16_trouble_in_kansas.mp3&dl_series=Gunsmoke&dl_title=Trouble In Kansas&dl_date=1955.10.16&dl_size=5.62 MB
Gunsmoke,https://radioechoes.com/?page=series&genre=OTR-Western&series=Gunsmoke,Brush At Elkader,1955.10.23,https://radioechoes.com/?page=play_download&mode=play&dl_mp3folder=G&dl_file=gunsmoke_1955-10-23_brush_at_elkader.mp3&dl_series=Gunsmoke&dl_title=Brush At Elkader&dl_date=1955.10.23&dl_size=5.54 MB
Gunsmoke,https://radioechoes.com/?page=series&genre=OTR-Western&series=Gunsmoke,The Choice,1955.10.30,https://radioechoes.com/?page=play_download&mode=play&dl_mp3folder=G&dl_file=gunsmoke_1955-10-30_the_choice.mp3&dl_series=Gunsmoke&dl_title=The Choice&dl_date=1955.10.30&dl_size=5.6 MB
Gunsmoke,https://radioechoes.com/?page=series&genre=OTR-Western&series=Gunsmoke,The Second Choice,1955.11.06,https://radioechoes.com/?page=play_download&mode=play&dl_mp3folder=G&dl_file=gunsmoke_1955-11-06_the_second_choice.mp3&dl_series=Gunsmoke&dl_title=The Second Choice&dl_date=1955.11.06&dl_size=5.59 MB
Gunsmoke,https://radioechoes.com/?page=series&genre=OTR-Western&series=Gunsmoke,The Preacher,1955.11.13,https://radioechoes.com/?page=play_download&mode=play&dl_mp3folder=G&dl_file=gunsmoke_1955-11-13_the_preacher.mp3&dl_series=Gunsmoke&dl_title=The Preacher&dl_date=1955.11.13&dl_size=5.52 MB
Gunsmoke,https://radioechoes.com/?page=series&genre=OTR-Western&series=Gunsmoke,Dutch George,1955.11.20,https://radioechoes.com/?page=play_download&mode=play&dl_mp3folder=G&dl_file=gunsmoke_1955-11-20_dutch_george.mp3&dl_series=Gunsmoke&dl_title=Dutch George&dl_date=1955.11.20&dl_size=5.52 MB
Gunsmoke,https://radioechoes.com/?page=series&genre=OTR-Western&series=Gunsmoke,Amy's Good Deed,1955.11.27,https://radioechoes.com/?page=play_download&mode=play&dl_mp3folder=G&dl_file=gunsmoke_1955-11-27_dutch_george.mp3&dl_series=Gunsmoke&dl_title=Amy's Good Deed&dl_date=1955.11.27&dl_size=5.56 MB
Gunsmoke,https://radioechoes.com/?page=series&genre=OTR-Western&series=Gunsmoke,Sunny Afternoon,1955.12.04,https://radioechoes.com/?page=play_download&mode=play&dl_mp3folder=G&dl_file=gunsmoke_1955-12-04_sunny_afternoon.mp3&dl_series=Gunsmoke&dl_title=Sunny Afternoon&dl_date=1955.12.04&dl_size=5.53 MB
Gunsmoke,https://radioechoes.com/?page=series&genre=OTR-Western&series=Gunsmoke,Land Deal,1955.12.11,https://radioechoes.com/?page=play_download&mode=play&dl_mp3folder=G&dl_file=gunsmoke_1955-12-11_land_deal.mp3&dl_series=Gunsmoke&dl_title=Land Deal&dl_date=1955.12.11&dl_size=5.48 MB
Gunsmoke,https://radioechoes.com/?page=series&genre=OTR-Western&series=Gunsmoke,Scared Kid,1955.12.19,https://radioechoes.com/?page=play_download&mode=play&dl_mp3folder=G&dl_file=gunsmoke_1955-12-19_scared_kid.mp3&dl_series=Gunsmoke&dl_title=Scared Kid&dl_date=1955.12.19&dl_size=5.57 MB
Gunsmoke,https://radioechoes.com/?page=series&genre=OTR-Western&series=Gunsmoke,Twelfth Night,1955.12.25,https://radioechoes.com/?page=play_download&mode=play&dl_mp3folder=G&dl_file=gunsmoke_1955-12-25_twelfth_night.mp3&dl_series=Gunsmoke&dl_title=Twelfth Night&dl_date=1955.12.25&dl_size=5.15 MB
Gunsmoke,https://radioechoes.com/?page=series&genre=OTR-Western&series=Gunsmoke,Puckett's New Year,1956.01.01,https://radioechoes.com/?page=play_download&mode=play&dl_mp3folder=G&dl_file=gunsmoke_1956-01-01_pucketts_new_year.mp3&dl_series=Gunsmoke&dl_title=Puckett's New Year&dl_date=1956.01.01&dl_size=5.51 MB
Gunsmoke,https://radioechoes.com/?page=series&genre=OTR-Western&series=Gunsmoke,Docs Revenge,1956.01.08,https://radioechoes.com/?page=play_download&mode=play&dl_mp3folder=G&dl_file=gunsmoke_1956-01-08_docs_revenge.mp3&dl_series=Gunsmoke&dl_title=Docs Revenge&dl_date=1956.01.08&dl_size=5.52 MB
Gunsmoke,https://radioechoes.com/?page=series&genre=OTR-Western&series=Gunsmoke,How To Cure A Friend,1956.01.15,https://radioechoes.com/?page=play_download&mode=play&dl_mp3folder=G&dl_file=gunsmoke_1956-01-15_how_to_cure_a_friend.mp3&dl_series=Gunsmoke&dl_title=How To Cure A Friend&dl_date=1956.01.15&dl_size=5.46 MB
Gunsmoke,https://radioechoes.com/?page=series&genre=OTR-Western&series=Gunsmoke,Romeo,1956.01.22,https://radioechoes.com/?page=play_download&mode=play&dl_mp3folder=G&dl_file=gunsmoke_1956-01-22_romeo.mp3&dl_series=Gunsmoke&dl_title=Romeo&dl_date=1956.01.22&dl_size=5.44 MB
Gunsmoke,https://radioechoes.com/?page=series&genre=OTR-Western&series=Gunsmoke,The Bureaucrat,1956.01.29,https://radioechoes.com/?page=play_download&mode=play&dl_mp3folder=G&dl_file=gunsmoke_1956-01-29_the_bureaucrat.mp3&dl_series=Gunsmoke&dl_title=The Bureaucrat&dl_date=1956.01.29&dl_size=5.45 MB
Gunsmoke,https://radioechoes.com/?page=series&genre=OTR-Western&series=Gunsmoke,Legal Revenge,1956.02.05,https://radioechoes.com/?page=play_download&mode=play&dl_mp3folder=G&dl_file=gunsmoke_1956-02-05_legal_revenge.mp3&dl_series=Gunsmoke&dl_title=Legal Revenge&dl_date=1956.02.05&dl_size=5.49 MB
Gunsmoke,https://radioechoes.com/?page=series&genre=OTR-Western&series=Gunsmoke,Kitty's Outlaw,1956.02.12,https://radioechoes.com/?page=play_download&mode=play&dl_mp3folder=G&dl_file=gunsmoke_1956-02-12_kittys_outlaw.mp3&dl_series=Gunsmoke&dl_title=Kitty's Outlaw&dl_date=1956.02.12&dl_size=5.52 MB
Gunsmoke,https://radioechoes.com/?page=series&genre=OTR-Western&series=Gunsmoke,The New Hotel,1956.02.19,https://radioechoes.com/?page=play_download&mode=play&dl_mp3folder=G&dl_file=gunsmoke_1956-02-19_the_new_hotel.mp3&dl_series=Gunsmoke&dl_title=The New Hotel&dl_date=1956.02.19&dl_size=4.65 MB
Gunsmoke,https://radioechoes.com/?page=series&genre=OTR-Western&series=Gunsmoke,Who Lives By The Sword,1956.02.26,https://radioechoes.com/?page=play_download&mode=play&dl_mp3folder=G&dl_file=gunsmoke_1956-02-26_who_lives_by_the_sword.mp3&dl_series=Gunsmoke&dl_title=Who Lives By The Sword&dl_date=1956.02.26&dl_size=5.53 MB
Gunsmoke,https://radioechoes.com/?page=series&genre=OTR-Western&series=Gunsmoke,The Hunter,1956.03.04,https://radioechoes.com/?page=play_download&mode=play&dl_mp3folder=G&dl_file=gunsmoke_1956-03-04_the_hunter.mp3&dl_series=Gunsmoke&dl_title=The Hunter&dl_date=1956.03.04&dl_size=5.71 MB
Gunsmoke,https://radioechoes.com/?page=series&genre=OTR-Western&series=Gunsmoke,Bringing Down Father,1956.03.11,https://radioechoes.com/?page=play_download&mode=play&dl_mp3folder=G&dl_file=gunsmoke_1956-03-11_bringing_down_father.mp3&dl_series=Gunsmoke&dl_title=Bringing Down Father&dl_date=1956.03.11&dl_size=5.98 MB
Gunsmoke,https://radioechoes.com/?page=series&genre=OTR-Western&series=Gunsmoke,The Man Who Would Be Marshall,1956.03.18,https://radioechoes.com/?page=play_download&mode=play&dl_mp3folder=G&dl_file=gunsmoke_1956-03-18_the_man_who_would_be_marshall.mp3&dl_series=Gunsmoke&dl_title=The Man Who Would Be Marshall&dl_date=1956.03.18&dl_size=5.51 MB
Gunsmoke,https://radioechoes.com/?page=series&genre=OTR-Western&series=Gunsmoke,Hanging Man,1956.03.25,https://radioechoes.com/?page=play_download&mode=play&dl_mp3folder=G&dl_file=gunsmoke_1956-03-25_hanging_man.mp3&dl_series=Gunsmoke&dl_title=Hanging Man&dl_date=1956.03.25&dl_size=5.57 MB
Gunsmoke,https://radioechoes.com/?page=series&genre=OTR-Western&series=Gunsmoke,How To Sell A Ranch,1956.04.01,https://radioechoes.com/?page=play_download&mode=play&dl_mp3folder=G&dl_file=gunsmoke_1956-04-01_how_to_sell_a_ranch.mp3&dl_series=Gunsmoke&dl_title=How To Sell A Ranch&dl_date=1956.04.01&dl_size=5.7 MB
Gunsmoke,https://radioechoes.com/?page=series&genre=OTR-Western&series=Gunsmoke,Widow's Might,1956.04.08,https://radioechoes.com/?page=play_download&mode=play&dl_mp3folder=G&dl_file=gunsmoke_1956-04-08_widows_might.mp3&dl_series=Gunsmoke&dl_title=Widow's Might&dl_date=1956.04.08&dl_size=5.77 MB
Gunsmoke,https://radioechoes.com/?page=series&genre=OTR-Western&series=Gunsmoke,The Executioner,1956.04.15,https://radioechoes.com/?page=play_download&mode=play&dl_mp3folder=G&dl_file=gunsmoke_1956-04-15_the_executioner.mp3&dl_series=Gunsmoke&dl_title=The Executioner&dl_date=1956.04.15&dl_size=5.82 MB
Gunsmoke,https://radioechoes.com/?page=series&genre=OTR-Western&series=Gunsmoke,Indian Crazy,1956.04.22,https://radioechoes.com/?page=play_download&mode=play&dl_mp3folder=G&dl_file=gunsmoke_1956-04-22_indian_crazy.mp3&dl_series=Gunsmoke&dl_title=Indian Crazy&dl_date=1956.04.22&dl_size=5.65 MB
Gunsmoke,https://radioechoes.com/?page=series&genre=OTR-Western&series=Gunsmoke,Doc's Reward,1956.04.29,https://radioechoes.com/?page=play_download&mode=play&dl_mp3folder=G&dl_file=gunsmoke_1956-04-29_docs_reward.mp3&dl_series=Gunsmoke&dl_title=Doc's Reward&dl_date=1956.04.29&dl_size=5.68 MB
Gunsmoke,https://radioechoes.com/?page=series&genre=OTR-Western&series=Gunsmoke,The Photographer,1956.05.06,https://radioechoes.com/?page=play_download&mode=play&dl_mp3folder=G&dl_file=gunsmoke_1956-05-06_the_photographer.mp3&dl_series=Gunsmoke&dl_title=The Photographer&dl_date=1956.05.06&dl_size=4.88 MB
Gunsmoke,https://radioechoes.com/?page=series&genre=OTR-Western&series=Gunsmoke,Cows And Cribs,1956.05.13,https://radioechoes.com/?page=play_download&mode=play&dl_mp3folder=G&dl_file=gunsmoke_1956-05-13_cows_and_cribs.mp3&dl_series=Gunsmoke&dl_title=Cows And Cribs&dl_date=1956.05.13&dl_size=5.54 MB
Gunsmoke,https://radioechoes.com/?page=series&genre=OTR-Western&series=Gunsmoke,Buffalo Man,1956.05.20,https://radioechoes.com/?page=play_download&mode=play&dl_mp3folder=G&dl_file=gunsmoke_1956-05-20_buffalo_man.mp3&dl_series=Gunsmoke&dl_title=Buffalo Man&dl_date=1956.05.20&dl_size=5.54 MB
Gunsmoke,https://radioechoes.com/?page=series&genre=OTR-Western&series=Gunsmoke,Man Hunter,1956.05.27,https://radioechoes.com/?page=play_download&mode=play&dl_mp3folder=G&dl_file=gunsmoke_1956-05-27_man_hunter.mp3&dl_series=Gunsmoke&dl_title=Man Hunter&dl_date=1956.05.27&dl_size=5.73 MB
Gunsmoke,https://radioechoes.com/?page=series&genre=OTR-Western&series=Gunsmoke,The Pacifist,1956.06.03,https://radioechoes.com/?page=play_download&mode=play&dl_mp3folder=G&dl_file=gunsmoke_1956-06-03_the_pacifist.mp3&dl_series=Gunsmoke&dl_title=The Pacifist&dl_date=1956.06.03&dl_size=4.43 MB
Gunsmoke,https://radioechoes.com/?page=series&genre=OTR-Western&series=Gunsmoke,Daddy O,1956.06.10,https://radioechoes.com/?page=play_download&mode=play&dl_mp3folder=G&dl_file=gunsmoke_1956-06-10_daddy_o.mp3&dl_series=Gunsmoke&dl_title=Daddy O&dl_date=1956.06.10&dl_size=5.61 MB
Gunsmoke,https://radioechoes.com/?page=series&genre=OTR-Western&series=Gunsmoke,Cheap Labor,1956.06.17,https://radioechoes.com/?page=play_download&mode=play&dl_mp3folder=G&dl_file=gunsmoke_1956-06-17_cheap_labor.mp3&dl_series=Gunsmoke&dl_title=Cheap Labor&dl_date=1956.06.17&dl_size=4.47 MB
Gunsmoke,https://radioechoes.com/?page=series&genre=OTR-Western&series=Gunsmoke,Sunday Supplement,1956.06.24,https://radioechoes.com/?page=play_download&mode=play&dl_mp3folder=G&dl_file=gunsmoke_1956-06-24_sunday_supplement.mp3&dl_series=Gunsmoke&dl_title=Sunday Supplement&dl_date=1956.06.24&dl_size=5.57 MB
Gunsmoke,https://radioechoes.com/?page=series&genre=OTR-Western&series=Gunsmoke,Gun For Chester,1956.07.01,https://radioechoes.com/?page=play_download&mode=play&dl_mp3folder=G&dl_file=gunsmoke_1956-07-01_gun_for_chester.mp3&dl_series=Gunsmoke&dl_title=Gun For Chester&dl_date=1956.07.01&dl_size=4.87 MB
Gunsmoke,https://radioechoes.com/?page=series&genre=OTR-Western&series=Gunsmoke,Passive Resistance,1956.07.08,https://radioechoes.com/?page=play_download&mode=play&dl_mp3folder=G&dl_file=gunsmoke_1956-07-08_passive_resistance.mp3&dl_series=Gunsmoke&dl_title=Passive Resistance&dl_date=1956.07.08&dl_size=5.63 MB
Gunsmoke,https://radioechoes.com/?page=series&genre=OTR-Western&series=Gunsmoke,Letter Of The Law,1956.07.15,https://radioechoes.com/?page=play_download&mode=play&dl_mp3folder=G&dl_file=gunsmoke_1956-07-15_letter_of_the_law.mp3&dl_series=Gunsmoke&dl_title=Letter Of The Law&dl_date=1956.07.15&dl_size=5.59 MB
Gunsmoke,https://radioechoes.com/?page=series&genre=OTR-Western&series=Gunsmoke,Lynching Man,1956.07.22,https://radioechoes.com/?page=play_download&mode=play&dl_mp3folder=G&dl_file=gunsmoke_1956-07-22_lynching_man.mp3&dl_series=Gunsmoke&dl_title=Lynching Man&dl_date=1956.07.22&dl_size=5.54 MB
Gunsmoke,https://radioechoes.com/?page=series&genre=OTR-Western&series=Gunsmoke,The Lost Rifle,1956.07.29,https://radioechoes.com/?page=play_download&mode=play&dl_mp3folder=G&dl_file=gunsmoke_1956-07-29_the_lost_rifle.mp3&dl_series=Gunsmoke&dl_title=The Lost Rifle&dl_date=1956.07.29&dl_size=5.59 MB
Gunsmoke,https://radioechoes.com/?page=series&genre=OTR-Western&series=Gunsmoke,Sweet And Sour,1956.08.05,https://radioechoes.com/?page=play_download&mode=play&dl_mp3folder=G&dl_file=gunsmoke_1956-08-05_sweet_and_sour.mp3&dl_series=Gunsmoke&dl_title=Sweet And Sour&dl_date=1956.08.05&dl_size=5.58 MB
Gunsmoke,https://radioechoes.com/?page=series&genre=OTR-Western&series=Gunsmoke,Snake Bite,1956.08.12,https://radioechoes.com/?page=play_download&mode=play&dl_mp3folder=G&dl_file=gunsmoke_1956-08-12_snake_bite.mp3&dl_series=Gunsmoke&dl_title=Snake Bite&dl_date=1956.08.12&dl_size=5.59 MB
Gunsmoke,https://radioechoes.com/?page=series&genre=OTR-Western&series=Gunsmoke,Annie Oakley,1956.08.19,https://radioechoes.com/?page=play_download&mode=play&dl_mp3folder=G&dl_file=gunsmoke_1956-08-19_annie_oakley.mp3&dl_series=Gunsmoke&dl_title=Annie Oakley&dl_date=1956.08.19&dl_size=5.65 MB
Gunsmoke,https://radioechoes.com/?page=series&genre=OTR-Western&series=Gunsmoke,No Sale,1956.08.26,https://radioechoes.com/?page=play_download&mode=play&dl_mp3folder=G&dl_file=gunsmoke_1956-08-26_no_sale.mp3&dl_series=Gunsmoke&dl_title=No Sale&dl_date=1956.08.26&dl_size=4.57 MB
Gunsmoke,https://radioechoes.com/?page=series&genre=OTR-Western&series=Gunsmoke,Old Pal,1956.09.02,https://radioechoes.com/?page=play_download&mode=play&dl_mp3folder=G&dl_file=gunsmoke_1956-09-02_old_pal.mp3&dl_series=Gunsmoke&dl_title=Old Pal&dl_date=1956.09.02&dl_size=5.42 MB
Gunsmoke,https://radioechoes.com/?page=series&genre=OTR-Western&series=Gunsmoke,Belle's Back,1956.09.09,https://radioechoes.com/?page=play_download&mode=play&dl_mp3folder=G&dl_file=gunsmoke_1956-09-09_belles_back.mp3&dl_series=Gunsmoke&dl_title=Belle's Back&dl_date=1956.09.09&dl_size=4.87 MB
Gunsmoke,https://radioechoes.com/?page=series&genre=OTR-Western&series=Gunsmoke,Thick N Thin,1956.09.16,https://radioechoes.com/?page=play_download&mode=play&dl_mp3folder=G&dl_file=gunsmoke_1956-09-16_thick_n_thin.mp3&dl_series=Gunsmoke&dl_title=Thick N Thin&dl_date=1956.09.16&dl_size=5.61 MB
Gunsmoke,https://radioechoes.com/?page=series&genre=OTR-Western&series=Gunsmoke,Box O Rocks,1956.09.23,https://radioechoes.com/?page=play_download&mode=play&dl_mp3folder=G&dl_file=gunsmoke_1956-09-23_box_o_rocks.mp3&dl_series=Gunsmoke&dl_title=Box O Rocks&dl_date=1956.09.23&dl_size=5.55 MB
Gunsmoke,https://radioechoes.com/?page=series&genre=OTR-Western&series=Gunsmoke,The Brothers,1956.09.30,https://radioechoes.com/?page=play_download&mode=play&dl_mp3folder=G&dl_file=gunsmoke_1956-09-30_the_brothers.mp3&dl_series=Gunsmoke&dl_title=The Brothers&dl_date=1956.09.30&dl_size=5.58 MB
Gunsmoke,https://radioechoes.com/?page=series&genre=OTR-Western&series=Gunsmoke,The Gambler,1956.10.07,https://radioechoes.com/?page=play_download&mode=play&dl_mp3folder=G&dl_file=gunsmoke_1956-10-07_the_gambler.mp3&dl_series=Gunsmoke&dl_title=The Gambler&dl_date=1956.10.07&dl_size=5.43 MB
Gunsmoke,https://radioechoes.com/?page=series&genre=OTR-Western&series=Gunsmoke,Gunshot Wound,1956.10.14,https://radioechoes.com/?page=play_download&mode=play&dl_mp3folder=G&dl_file=gunsmoke_1956-10-14_gunshot_wound.mp3&dl_series=Gunsmoke&dl_title=Gunshot Wound&dl_date=1956.10.14&dl_size=4.78 MB
Gunsmoke,https://radioechoes.com/?page=series&genre=OTR-Western&series=Gunsmoke,Till Death Do Us,1956.10.21,https://radioechoes.com/?page=play_download&mode=play&dl_mp3folder=G&dl_file=gunsmoke_1956-10-21_till_death_do_us.mp3&dl_series=Gunsmoke&dl_title=Till Death Do Us&dl_date=1956.10.21&dl_size=5.69 MB
Gunsmoke,https://radioechoes.com/?page=series&genre=OTR-Western&series=Gunsmoke,Dirty Bill's Girl,1956.10.28,https://radioechoes.com/?page=play_download&mode=play&dl_mp3folder=G&dl_file=gunsmoke_1956-10-28_dirty_bills_girl.mp3&dl_series=Gunsmoke&dl_title=Dirty Bill's Girl&dl_date=1956.10.28&dl_size=5.67 MB
Gunsmoke,https://radioechoes.com/?page=series&genre=OTR-Western&series=Gunsmoke,Crowbait Bob,1956.11.04,https://radioechoes.com/?page=play_download&mode=play&dl_mp3folder=G&dl_file=gunsmoke_1956-11-04_crowbait_bob.mp3&dl_series=Gunsmoke&dl_title=Crowbait Bob&dl_date=1956.11.04&dl_size=5.65 MB
Gunsmoke,https://radioechoes.com/?page=series&genre=OTR-Western&series=Gunsmoke,Crowbait Bob,1956.11.10,https://radioechoes.com/?page=play_download&mode=play&dl_mp3folder=G&dl_file=gunsmoke_1956-11-10_crowbait_bob.mp3&dl_series=Gunsmoke&dl_title=Crowbait Bob&dl_date=1956.11.10&dl_size=5.68 MB
Gunsmoke,https://radioechoes.com/?page=series&genre=OTR-Western&series=Gunsmoke,Pretty Mama,1956.11.11,https://radioechoes.com/?page=play_download&mode=play&dl_mp3folder=G&dl_file=gunsmoke_1956-11-11_pretty_mama.mp3&dl_series=Gunsmoke&dl_title=Pretty Mama&dl_date=1956.11.11&dl_size=5.7 MB
Gunsmoke,https://radioechoes.com/?page=series&genre=OTR-Western&series=Gunsmoke,Brother Whelp,1956.11.18,https://radioechoes.com/?page=play_download&mode=play&dl_mp3folder=G&dl_file=gunsmoke_1956-11-18_brother_whelp.mp3&dl_series=Gunsmoke&dl_title=Brother Whelp&dl_date=1956.11.18&dl_size=5.6 MB
Gunsmoke,https://radioechoes.com/?page=series&genre=OTR-Western&series=Gunsmoke,Tail To The Wind,1956.11.25,https://radioechoes.com/?page=play_download&mode=play&dl_mp3folder=G&dl_file=gunsmoke_1956-11-25_tail_to_the_wind.mp3&dl_series=Gunsmoke&dl_title=Tail To The Wind&dl_date=1956.11.25&dl_size=5.24 MB
Gunsmoke,https://radioechoes.com/?page=series&genre=OTR-Western&series=Gunsmoke,Speak Me Fair,1956.12.02,https://radioechoes.com/?page=play_download&mode=play&dl_mp3folder=G&dl_file=gunsmoke_1956-12-02_speak_me_fair.mp3&dl_series=Gunsmoke&dl_title=Speak Me Fair&dl_date=1956.12.02&dl_size=5.74 MB
Gunsmoke,https://radioechoes.com/?page=series&genre=OTR-Western&series=Gunsmoke,Braggart's Boy,1956.12.09,https://radioechoes.com/?page=play_download&mode=play&dl_mp3folder=G&dl_file=gunsmoke_1956-12-09_braggarts_boy.mp3&dl_series=Gunsmoke&dl_title=Braggart's Boy&dl_date=1956.12.09&dl_size=5.54 MB
Gunsmoke,https://radioechoes.com/?page=series&genre=OTR-Western&series=Gunsmoke,Cherry Red,1956.12.16,https://radioechoes.com/?page=play_download&mode=play&dl_mp3folder=G&dl_file=gunsmoke_1956-12-16_cherry_red.mp3&dl_series=Gunsmoke&dl_title=Cherry Red&dl_date=1956.12.16&dl_size=5.61 MB
Gunsmoke,https://radioechoes.com/?page=series&genre=OTR-Western&series=Gunsmoke,Beeker's Barn,1956.12.23,https://radioechoes.com/?page=play_download&mode=play&dl_mp3folder=G&dl_file=gunsmoke_1956-12-23_beekers_barn.mp3&dl_series=Gunsmoke&dl_title=Beeker's Barn&dl_date=1956.12.23&dl_size=5.73 MB
Gunsmoke,https://radioechoes.com/?page=series&genre=OTR-Western&series=Gunsmoke,Hound Dog,1956.12.30,https://radioechoes.com/?page=play_download&mode=play&dl_mp3folder=G&dl_file=gunsmoke_1956-12-30_hound_dog.mp3&dl_series=Gunsmoke&dl_title=Hound Dog&dl_date=1956.12.30&dl_size=5.39 MB
Gunsmoke,https://radioechoes.com/?page=series&genre=OTR-Western&series=Gunsmoke,Devil's Hindmost,1957.01.06,https://radioechoes.com/?page=play_download&mode=play&dl_mp3folder=G&dl_file=gunsmoke_1957-01-06_devils_hindmost.mp3&dl_series=Gunsmoke&dl_title=Devil's Hindmost&dl_date=1957.01.06&dl_size=6.73 MB
Gunsmoke,https://radioechoes.com/?page=series&genre=OTR-Western&series=Gunsmoke,Ozymandias,1957.01.13,https://radioechoes.com/?page=play_download&mode=play&dl_mp3folder=G&dl_file=gunsmoke_1957-01-13_ozymandias.mp3&dl_series=Gunsmoke&dl_title=Ozymandias&dl_date=1957.01.13&dl_size=7.05 MB
Gunsmoke,https://radioechoes.com/?page=series&genre=OTR-Western&series=Gunsmoke,Categorical Imperative,1957.01.20,https://radioechoes.com/?page=play_download&mode=play&dl_mp3folder=G&dl_file=gunsmoke_1957-01-20_categorical_imperative.mp3&dl_series=Gunsmoke&dl_title=Categorical Imperative&dl_date=1957.01.20&dl_size=4.43 MB
Gunsmoke,https://radioechoes.com/?page=series&genre=OTR-Western&series=Gunsmoke,Woman Called Mary,1957.01.27,https://radioechoes.com/?page=play_download&mode=play&dl_mp3folder=G&dl_file=gunsmoke_1957-01-27_woman_called_mary.mp3&dl_series=Gunsmoke&dl_title=Woman Called Mary&dl_date=1957.01.27&dl_size=4.7 MB
Gunsmoke,https://radioechoes.com/?page=series&genre=OTR-Western&series=Gunsmoke,Cold Fire,1957.02.03,https://radioechoes.com/?page=play_download&mode=play&dl_mp3folder=G&dl_file=gunsmoke_1957-02-03_cold_fire.mp3&dl_series=Gunsmoke&dl_title=Cold Fire&dl_date=1957.02.03&dl_size=4.64 MB
Gunsmoke,https://radioechoes.com/?page=series&genre=OTR-Western&series=Gunsmoke,Hellbent Harriet,1957.02.10,https://radioechoes.com/?page=play_download&mode=play&dl_mp3folder=G&dl_file=gunsmoke_1957-02-10_hellbent_harriet.mp3&dl_series=Gunsmoke&dl_title=Hellbent Harriet&dl_date=1957.02.10&dl_size=4.58 MB
Gunsmoke,https://radioechoes.com/?page=series&genre=OTR-Western&series=Gunsmoke,Doubtful Zone,1957.02.17,https://radioechoes.com/?page=play_download&mode=play&dl_mp3folder=G&dl_file=gunsmoke_1957-02-17_doubtful_zone.mp3&dl_series=Gunsmoke&dl_title=Doubtful Zone&dl_date=1957.02.17&dl_size=4.87 MB
Gunsmoke,https://radioechoes.com/?page=series&genre=OTR-Western&series=Gunsmoke,Impact,1957.02.24,https://radioechoes.com/?page=play_download&mode=play&dl_mp3folder=G&dl_file=gunsmoke_1957-02-24_impact.mp3&dl_series=Gunsmoke&dl_title=Impact&dl_date=1957.02.24&dl_size=4.52 MB
Gunsmoke,https://radioechoes.com/?page=series&genre=OTR-Western&series=Gunsmoke,Colleen So Green,1957.03.03,https://radioechoes.com/?page=play_download&mode=play&dl_mp3folder=G&dl_file=gunsmoke_1957-03-03_colleen_so_green.mp3&dl_series=Gunsmoke&dl_title=Colleen So Green&dl_date=1957.03.03&dl_size=4.84 MB
Gunsmoke,https://radioechoes.com/?page=series&genre=OTR-Western&series=Gunsmoke,Grebb Hassle,1957.03.10,https://radioechoes.com/?page=play_download&mode=play&dl_mp3folder=G&dl_file=gunsmoke_1957-03-10_grebb_hassle.mp3&dl_series=Gunsmoke&dl_title=Grebb Hassle&dl_date=1957.03.10&dl_size=4.68 MB
Gunsmoke,https://radioechoes.com/?page=series&genre=OTR-Western&series=Gunsmoke,Spring Freshet,1957.03.17,https://radioechoes.com/?page=play_download&mode=play&dl_mp3folder=G&dl_file=gunsmoke_1957-03-17_spring_freshet.mp3&dl_series=Gunsmoke&dl_title=Spring Freshet&dl_date=1957.03.17&dl_size=4.42 MB
Gunsmoke,https://radioechoes.com/?page=series&genre=OTR-Western&series=Gunsmoke,Saddle Sore Sal,1957.03.24,https://radioechoes.com/?page=play_download&mode=play&dl_mp3folder=G&dl_file=gunsmoke_1957-03-24_saddle_sore_sal.mp3&dl_series=Gunsmoke&dl_title=Saddle Sore Sal&dl_date=1957.03.24&dl_size=5.64 MB
Gunsmoke,https://radioechoes.com/?page=series&genre=OTR-Western&series=Gunsmoke,Chicken Smith,1957.03.31,https://radioechoes.com/?page=play_download&mode=play&dl_mp3folder=G&dl_file=gunsmoke_1957-03-31_chicken_smith.mp3&dl_series=Gunsmoke&dl_title=Chicken Smith&dl_date=1957.03.31&dl_size=4.96 MB
Gunsmoke,https://radioechoes.com/?page=series&genre=OTR-Western&series=Gunsmoke,Rock Bottom,1957.04.07,https://radioechoes.com/?page=play_download&mode=play&dl_mp3folder=G&dl_file=gunsmoke_1957-04-07_rock_bottom.mp3&dl_series=Gunsmoke&dl_title=Rock Bottom&dl_date=1957.04.07&dl_size=4.83 MB
Gunsmoke,https://radioechoes.com/?page=series&genre=OTR-Western&series=Gunsmoke,Saludos,1957.04.14,https://radioechoes.com/?page=play_download&mode=play&dl_mp3folder=G&dl_file=gunsmoke_1957-04-14_saludos.mp3&dl_series=Gunsmoke&dl_title=Saludos&dl_date=1957.04.14&dl_size=5.97 MB
Gunsmoke,https://radioechoes.com/?page=series&genre=OTR-Western&series=Gunsmoke,Bear Trap,1957.04.21,https://radioechoes.com/?page=play_download&mode=play&dl_mp3folder=G&dl_file=gunsmoke_1957-04-21_bear_trap.mp3&dl_series=Gunsmoke&dl_title=Bear Trap&dl_date=1957.04.21&dl_size=6.78 MB
Gunsmoke,https://radioechoes.com/?page=series&genre=OTR-Western&series=Gunsmoke,Medicine Man,1957.04.28,https://radioechoes.com/?page=play_download&mode=play&dl_mp3folder=G&dl_file=gunsmoke_1957-04-28_medicine_man.mp3&dl_series=Gunsmoke&dl_title=Medicine Man&dl_date=1957.04.28&dl_size=5.1 MB
Gunsmoke,https://radioechoes.com/?page=series&genre=OTR-Western&series=Gunsmoke,How To Kill A Friend,1957.05.05,https://radioechoes.com/?page=play_download&mode=play&dl_mp3folder=G&dl_file=gunsmoke_1957-05-05_how_to_kill_a_friend.mp3&dl_series=Gunsmoke&dl_title=How To Kill A Friend&dl_date=1957.05.05&dl_size=5.22 MB
Gunsmoke,https://radioechoes.com/?page=series&genre=OTR-Western&series=Gunsmoke,Sheep Dog,1957.05.12,https://radioechoes.com/?page=play_download&mode=play&dl_mp3folder=G&dl_file=gunsmoke_1957-05-12_sheep_dog.mp3&dl_series=Gunsmoke&dl_title=Sheep Dog&dl_date=1957.05.12&dl_size=5.9 MB
Gunsmoke,https://radioechoes.com/?page=series&genre=OTR-Western&series=Gunsmoke,One Night Stand,1957.05.19,https://radioechoes.com/?page=play_download&mode=play&dl_mp3folder=G&dl_file=gunsmoke_1957-05-19_one_night_stand.mp3&dl_series=Gunsmoke&dl_title=One Night Stand&dl_date=1957.05.19&dl_size=5.66 MB
Gunsmoke,https://radioechoes.com/?page=series&genre=OTR-Western&series=Gunsmoke,Pal,1957.05.26,https://radioechoes.com/?page=play_download&mode=play&dl_mp3folder=G&dl_file=gunsmoke_1957-05-26_pal.mp3&dl_series=Gunsmoke&dl_title=Pal&dl_date=1957.05.26&dl_size=5.4 MB
Gunsmoke,https://radioechoes.com/?page=series&genre=OTR-Western&series=Gunsmoke,Ben Tolliver's Stud,1957.06.02,https://radioechoes.com/?page=play_download&mode=play&dl_mp3folder=G&dl_file=gunsmoke_1957-06-02_ben_tollivers_stud.mp3&dl_series=Gunsmoke&dl_title=Ben Tolliver's Stud&dl_date=1957.06.02&dl_size=5.98 MB
Gunsmoke,https://radioechoes.com/?page=series&genre=OTR-Western&series=Gunsmoke,Dodge Podge,1957.06.09,https://radioechoes.com/?page=play_download&mode=play&dl_mp3folder=G&dl_file=gunsmoke_1957-06-09_dodge_podge.mp3&dl_series=Gunsmoke&dl_title=Dodge Podge&dl_date=1957.06.09&dl_size=5.05 MB
Gunsmoke,https://radioechoes.com/?page=series&genre=OTR-Western&series=Gunsmoke,Summer Night,1957.06.16,https://radioechoes.com/?page=play_download&mode=play&dl_mp3folder=G&dl_file=gunsmoke_1957-06-16_summer_night.mp3&dl_series=Gunsmoke&dl_title=Summer Night&dl_date=1957.06.16&dl_size=5.19 MB
Gunsmoke,https://radioechoes.com/?page=series&genre=OTR-Western&series=Gunsmoke,Home Surgery,1957.06.23,https://radioechoes.com/?page=play_download&mode=play&dl_mp3folder=G&dl_file=gunsmoke_1957-06-23_home_surgery.mp3&dl_series=Gunsmoke&dl_title=Home Surgery&dl_date=1957.06.23&dl_size=5.3 MB
Gunsmoke,https://radioechoes.com/?page=series&genre=OTR-Western&series=Gunsmoke,Buffalo Hunter,1957.06.30,https://radioechoes.com/?page=play_download&mode=play&dl_mp3folder=G&dl_file=gunsmoke_1957-06-30_buffalo_hunter.mp3&dl_series=Gunsmoke&dl_title=Buffalo Hunter&dl_date=1957.06.30&dl_size=4.88 MB
Gunsmoke,https://radioechoes.com/?page=series&genre=OTR-Western&series=Gunsmoke,Word Of Honor,1957.07.07,https://radioechoes.com/?page=play_download&mode=play&dl_mp3folder=G&dl_file=gunsmoke_1957-07-07_word_of_honor.mp3&dl_series=Gunsmoke&dl_title=Word Of Honor&dl_date=1957.07.07&dl_size=4.73 MB
Gunsmoke,https://radioechoes.com/?page=series&genre=OTR-Western&series=Gunsmoke,Bloody Hands,1957.07.14,https://radioechoes.com/?page=play_download&mode=play&dl_mp3folder=G&dl_file=gunsmoke_1957-07-14_bloody_hands.mp3&dl_series=Gunsmoke&dl_title=Bloody Hands&dl_date=1957.07.14&dl_size=5.71 MB
Gunsmoke,https://radioechoes.com/?page=series&genre=OTR-Western&series=Gunsmoke,Kitty Caught,1957.07.21,https://radioechoes.com/?page=play_download&mode=play&dl_mp3folder=G&dl_file=gunsmoke_1957-07-21_kitty_caught.mp3&dl_series=Gunsmoke&dl_title=Kitty Caught&dl_date=1957.07.21&dl_size=5.05 MB
Gunsmoke,https://radioechoes.com/?page=series&genre=OTR-Western&series=Gunsmoke,Cow Doctor,1957.07.28,https://radioechoes.com/?page=play_download&mode=play&dl_mp3folder=G&dl_file=gunsmoke_1957-07-28_cow_doctor.mp3&dl_series=Gunsmoke&dl_title=Cow Doctor&dl_date=1957.07.28&dl_size=5.6 MB
Gunsmoke,https://radioechoes.com/?page=series&genre=OTR-Western&series=Gunsmoke,Big Hands,1957.08.04,https://radioechoes.com/?page=play_download&mode=play&dl_mp3folder=G&dl_file=gunsmoke_1957-08-04_big_hands.mp3&dl_series=Gunsmoke&dl_title=Big Hands&dl_date=1957.08.04&dl_size=5.4 MB
Gunsmoke,https://radioechoes.com/?page=series&genre=OTR-Western&series=Gunsmoke,Jayhawkers,1957.08.11,https://radioechoes.com/?page=play_download&mode=play&dl_mp3folder=G&dl_file=gunsmoke_1957-08-11_jayhawkers.mp3&dl_series=Gunsmoke&dl_title=Jayhawkers&dl_date=1957.08.11&dl_size=5.48 MB
Gunsmoke,https://radioechoes.com/?page=series&genre=OTR-Western&series=Gunsmoke,The Peace Officer,1957.08.18,https://radioechoes.com/?page=play_download&mode=play&dl_mp3folder=G&dl_file=gunsmoke_1957-08-18_the_peace_officer.mp3&dl_series=Gunsmoke&dl_title=The Peace Officer&dl_date=1957.08.18&dl_size=4.64 MB
Gunsmoke,https://radioechoes.com/?page=series&genre=OTR-Western&series=Gunsmoke,Grass,1957.08.25,https://radioechoes.com/?page=play_download&mode=play&dl_mp3folder=G&dl_file=gunsmoke_1957-08-25_grass.mp3&dl_series=Gunsmoke&dl_title=Grass&dl_date=1957.08.25&dl_size=5.47 MB
Gunsmoke,https://radioechoes.com/?page=series&genre=OTR-Western&series=Gunsmoke,Jobes Son,1957.09.01,https://radioechoes.com/?page=play_download&mode=play&dl_mp3folder=G&dl_file=gunsmoke_1957-09-01_jobes_son.mp3&dl_series=Gunsmoke&dl_title=Jobes Son&dl_date=1957.09.01&dl_size=5.63 MB
Gunsmoke,https://radioechoes.com/?page=series&genre=OTR-Western&series=Gunsmoke,Loony Mccluny,1957.09.08,https://radioechoes.com/?page=play_download&mode=play&dl_mp3folder=G&dl_file=gunsmoke_1957-09-08_loony_mccluny.mp3&dl_series=Gunsmoke&dl_title=Loony Mccluny&dl_date=1957.09.08&dl_size=4.72 MB
Gunsmoke,https://radioechoes.com/?page=series&genre=OTR-Western&series=Gunsmoke,Child Labor,1957.09.15,https://radioechoes.com/?page=play_download&mode=play&dl_mp3folder=G&dl_file=gunsmoke_1957-09-15_child_labor.mp3&dl_series=Gunsmoke&dl_title=Child Labor&dl_date=1957.09.15&dl_size=5.07 MB
Gunsmoke,https://radioechoes.com/?page=series&genre=OTR-Western&series=Gunsmoke,Custer,1957.09.22,https://radioechoes.com/?page=play_download&mode=play&dl_mp3folder=G&dl_file=gunsmoke_1957-09-22_custer.mp3&dl_series=Gunsmoke&dl_title=Custer&dl_date=1957.09.22&dl_size=5.75 MB
Gunsmoke,https://radioechoes.com/?page=series&genre=OTR-Western&series=Gunsmoke,Another Man's Poison,1957.09.29,https://radioechoes.com/?page=play_download&mode=play&dl_mp3folder=G&dl_file=gunsmoke_1957-09-29_another_mans_poison.mp3&dl_series=Gunsmoke&dl_title=Another Man's Poison&dl_date=1957.09.29&dl_size=5.17 MB
Gunsmoke,https://radioechoes.com/?page=series&genre=OTR-Western&series=Gunsmoke,The Rooks Brothers,1957.10.06,https://radioechoes.com/?page=play_download&mode=play&dl_mp3folder=G&dl_file=gunsmoke_1957-10-06_the_rooks_brothers.mp3&dl_series=Gunsmoke&dl_title=The Rooks Brothers&dl_date=1957.10.06&dl_size=4.41 MB
Gunsmoke,https://radioechoes.com/?page=series&genre=OTR-Western&series=Gunsmoke,The Margin,1957.10.13,https://radioechoes.com/?page=play_download&mode=play&dl_mp3folder=G&dl_file=gunsmoke_1957-10-13_the_margin.mp3&dl_series=Gunsmoke&dl_title=The Margin&dl_date=1957.10.13&dl_size=4.69 MB
Gunsmoke,https://radioechoes.com/?page=series&genre=OTR-Western&series=Gunsmoke,Professor Lute Bone,1957.10.20,https://radioechoes.com/?page=play_download&mode=play&dl_mp3folder=G&dl_file=gunsmoke_1957-10-20_professor_lute_bone.mp3&dl_series=Gunsmoke&dl_title=Professor Lute Bone&dl_date=1957.10.20&dl_size=5.46 MB
Gunsmoke,https://radioechoes.com/?page=series&genre=OTR-Western&series=Gunsmoke,Man And Boy,1957.10.27,https://radioechoes.com/?page=play_download&mode=play&dl_mp3folder=G&dl_file=gunsmoke_1957-10-27_man_and_boy.mp3&dl_series=Gunsmoke&dl_title=Man And Boy&dl_date=1957.10.27&dl_size=4.73 MB
Gunsmoke,https://radioechoes.com/?page=series&genre=OTR-Western&series=Gunsmoke,Bull,1957.11.03,https://radioechoes.com/?page=play_download&mode=play&dl_mp3folder=G&dl_file=gunsmoke_1957-11-03_bull.mp3&dl_series=Gunsmoke&dl_title=Bull&dl_date=1957.11.03&dl_size=4.92 MB
Gunsmoke,https://radioechoes.com/?page=series&genre=OTR-Western&series=Gunsmoke,Gun Shy,1957.11.10,https://radioechoes.com/?page=play_download&mode=play&dl_mp3folder=G&dl_file=gunsmoke_1957-11-10_gun_shy.mp3&dl_series=Gunsmoke&dl_title=Gun Shy&dl_date=1957.11.10&dl_size=5.69 MB
Gunsmoke,https://radioechoes.com/?page=series&genre=OTR-Western&series=Gunsmoke,Queue,1957.11.17,https://radioechoes.com/?page=play_download&mode=play&dl_mp3folder=G&dl_file=gunsmoke_1957-11-17_queue.mp3&dl_series=Gunsmoke&dl_title=Queue&dl_date=1957.11.17&dl_size=5.5 MB
Gunsmoke,https://radioechoes.com/?page=series&genre=OTR-Western&series=Gunsmoke,Odd Man Out,1957.11.24,https://radioechoes.com/?page=play_download&mode=play&dl_mp3folder=G&dl_file=gunsmoke_1957-11-24_odd_man_out.mp3&dl_series=Gunsmoke&dl_title=Odd Man Out&dl_date=1957.11.24&dl_size=6.01 MB
Gunsmoke,https://radioechoes.com/?page=series&genre=OTR-Western&series=Gunsmoke,Jud's Woman,1957.12.01,https://radioechoes.com/?page=play_download&mode=play&dl_mp3folder=G&dl_file=gunsmoke_1957-12-01_juds_woman.mp3&dl_series=Gunsmoke&dl_title=Jud's Woman&dl_date=1957.12.01&dl_size=5.76 MB
Gunsmoke,https://radioechoes.com/?page=series&genre=OTR-Western&series=Gunsmoke,Long As I Live,1957.12.08,https://radioechoes.com/?page=play_download&mode=play&dl_mp3folder=G&dl_file=gunsmoke_1957-12-08_long_as_i_live.mp3&dl_series=Gunsmoke&dl_title=Long As I Live&dl_date=1957.12.08&dl_size=5.76 MB
Gunsmoke,https://radioechoes.com/?page=series&genre=OTR-Western&series=Gunsmoke,Ugly,1957.12.15,https://radioechoes.com/?page=play_download&mode=play&dl_mp3folder=G&dl_file=gunsmoke_1957-12-15_ugly.mp3&dl_series=Gunsmoke&dl_title=Ugly&dl_date=1957.12.15&dl_size=5.55 MB
Gunsmoke,https://radioechoes.com/?page=series&genre=OTR-Western&series=Gunsmoke,Twelfth Night,1957.12.28,https://radioechoes.com/?page=play_download&mode=play&dl_mp3folder=G&dl_file=gunsmoke_1957-12-28_twelfth_night.mp3&dl_series=Gunsmoke&dl_title=Twelfth Night&dl_date=1957.12.28&dl_size=5.76 MB
Gunsmoke,https://radioechoes.com/?page=series&genre=OTR-Western&series=Gunsmoke,Whered They Go,1957.12.29,https://radioechoes.com/?page=play_download&mode=play&dl_mp3folder=G&dl_file=gunsmoke_1957-12-29_whered_they_go.mp3&dl_series=Gunsmoke&dl_title=Whered They Go&dl_date=1957.12.29&dl_size=4.31 MB
Gunsmoke,https://radioechoes.com/?page=series&genre=OTR-Western&series=Gunsmoke,Pucket's New Year,1958.01.05,https://radioechoes.com/?page=play_download&mode=play&dl_mp3folder=G&dl_file=gunsmoke_1958-01-05_puckets_new_year.mp3&dl_series=Gunsmoke&dl_title=Pucket's New Year&dl_date=1958.01.05&dl_size=4.5 MB
Gunsmoke,https://radioechoes.com/?page=series&genre=OTR-Western&series=Gunsmoke,Second Son,1958.01.12,https://radioechoes.com/?page=play_download&mode=play&dl_mp3folder=G&dl_file=gunsmoke_1958-01-12_second_son.mp3&dl_series=Gunsmoke&dl_title=Second Son&dl_date=1958.01.12&dl_size=5.88 MB
Gunsmoke,https://radioechoes.com/?page=series&genre=OTR-Western&series=Gunsmoke,Moo Moo Raid,1958.01.19,https://radioechoes.com/?page=play_download&mode=play&dl_mp3folder=G&dl_file=gunsmoke_1958-01-19_moo_moo_raid.mp3&dl_series=Gunsmoke&dl_title=Moo Moo Raid&dl_date=1958.01.19&dl_size=5.73 MB
Gunsmoke,https://radioechoes.com/?page=series&genre=OTR-Western&series=Gunsmoke,One For Less,1958.01.26,https://radioechoes.com/?page=play_download&mode=play&dl_mp3folder=G&dl_file=gunsmoke_1958-01-26_one_for_less.mp3&dl_series=Gunsmoke&dl_title=One For Less&dl_date=1958.01.26&dl_size=5.71 MB
Gunsmoke,https://radioechoes.com/?page=series&genre=OTR-Western&series=Gunsmoke,Kitty's Killing,1958.02.02,https://radioechoes.com/?page=play_download&mode=play&dl_mp3folder=G&dl_file=gunsmoke_1958-02-02_kittys_killing.mp3&dl_series=Gunsmoke&dl_title=Kitty's Killing&dl_date=1958.02.02&dl_size=4.34 MB
Gunsmoke,https://radioechoes.com/?page=series&genre=OTR-Western&series=Gunsmoke,Joke's On Us,1958.02.09,https://radioechoes.com/?page=play_download&mode=play&dl_mp3folder=G&dl_file=gunsmoke_1958-02-09_jokes_on_us.mp3&dl_series=Gunsmoke&dl_title=Joke's On Us&dl_date=1958.02.09&dl_size=4.22 MB
Gunsmoke,https://radioechoes.com/?page=series&genre=OTR-Western&series=Gunsmoke,Brugers Folly,1958.02.16,https://radioechoes.com/?page=play_download&mode=play&dl_mp3folder=G&dl_file=gunsmoke_1958-02-16_brugers_folly.mp3&dl_series=Gunsmoke&dl_title=Brugers Folly&dl_date=1958.02.16&dl_size=4.27 MB
Gunsmoke,https://radioechoes.com/?page=series&genre=OTR-Western&series=Gunsmoke,Surgery,1958.02.23,https://radioechoes.com/?page=play_download&mode=play&dl_mp3folder=G&dl_file=gunsmoke_1958-02-23_surgery.mp3&dl_series=Gunsmoke&dl_title=Surgery&dl_date=1958.02.23&dl_size=5.51 MB
Gunsmoke,https://radioechoes.com/?page=series&genre=OTR-Western&series=Gunsmoke,The Guitar,1958.03.02,https://radioechoes.com/?page=play_download&mode=play&dl_mp3folder=G&dl_file=gunsmoke_1958-03-02_the_guitar.mp3&dl_series=Gunsmoke&dl_title=The Guitar&dl_date=1958.03.02&dl_size=4.3 MB
Gunsmoke,https://radioechoes.com/?page=series&genre=OTR-Western&series=Gunsmoke,Laughing Gas,1958.03.09,https://radioechoes.com/?page=play_download&mode=play&dl_mp3folder=G&dl_file=gunsmoke_1958-03-09_laughing_gas.mp3&dl_series=Gunsmoke&dl_title=Laughing Gas&dl_date=1958.03.09&dl_size=4.28 MB
Gunsmoke,https://radioechoes.com/?page=series&genre=OTR-Western&series=Gunsmoke,Real Sent Sonny,1958.03.16,https://radioechoes.com/?page=play_download&mode=play&dl_mp3folder=G&dl_file=gunsmoke_1958-03-16_real_sent_sonny.mp3&dl_series=Gunsmoke&dl_title=Real Sent Sonny&dl_date=1958.03.16&dl_size=4.16 MB
Gunsmoke,https://radioechoes.com/?page=series&genre=OTR-Western&series=Gunsmoke,Indian,1958.03.23,https://radioechoes.com/?page=play_download&mode=play&dl_mp3folder=G&dl_file=gunsmoke_1958-03-23_indian.mp3&dl_series=Gunsmoke&dl_title=Indian&dl_date=1958.03.23&dl_size=4.17 MB
Gunsmoke,https://radioechoes.com/?page=series&genre=OTR-Western&series=Gunsmoke,Why Not,1958.03.30,https://radioechoes.com/?page=play_download&mode=play&dl_mp3folder=G&dl_file=gunsmoke_1958-03-30_why_not.mp3&dl_series=Gunsmoke&dl_title=Why Not&dl_date=1958.03.30&dl_size=4.18 MB
Gunsmoke,https://radioechoes.com/?page=series&genre=OTR-Western&series=Gunsmoke,Yorky,1958.04.06,https://radioechoes.com/?page=play_download&mode=play&dl_mp3folder=G&dl_file=gunsmoke_1958-04-06_yorky.mp3&dl_series=Gunsmoke&dl_title=Yorky&dl_date=1958.04.06&dl_size=6.49 MB
Gunsmoke,https://radioechoes.com/?page=series&genre=OTR-Western&series=Gunsmoke,Livvies Loss,1958.04.13,https://radioechoes.com/?page=play_download&mode=play&dl_mp3folder=G&dl_file=gunsmoke_1958-04-13_livvies_loss.mp3&dl_series=Gunsmoke&dl_title=Livvies Loss&dl_date=1958.04.13&dl_size=4.22 MB
Gunsmoke,https://radioechoes.com/?page=series&genre=OTR-Western&series=Gunsmoke,The Partners,1958.04.20,https://radioechoes.com/?page=play_download&mode=play&dl_mp3folder=G&dl_file=gunsmoke_1958-04-20_the_partners.mp3&dl_series=Gunsmoke&dl_title=The Partners&dl_date=1958.04.20&dl_size=4.18 MB
Gunsmoke,https://radioechoes.com/?page=series&genre=OTR-Western&series=Gunsmoke,The Squaw,1958.04.27,https://radioechoes.com/?page=play_download&mode=play&dl_mp3folder=G&dl_file=gunsmoke_1958-04-27_the_squaw.mp3&dl_series=Gunsmoke&dl_title=The Squaw&dl_date=1958.04.27&dl_size=5.43 MB
Gunsmoke,https://radioechoes.com/?page=series&genre=OTR-Western&series=Gunsmoke,How To Die For Nothing,1958.05.10,https://radioechoes.com/?page=play_download&mode=play&dl_mp3folder=G&dl_file=gunsmoke_1958-05-10_how_to_die_for_nothing.mp3&dl_series=Gunsmoke&dl_title=How To Die For Nothing&dl_date=1958.05.10&dl_size=4.39 MB
Gunsmoke,https://radioechoes.com/?page=series&genre=OTR-Western&series=Gunsmoke,Little Bird,1958.05.11,https://radioechoes.com/?page=play_download&mode=play&dl_mp3folder=G&dl_file=gunsmoke_1958-05-11_little_bird.mp3&dl_series=Gunsmoke&dl_title=Little Bird&dl_date=1958.05.11&dl_size=4.77 MB
Gunsmoke,https://radioechoes.com/?page=series&genre=OTR-Western&series=Gunsmoke,The Stallion,1958.05.18,https://radioechoes.com/?page=play_download&mode=play&dl_mp3folder=G&dl_file=gunsmoke_1958-05-18_the_stallion.mp3&dl_series=Gunsmoke&dl_title=The Stallion&dl_date=1958.05.18&dl_size=4.22 MB
Gunsmoke,https://radioechoes.com/?page=series&genre=OTR-Western&series=Gunsmoke,Blue Horse,1958.05.25,https://radioechoes.com/?page=play_download&mode=play&dl_mp3folder=G&dl_file=gunsmoke_1958-05-25_blue_horse.mp3&dl_series=Gunsmoke&dl_title=Blue Horse&dl_date=1958.05.25&dl_size=3.91 MB
Gunsmoke,https://radioechoes.com/?page=series&genre=OTR-Western&series=Gunsmoke,Quarter Horse,1958.06.01,https://radioechoes.com/?page=play_download&mode=play&dl_mp3folder=G&dl_file=gunsmoke_1958-06-01_quarter_horse.mp3&dl_series=Gunsmoke&dl_title=Quarter Horse&dl_date=1958.06.01&dl_size=5.54 MB
Gunsmoke,https://radioechoes.com/?page=series&genre=OTR-Western&series=Gunsmoke,Hot Horse Hyatt,1958.06.08,https://radioechoes.com/?page=play_download&mode=play&dl_mp3folder=G&dl_file=gunsmoke_1958-06-08_hot_horse_hyatt.mp3&dl_series=Gunsmoke&dl_title=Hot Horse Hyatt&dl_date=1958.06.08&dl_size=5.71 MB
Gunsmoke,https://radioechoes.com/?page=series&genre=OTR-Western&series=Gunsmoke,Old Flame,1958.06.15,https://radioechoes.com/?page=play_download&mode=play&dl_mp3folder=G&dl_file=gunsmoke_1958-06-15_old_flame.mp3&dl_series=Gunsmoke&dl_title=Old Flame&dl_date=1958.06.15&dl_size=5.45 MB
Gunsmoke,https://radioechoes.com/?page=series&genre=OTR-Western&series=Gunsmoke,Target,1958.06.22,https://radioechoes.com/?page=play_download&mode=play&dl_mp3folder=G&dl_file=gunsmoke_1958-06-22_target.mp3&dl_series=Gunsmoke&dl_title=Target&dl_date=1958.06.22&dl_size=5.75 MB
Gunsmoke,https://radioechoes.com/?page=series&genre=OTR-Western&series=Gunsmoke,What Whisky Drummer Heard,1958.06.29,https://radioechoes.com/?page=play_download&mode=play&dl_mp3folder=G&dl_file=gunsmoke_1958-06-29_what_whisky_drummer_heard.mp3&dl_series=Gunsmoke&dl_title=What Whisky Drummer Heard&dl_date=1958.06.29&dl_size=5.82 MB
Gunsmoke,https://radioechoes.com/?page=series&genre=OTR-Western&series=Gunsmoke,Chesters Choice,1958.07.06,https://radioechoes.com/?page=play_download&mode=play&dl_mp3folder=G&dl_file=gunsmoke_1958-07-06_chesters_choice.mp3&dl_series=Gunsmoke&dl_title=Chesters Choice&dl_date=1958.07.06&dl_size=5.67 MB
Gunsmoke,https://radioechoes.com/?page=series&genre=OTR-Western&series=Gunsmoke,The Proving Kid,1958.07.13,https://radioechoes.com/?page=play_download&mode=play&dl_mp3folder=G&dl_file=gunsmoke_1958-07-13_the_proving_kid.mp3&dl_series=Gunsmoke&dl_title=The Proving Kid&dl_date=1958.07.13&dl_size=4.81 MB
Gunsmoke,https://radioechoes.com/?page=series&genre=OTR-Western&series=Gunsmoke,Marshall Proudfoot,1958.07.20,https://radioechoes.com/?page=play_download&mode=play&dl_mp3folder=G&dl_file=gunsmoke_1958-07-20_marshall_proudfoot.mp3&dl_series=Gunsmoke&dl_title=Marshall Proudfoot&dl_date=1958.07.20&dl_size=5.7 MB
Gunsmoke,https://radioechoes.com/?page=series&genre=OTR-Western&series=Gunsmoke,Cast,1958.07.27,https://radioechoes.com/?page=play_download&mode=play&dl_mp3folder=G&dl_file=gunsmoke_1958-07-27_cast.mp3&dl_series=Gunsmoke&dl_title=Cast&dl_date=1958.07.27&dl_size=5.57 MB
Gunsmoke,https://radioechoes.com/?page=series&genre=OTR-Western&series=Gunsmoke,Miguels Daughter,1958.08.03,https://radioechoes.com/?page=play_download&mode=play&dl_mp3folder=G&dl_file=gunsmoke_1958-08-03_miguels_daughter.mp3&dl_series=Gunsmoke&dl_title=Miguels Daughter&dl_date=1958.08.03&dl_size=4.43 MB
Gunsmoke,https://radioechoes.com/?page=series&genre=OTR-Western&series=Gunsmoke,A House Ain't A Home,1958.08.10,https://radioechoes.com/?page=play_download&mode=play&dl_mp3folder=G&dl_file=gunsmoke_1958-08-10_a_house_aint_a_home.mp3&dl_series=Gunsmoke&dl_title=A House Ain't A Home&dl_date=1958.08.10&dl_size=5.7 MB
Gunsmoke,https://radioechoes.com/?page=series&genre=OTR-Western&series=Gunsmoke,The Piano,1958.08.17,https://radioechoes.com/?page=play_download&mode=play&dl_mp3folder=G&dl_file=gunsmoke_1958-08-17_the_piano.mp3&dl_series=Gunsmoke&dl_title=The Piano&dl_date=1958.08.17&dl_size=5.46 MB
Gunsmoke,https://radioechoes.com/?page=series&genre=OTR-Western&series=Gunsmoke,Blacksmith,1958.08.24,https://radioechoes.com/?page=play_download&mode=play&dl_mp3folder=G&dl_file=gunsmoke_1958-08-24_blacksmith.mp3&dl_series=Gunsmoke&dl_title=Blacksmith&dl_date=1958.08.24&dl_size=5.75 MB
Gunsmoke,https://radioechoes.com/?page=series&genre=OTR-Western&series=Gunsmoke,I Thee Wed,1958.08.31,https://radioechoes.com/?page=play_download&mode=play&dl_mp3folder=G&dl_file=gunsmoke_1958-08-31_i_thee_wed.mp3&dl_series=Gunsmoke&dl_title=I Thee Wed&dl_date=1958.08.31&dl_size=4.58 MB
Gunsmoke,https://radioechoes.com/?page=series&genre=OTR-Western&series=Gunsmoke,Tried It Didnt Like It,1958.09.07,https://radioechoes.com/?page=play_download&mode=play&dl_mp3folder=G&dl_file=gunsmoke_1958-09-07_tried_it_didnt_like_it.mp3&dl_series=Gunsmoke&dl_title=Tried It Didnt Like It&dl_date=1958.09.07&dl_size=4.89 MB
Gunsmoke,https://radioechoes.com/?page=series&genre=OTR-Western&series=Gunsmoke,False Witness,1958.09.14,https://radioechoes.com/?page=play_download&mode=play&dl_mp3folder=G&dl_file=gunsmoke_1958-09-14_false_witness.mp3&dl_series=Gunsmoke&dl_title=False Witness&dl_date=1958.09.14&dl_size=4.51 MB
Gunsmoke,https://radioechoes.com/?page=series&genre=OTR-Western&series=Gunsmoke,Big Girl Lost,1958.09.21,https://radioechoes.com/?page=play_download&mode=play&dl_mp3folder=G&dl_file=gunsmoke_1958-09-21_big_girl_lost.mp3&dl_series=Gunsmoke&dl_title=Big Girl Lost&dl_date=1958.09.21&dl_size=4.72 MB
Gunsmoke,https://radioechoes.com/?page=series&genre=OTR-Western&series=Gunsmoke,Kittys Rebellion,1958.09.28,https://radioechoes.com/?page=play_download&mode=play&dl_mp3folder=G&dl_file=gunsmoke_1958-09-28_kittys_rebellion.mp3&dl_series=Gunsmoke&dl_title=Kittys Rebellion&dl_date=1958.09.28&dl_size=4.45 MB
Gunsmoke,https://radioechoes.com/?page=series&genre=OTR-Western&series=Gunsmoke,Tag You're It,1958.10.05,https://radioechoes.com/?page=play_download&mode=play&dl_mp3folder=G&dl_file=gunsmoke_1958-10-05_tag_youre_it.mp3&dl_series=Gunsmoke&dl_title=Tag You're It&dl_date=1958.10.05&dl_size=5.09 MB
Gunsmoke,https://radioechoes.com/?page=series&genre=OTR-Western&series=Gunsmoke,Docs Showdown,1958.10.12,https://radioechoes.com/?page=play_download&mode=play&dl_mp3folder=G&dl_file=gunsmoke_1958-10-12_docs_showdown.mp3&dl_series=Gunsmoke&dl_title=Docs Showdown&dl_date=1958.10.12&dl_size=4.66 MB
Gunsmoke,https://radioechoes.com/?page=series&genre=OTR-Western&series=Gunsmoke,Kick Me,1958.10.19,https://radioechoes.com/?page=play_download&mode=play&dl_mp3folder=G&dl_file=gunsmoke_1958-10-19_kick_me.mp3&dl_series=Gunsmoke&dl_title=Kick Me&dl_date=1958.10.19&dl_size=4.58 MB
Gunsmoke,https://radioechoes.com/?page=series&genre=OTR-Western&series=Gunsmoke,The Tragedian,1958.10.26,https://radioechoes.com/?page=play_download&mode=play&dl_mp3folder=G&dl_file=gunsmoke_1958-10-26_the_tragedian.mp3&dl_series=Gunsmoke&dl_title=The Tragedian&dl_date=1958.10.26&dl_size=4.59 MB
Gunsmoke,https://radioechoes.com/?page=series&genre=OTR-Western&series=Gunsmoke,Old Mans Gold,1958.11.02,https://radioechoes.com/?page=play_download&mode=play&dl_mp3folder=G&dl_file=gunsmoke_1958-11-02_old_mans_gold.mp3&dl_series=Gunsmoke&dl_title=Old Mans Gold&dl_date=1958.11.02&dl_size=4.66 MB
Gunsmoke,https://radioechoes.com/?page=series&genre=OTR-Western&series=Gunsmoke,Target Chester,1958.11.09,https://radioechoes.com/?page=play_download&mode=play&dl_mp3folder=G&dl_file=gunsmoke_1958-11-09_target_chester.mp3&dl_series=Gunsmoke&dl_title=Target Chester&dl_date=1958.11.09&dl_size=4.54 MB
Gunsmoke,https://radioechoes.com/?page=series&genre=OTR-Western&series=Gunsmoke,Brush At Elkader,1958.11.16,https://radioechoes.com/?page=play_download&mode=play&dl_mp3folder=G&dl_file=gunsmoke_1958-11-16_brush_at_elkader.mp3&dl_series=Gunsmoke&dl_title=Brush At Elkader&dl_date=1958.11.16&dl_size=4.64 MB
Gunsmoke,https://radioechoes.com/?page=series&genre=OTR-Western&series=Gunsmoke,The Correspondent,1958.11.23,https://radioechoes.com/?page=play_download&mode=play&dl_mp3folder=G&dl_file=gunsmoke_1958-11-23_the_correspondent.mp3&dl_series=Gunsmoke&dl_title=The Correspondent&dl_date=1958.11.23&dl_size=4.25 MB
Gunsmoke,https://radioechoes.com/?page=series&genre=OTR-Western&series=Gunsmoke,Burning Wagon,1958.11.30,https://radioechoes.com/?page=play_download&mode=play&dl_mp3folder=G&dl_file=gunsmoke_1958-11-30_burning_wagon.mp3&dl_series=Gunsmoke&dl_title=Burning Wagon&dl_date=1958.11.30&dl_size=4.5 MB
Gunsmoke,https://radioechoes.com/?page=series&genre=OTR-Western&series=Gunsmoke,The Grass Asp,1958.12.07,https://radioechoes.com/?page=play_download&mode=play&dl_mp3folder=G&dl_file=gunsmoke_1958-12-07_the_grass_asp.mp3&dl_series=Gunsmoke&dl_title=The Grass Asp&dl_date=1958.12.07&dl_size=4.21 MB
Gunsmoke,https://radioechoes.com/?page=series&genre=OTR-Western&series=Gunsmoke,Kittys Injury,1958.12.14,https://radioechoes.com/?page=play_download&mode=play&dl_mp3folder=G&dl_file=gunsmoke_1958-12-14_kittys_injury.mp3&dl_series=Gunsmoke&dl_title=Kittys Injury&dl_date=1958.12.14&dl_size=4.35 MB
Gunsmoke,https://radioechoes.com/?page=series&genre=OTR-Western&series=Gunsmoke,Where'd Y' Go,1958.12.21,https://radioechoes.com/?page=play_download&mode=play&dl_mp3folder=G&dl_file=gunsmoke_1958-12-21_whered_y_go.mp3&dl_series=Gunsmoke&dl_title=Where'd Y' Go&dl_date=1958.12.21&dl_size=5 MB
Gunsmoke,https://radioechoes.com/?page=series&genre=OTR-Western&series=Gunsmoke,Choice,1958.12.28,https://radioechoes.com/?page=play_download&mode=play&dl_mp3folder=G&dl_file=gunsmoke_1958-12-28_choice.mp3&dl_series=Gunsmoke&dl_title=Choice&dl_date=1958.12.28&dl_size=5.33 MB
Gunsmoke,https://radioechoes.com/?page=series&genre=OTR-Western&series=Gunsmoke,Coward,1959.01.04,https://radioechoes.com/?page=play_download&mode=play&dl_mp3folder=G&dl_file=gunsmoke_1959-01-04_coward.mp3&dl_series=Gunsmoke&dl_title=Coward&dl_date=1959.01.04&dl_size=5.35 MB
Gunsmoke,https://radioechoes.com/?page=series&genre=OTR-Western&series=Gunsmoke,The Wolfer,1959.01.11,https://radioechoes.com/?page=play_download&mode=play&dl_mp3folder=G&dl_file=gunsmoke_1959-01-11_the_wolfer.mp3&dl_series=Gunsmoke&dl_title=The Wolfer&dl_date=1959.01.11&dl_size=6.51 MB
Gunsmoke,https://radioechoes.com/?page=series&genre=OTR-Western&series=Gunsmoke,Kangaroo,1959.01.18,https://radioechoes.com/?page=play_download&mode=play&dl_mp3folder=G&dl_file=gunsmoke_1959-01-18_kangaroo.mp3&dl_series=Gunsmoke&dl_title=Kangaroo&dl_date=1959.01.18&dl_size=5.81 MB
Gunsmoke,https://radioechoes.com/?page=series&genre=OTR-Western&series=Gunsmoke,The Boots,1959.01.25,https://radioechoes.com/?page=play_download&mode=play&dl_mp3folder=G&dl_file=gunsmoke_1959-01-25_the_boots.mp3&dl_series=Gunsmoke&dl_title=The Boots&dl_date=1959.01.25&dl_size=5.39 MB
Gunsmoke,https://radioechoes.com/?page=series&genre=OTR-Western&series=Gunsmoke,The Bobbsey Twins,1959.02.01,https://radioechoes.com/?page=play_download&mode=play&dl_mp3folder=G&dl_file=gunsmoke_1959-02-01_the_bobbsey_twins.mp3&dl_series=Gunsmoke&dl_title=The Bobbsey Twins&dl_date=1959.02.01&dl_size=5.87 MB
Gunsmoke,https://radioechoes.com/?page=series&genre=OTR-Western&series=Gunsmoke,Groat's Grudge,1959.02.08,https://radioechoes.com/?page=play_download&mode=play&dl_mp3folder=G&dl_file=gunsmoke_1959-02-08_groats_grudge.mp3&dl_series=Gunsmoke&dl_title=Groat's Grudge&dl_date=1959.02.08&dl_size=5.77 MB
Gunsmoke,https://radioechoes.com/?page=series&genre=OTR-Western&series=Gunsmoke,Body Snatch,1959.02.15,https://radioechoes.com/?page=play_download&mode=play&dl_mp3folder=G&dl_file=gunsmoke_1959-02-15_body_snatch.mp3&dl_series=Gunsmoke&dl_title=Body Snatch&dl_date=1959.02.15&dl_size=6.2 MB
Gunsmoke,https://radioechoes.com/?page=series&genre=OTR-Western&series=Gunsmoke,The Search,1959.02.22,https://radioechoes.com/?page=play_download&mode=play&dl_mp3folder=G&dl_file=gunsmoke_1959-02-22_the_search.mp3&dl_series=Gunsmoke&dl_title=The Search&dl_date=1959.02.22&dl_size=5.6 MB
Gunsmoke,https://radioechoes.com/?page=series&genre=OTR-Western&series=Gunsmoke,Bit Tom,1959.03.01,https://radioechoes.com/?page=play_download&mode=play&dl_mp3folder=G&dl_file=gunsmoke_1959-03-01_bit_tom.mp3&dl_series=Gunsmoke&dl_title=Bit Tom&dl_date=1959.03.01&dl_size=5.57 MB
Gunsmoke,https://radioechoes.com/?page=series&genre=OTR-Western&series=Gunsmoke,Man Hawkins,1959.03.08,https://radioechoes.com/?page=play_download&mode=play&dl_mp3folder=G&dl_file=gunsmoke_1959-03-08_man_hawkins.mp3&dl_series=Gunsmoke&dl_title=Man Hawkins&dl_date=1959.03.08&dl_size=5.86 MB
Gunsmoke,https://radioechoes.com/?page=series&genre=OTR-Western&series=Gunsmoke,Incident At Indian Ford,1959.03.15,https://radioechoes.com/?page=play_download&mode=play&dl_mp3folder=G&dl_file=gunsmoke_1959-03-15_incident_at_indian_ford.mp3&dl_series=Gunsmoke&dl_title=Incident At Indian Ford&dl_date=1959.03.15&dl_size=5.91 MB
Gunsmoke,https://radioechoes.com/?page=series&genre=OTR-Western&series=Gunsmoke,Trial,1959.03.22,https://radioechoes.com/?page=play_download&mode=play&dl_mp3folder=G&dl_file=gunsmoke_1959-03-22_trial.mp3&dl_series=Gunsmoke&dl_title=Trial&dl_date=1959.03.22&dl_size=5.4 MB
Gunsmoke,https://radioechoes.com/?page=series&genre=OTR-Western&series=Gunsmoke,Laurie's Suitor,1959.03.29,https://radioechoes.com/?page=play_download&mode=play&dl_mp3folder=G&dl_file=gunsmoke_1959-03-29_lauries_suitor.mp3&dl_series=Gunsmoke&dl_title=Laurie's Suitor&dl_date=1959.03.29&dl_size=6.39 MB
Gunsmoke,https://radioechoes.com/?page=series&genre=OTR-Western&series=Gunsmoke,Trapper's Revenge,1959.04.05,https://radioechoes.com/?page=play_download&mode=play&dl_mp3folder=G&dl_file=gunsmoke_1959-04-05_trappers_revenge.mp3&dl_series=Gunsmoke&dl_title=Trapper's Revenge&dl_date=1959.04.05&dl_size=5.74 MB
Gunsmoke,https://radioechoes.com/?page=series&genre=OTR-Western&series=Gunsmoke,Chesters Mistake,1959.04.12,https://radioechoes.com/?page=play_download&mode=play&dl_mp3folder=G&dl_file=gunsmoke_1959-04-12_chesters_mistake.mp3&dl_series=Gunsmoke&dl_title=Chesters Mistake&dl_date=1959.04.12&dl_size=6.92 MB
Gunsmoke,https://radioechoes.com/?page=series&genre=OTR-Western&series=Gunsmoke,Third Son,1959.04.19,https://radioechoes.com/?page=play_download&mode=play&dl_mp3folder=G&dl_file=gunsmoke_1959-04-19_third_son.mp3&dl_series=Gunsmoke&dl_title=Third Son&dl_date=1959.04.19&dl_size=5.49 MB
Gunsmoke,https://radioechoes.com/?page=series&genre=OTR-Western&series=Gunsmoke,The Badge,1959.04.26,https://radioechoes.com/?page=play_download&mode=play&dl_mp3folder=G&dl_file=gunsmoke_1959-04-26_the_badge.mp3&dl_series=Gunsmoke&dl_title=The Badge&dl_date=1959.04.26&dl_size=5.69 MB
Gunsmoke,https://radioechoes.com/?page=series&genre=OTR-Western&series=Gunsmoke,Unwanted Deputy,1959.05.03,https://radioechoes.com/?page=play_download&mode=play&dl_mp3folder=G&dl_file=gunsmoke_1959-05-03_unwanted_deputy.mp3&dl_series=Gunsmoke&dl_title=Unwanted Deputy&dl_date=1959.05.03&dl_size=5.67 MB
Gunsmoke,https://radioechoes.com/?page=series&genre=OTR-Western&series=Gunsmoke,Dowager's Visit,1959.05.10,https://radioechoes.com/?page=play_download&mode=play&dl_mp3folder=G&dl_file=gunsmoke_1959-05-10_dowagers_visit.mp3&dl_series=Gunsmoke&dl_title=Dowager's Visit&dl_date=1959.05.10&dl_size=5.76 MB
Gunsmoke,https://radioechoes.com/?page=series&genre=OTR-Western&series=Gunsmoke,Scared Boy,1959.05.17,https://radioechoes.com/?page=play_download&mode=play&dl_mp3folder=G&dl_file=gunsmoke_1959-05-17_scared_boy.mp3&dl_series=Gunsmoke&dl_title=Scared Boy&dl_date=1959.05.17&dl_size=5.51 MB
Gunsmoke,https://radioechoes.com/?page=series&genre=OTR-Western&series=Gunsmoke,Wagon Show,1959.05.24,https://radioechoes.com/?page=play_download&mode=play&dl_mp3folder=G&dl_file=gunsmoke_1959-05-24_wagon_show.mp3&dl_series=Gunsmoke&dl_title=Wagon Show&dl_date=1959.05.24&dl_size=5.97 MB
Gunsmoke,https://radioechoes.com/?page=series&genre=OTR-Western&series=Gunsmoke,The Deserter,1959.05.31,https://radioechoes.com/?page=play_download&mode=play&dl_mp3folder=G&dl_file=gunsmoke_1959-05-31_the_deserter.mp3&dl_series=Gunsmoke&dl_title=The Deserter&dl_date=1959.05.31&dl_size=6.06 MB
Gunsmoke,https://radioechoes.com/?page=series&genre=OTR-Western&series=Gunsmoke,Docs Indians,1959.06.07,https://radioechoes.com/?page=play_download&mode=play&dl_mp3folder=G&dl_file=gunsmoke_1959-06-07_docs_indians.mp3&dl_series=Gunsmoke&dl_title=Docs Indians&dl_date=1959.06.07&dl_size=6.23 MB
Gunsmoke,https://radioechoes.com/?page=series&genre=OTR-Western&series=Gunsmoke,Kittys Kidnap,1959.06.14,https://radioechoes.com/?page=play_download&mode=play&dl_mp3folder=G&dl_file=gunsmoke_1959-06-14_kittys_kidnap.mp3&dl_series=Gunsmoke&dl_title=Kittys Kidnap&dl_date=1959.06.14&dl_size=6.74 MB
Gunsmoke,https://radioechoes.com/?page=series&genre=OTR-Western&series=Gunsmoke,Carmen,1959.06.21,https://radioechoes.com/?page=play_download&mode=play&dl_mp3folder=G&dl_file=gunsmoke_1959-06-21_carmen.mp3&dl_series=Gunsmoke&dl_title=Carmen&dl_date=1959.06.21&dl_size=5.47 MB
Gunsmoke,https://radioechoes.com/?page=series&genre=OTR-Western&series=Gunsmoke,Jailbait Janet,1959.06.28,https://radioechoes.com/?page=play_download&mode=play&dl_mp3folder=G&dl_file=gunsmoke_1959-06-28_jailbait_janet.mp3&dl_series=Gunsmoke&dl_title=Jailbait Janet&dl_date=1959.06.28&dl_size=6.52 MB
Gunsmoke,https://radioechoes.com/?page=series&genre=OTR-Western&series=Gunsmoke,Emmas Departure,1959.07.05,https://radioechoes.com/?page=play_download&mode=play&dl_mp3folder=G&dl_file=gunsmoke_1959-07-05_emmas_departure.mp3&dl_series=Gunsmoke&dl_title=Emmas Departure&dl_date=1959.07.05&dl_size=6.69 MB
Gunsmoke,https://radioechoes.com/?page=series&genre=OTR-Western&series=Gunsmoke,Friends Pay Off,1959.07.12,https://radioechoes.com/?page=play_download&mode=play&dl_mp3folder=G&dl_file=gunsmoke_1959-07-12_friends_pay_off.mp3&dl_series=Gunsmoke&dl_title=Friends Pay Off&dl_date=1959.07.12&dl_size=5.9 MB
Gunsmoke,https://radioechoes.com/?page=series&genre=OTR-Western&series=Gunsmoke,Second Arrest,1959.07.19,https://radioechoes.com/?page=play_download&mode=play&dl_mp3folder=G&dl_file=gunsmoke_1959-07-19_second_arrest.mp3&dl_series=Gunsmoke&dl_title=Second Arrest&dl_date=1959.07.19&dl_size=5.38 MB
Gunsmoke,https://radioechoes.com/?page=series&genre=OTR-Western&series=Gunsmoke,Old Beller,1959.07.26,https://radioechoes.com/?page=play_download&mode=play&dl_mp3folder=G&dl_file=gunsmoke_1959-07-26_old_beller.mp3&dl_series=Gunsmoke&dl_title=Old Beller&dl_date=1959.07.26&dl_size=5.52 MB
Gunsmoke,https://radioechoes.com/?page=series&genre=OTR-Western&series=Gunsmoke,Ball Nine Take Your Base,1959.08.02,https://radioechoes.com/?page=play_download&mode=play&dl_mp3folder=G&dl_file=gunsmoke_1959-08-02_ball_nine_take_your_base.mp3&dl_series=Gunsmoke&dl_title=Ball Nine Take Your Base&dl_date=1959.08.02&dl_size=6.46 MB
Gunsmoke,https://radioechoes.com/?page=series&genre=OTR-Western&series=Gunsmoke,Mavis Mccloud,1959.08.09,https://radioechoes.com/?page=play_download&mode=play&dl_mp3folder=G&dl_file=gunsmoke_1959-08-09_mavis_mccloud.mp3&dl_series=Gunsmoke&dl_title=Mavis Mccloud&dl_date=1959.08.09&dl_size=5.6 MB
Gunsmoke,https://radioechoes.com/?page=series&genre=OTR-Western&series=Gunsmoke,Pokey Pete,1959.08.16,https://radioechoes.com/?page=play_download&mode=play&dl_mp3folder=G&dl_file=gunsmoke_1959-08-16_pokey_pete.mp3&dl_series=Gunsmoke&dl_title=Pokey Pete&dl_date=1959.08.16&dl_size=6.89 MB
Gunsmoke,https://radioechoes.com/?page=series&genre=OTR-Western&series=Gunsmoke,Reed Survives,1959.08.23,https://radioechoes.com/?page=play_download&mode=play&dl_mp3folder=G&dl_file=gunsmoke_1959-08-23_reed_survives.mp3&dl_series=Gunsmoke&dl_title=Reed Survives&dl_date=1959.08.23&dl_size=6.37 MB
Gunsmoke,https://radioechoes.com/?page=series&genre=OTR-Western&series=Gunsmoke,Shooting Stopover,1959.08.30,https://radioechoes.com/?page=play_download&mode=play&dl_mp3folder=G&dl_file=gunsmoke_1959-08-30_shooting_stopover.mp3&dl_series=Gunsmoke&dl_title=Shooting Stopover&dl_date=1959.08.30&dl_size=5.85 MB
Gunsmoke,https://radioechoes.com/?page=series&genre=OTR-Western&series=Gunsmoke,Matt's Decision,1959.09.06,https://radioechoes.com/?page=play_download&mode=play&dl_mp3folder=G&dl_file=gunsmoke_1959-09-06_matts_decision.mp3&dl_series=Gunsmoke&dl_title=Matt's Decision&dl_date=1959.09.06&dl_size=5.76 MB
Gunsmoke,https://radioechoes.com/?page=series&genre=OTR-Western&series=Gunsmoke,Johnny Red,1959.09.13,https://radioechoes.com/?page=play_download&mode=play&dl_mp3folder=G&dl_file=gunsmoke_1959-09-13_johnny_red.mp3&dl_series=Gunsmoke&dl_title=Johnny Red&dl_date=1959.09.13&dl_size=6.32 MB
Gunsmoke,https://radioechoes.com/?page=series&genre=OTR-Western&series=Gunsmoke,Gentlemen's Disagreement,1959.09.20,https://radioechoes.com/?page=play_download&mode=play&dl_mp3folder=G&dl_file=gunsmoke_1959-09-20_gentlemens_disagreement.mp3&dl_series=Gunsmoke&dl_title=Gentlemen's Disagreement&dl_date=1959.09.20&dl_size=5.65 MB
Gunsmoke,https://radioechoes.com/?page=series&genre=OTR-Western&series=Gunsmoke,Personal Justice,1959.09.27,https://radioechoes.com/?page=play_download&mode=play&dl_mp3folder=G&dl_file=gunsmoke_1959-09-27_personal_justice.mp3&dl_series=Gunsmoke&dl_title=Personal Justice&dl_date=1959.09.27&dl_size=5.89 MB
Gunsmoke,https://radioechoes.com/?page=series&genre=OTR-Western&series=Gunsmoke,Hinkado,1959.10.04,https://radioechoes.com/?page=play_download&mode=play&dl_mp3folder=G&dl_file=gunsmoke_1959-10-04_hinkado.mp3&dl_series=Gunsmoke&dl_title=Hinkado&dl_date=1959.10.04&dl_size=5.45 MB
Gunsmoke,https://radioechoes.com/?page=series&genre=OTR-Western&series=Gunsmoke,Kitty's Quandary,1959.10.11,https://radioechoes.com/?page=play_download&mode=play&dl_mp3folder=G&dl_file=gunsmoke_1959-10-11_kittys_quandary.mp3&dl_series=Gunsmoke&dl_title=Kitty's Quandary&dl_date=1959.10.11&dl_size=6.74 MB
Gunsmoke,https://radioechoes.com/?page=series&genre=OTR-Western&series=Gunsmoke,Mortgage,1959.10.18,https://radioechoes.com/?page=play_download&mode=play&dl_mp3folder=G&dl_file=gunsmoke_1959-10-18_mortgage.mp3&dl_series=Gunsmoke&dl_title=Mortgage&dl_date=1959.10.18&dl_size=5.81 MB
Gunsmoke,https://radioechoes.com/?page=series&genre=OTR-Western&series=Gunsmoke,Old Gunfighter,1959.10.25,https://radioechoes.com/?page=play_download&mode=play&dl_mp3folder=G&dl_file=gunsmoke_1959-10-25_old_gunfighter.mp3&dl_series=Gunsmoke&dl_title=Old Gunfighter&dl_date=1959.10.25&dl_size=6.12 MB
Gunsmoke,https://radioechoes.com/?page=series&genre=OTR-Western&series=Gunsmoke,Westbound,1959.11.01,https://radioechoes.com/?page=play_download&mode=play&dl_mp3folder=G&dl_file=gunsmoke_1959-11-01_westbound.mp3&dl_series=Gunsmoke&dl_title=Westbound&dl_date=1959.11.01&dl_size=6.21 MB
Gunsmoke,https://radioechoes.com/?page=series&genre=OTR-Western&series=Gunsmoke,Cavalcade,1959.11.08,https://radioechoes.com/?page=play_download&mode=play&dl_mp3folder=G&dl_file=gunsmoke_1959-11-08_cavalcade.mp3&dl_series=Gunsmoke&dl_title=Cavalcade&dl_date=1959.11.08&dl_size=6.11 MB
Gunsmoke,https://radioechoes.com/?page=series&genre=OTR-Western&series=Gunsmoke,Square Triangle,1959.11.15,https://radioechoes.com/?page=play_download&mode=play&dl_mp3folder=G&dl_file=gunsmoke_1959-11-15_square_triangle.mp3&dl_series=Gunsmoke&dl_title=Square Triangle&dl_date=1959.11.15&dl_size=5.53 MB
Gunsmoke,https://radioechoes.com/?page=series&genre=OTR-Western&series=Gunsmoke,Paid Killer,1959.11.22,https://radioechoes.com/?page=play_download&mode=play&dl_mp3folder=G&dl_file=gunsmoke_1959-11-22_paid_killer.mp3&dl_series=Gunsmoke&dl_title=Paid Killer&dl_date=1959.11.22&dl_size=5.45 MB
Gunsmoke,https://radioechoes.com/?page=series&genre=OTR-Western&series=Gunsmoke,Hard Lesson,1959.11.29,https://radioechoes.com/?page=play_download&mode=play&dl_mp3folder=G&dl_file=gunsmoke_1959-11-29_hard_lesson.mp3&dl_series=Gunsmoke&dl_title=Hard Lesson&dl_date=1959.11.29&dl_size=5.98 MB
Gunsmoke,https://radioechoes.com/?page=series&genre=OTR-Western&series=Gunsmoke,Big Chugg Wilson,1959.12.06,https://radioechoes.com/?page=play_download&mode=play&dl_mp3folder=G&dl_file=gunsmoke_1959-12-06_big_chugg_wilson.mp3&dl_series=Gunsmoke&dl_title=Big Chugg Wilson&dl_date=1959.12.06&dl_size=6.2 MB
Gunsmoke,https://radioechoes.com/?page=series&genre=OTR-Western&series=Gunsmoke,Don Mateo,1959.12.13,https://radioechoes.com/?page=play_download&mode=play&dl_mp3folder=G&dl_file=gunsmoke_1959-12-13_don_mateo.mp3&dl_series=Gunsmoke&dl_title=Don Mateo&dl_date=1959.12.13&dl_size=5.93 MB
Gunsmoke,https://radioechoes.com/?page=series&genre=OTR-Western&series=Gunsmoke,Beeker's Barn,1959.12.20,https://radioechoes.com/?page=play_download&mode=play&dl_mp3folder=G&dl_file=gunsmoke_1959-12-20_beekers_barn.mp3&dl_series=Gunsmoke&dl_title=Beeker's Barn&dl_date=1959.12.20&dl_size=5.69 MB
Gunsmoke,https://radioechoes.com/?page=series&genre=OTR-Western&series=Gunsmoke,Pucket's New Year,1959.12.27,https://radioechoes.com/?page=play_download&mode=play&dl_mp3folder=G&dl_file=gunsmoke_1959-12-27_puckets_new_year.mp3&dl_series=Gunsmoke&dl_title=Pucket's New Year&dl_date=1959.12.27&dl_size=5.35 MB
Gunsmoke,https://radioechoes.com/?page=series&genre=OTR-Western&series=Gunsmoke,Trojan War,1960.01.03,https://radioechoes.com/?page=play_download&mode=play&dl_mp3folder=G&dl_file=gunsmoke_1960-01-03_trojan_war.mp3&dl_series=Gunsmoke&dl_title=Trojan War&dl_date=1960.01.03&dl_size=5.57 MB
Gunsmoke,https://radioechoes.com/?page=series&genre=OTR-Western&series=Gunsmoke,Luke's Law,1960.01.10,https://radioechoes.com/?page=play_download&mode=play&dl_mp3folder=G&dl_file=gunsmoke_1960-01-10_lukes_law.mp3&dl_series=Gunsmoke&dl_title=Luke's Law&dl_date=1960.01.10&dl_size=5.67 MB
Gunsmoke,https://radioechoes.com/?page=series&genre=OTR-Western&series=Gunsmoke,Firery Arrest,1960.01.17,https://radioechoes.com/?page=play_download&mode=play&dl_mp3folder=G&dl_file=gunsmoke_1960-01-17_firery_arrest.mp3&dl_series=Gunsmoke&dl_title=Firery Arrest&dl_date=1960.01.17&dl_size=5.74 MB
Gunsmoke,https://radioechoes.com/?page=series&genre=OTR-Western&series=Gunsmoke,Bless Me Till I Die,1960.01.24,https://radioechoes.com/?page=play_download&mode=play&dl_mp3folder=G&dl_file=gunsmoke_1960-01-24_bless_me_till_i_die.mp3&dl_series=Gunsmoke&dl_title=Bless Me Till I Die&dl_date=1960.01.24&dl_size=7.36 MB
Gunsmoke,https://radioechoes.com/?page=series&genre=OTR-Western&series=Gunsmoke,Chester's Dilema,1960.01.30,https://radioechoes.com/?page=play_download&mode=play&dl_mp3folder=G&dl_file=gunsmoke_1960-01-30_chesters_dilema.mp3&dl_series=Gunsmoke&dl_title=Chester's Dilema&dl_date=1960.01.30&dl_size=5.91 MB
Gunsmoke,https://radioechoes.com/?page=series&genre=OTR-Western&series=Gunsmoke,Delia's Father,1960.02.07,https://radioechoes.com/?page=play_download&mode=play&dl_mp3folder=G&dl_file=gunsmoke_1960-02-07_delias_father.mp3&dl_series=Gunsmoke&dl_title=Delia's Father&dl_date=1960.02.07&dl_size=5.57 MB
Gunsmoke,https://radioechoes.com/?page=series&genre=OTR-Western&series=Gunsmoke,Distant Drummer,1960.02.14,https://radioechoes.com/?page=play_download&mode=play&dl_mp3folder=G&dl_file=gunsmoke_1960-02-14_distant_drummer.mp3&dl_series=Gunsmoke&dl_title=Distant Drummer&dl_date=1960.02.14&dl_size=6.23 MB
Gunsmoke,https://radioechoes.com/?page=series&genre=OTR-Western&series=Gunsmoke,Mr And Mrs Amber,1960.02.21,https://radioechoes.com/?page=play_download&mode=play&dl_mp3folder=G&dl_file=gunsmoke_1960-02-21_mr_and_mrs_amber.mp3&dl_series=Gunsmoke&dl_title=Mr And Mrs Amber&dl_date=1960.02.21&dl_size=5.21 MB
Gunsmoke,https://radioechoes.com/?page=series&genre=OTR-Western&series=Gunsmoke,Prescribed Killing,1960.02.28,https://radioechoes.com/?page=play_download&mode=play&dl_mp3folder=G&dl_file=gunsmoke_1960-02-28_prescribed_killing.mp3&dl_series=Gunsmoke&dl_title=Prescribed Killing&dl_date=1960.02.28&dl_size=6.76 MB
Gunsmoke,https://radioechoes.com/?page=series&genre=OTR-Western&series=Gunsmoke,Blood Money,1960.03.06,https://radioechoes.com/?page=play_download&mode=play&dl_mp3folder=G&dl_file=gunsmoke_1960-03-06_blood_money.mp3&dl_series=Gunsmoke&dl_title=Blood Money&dl_date=1960.03.06&dl_size=5.12 MB
Gunsmoke,https://radioechoes.com/?page=series&genre=OTR-Western&series=Gunsmoke,Unloaded Gun,1960.03.13,https://radioechoes.com/?page=play_download&mode=play&dl_mp3folder=G&dl_file=gunsmoke_1960-03-13_unloaded_gun.mp3&dl_series=Gunsmoke&dl_title=Unloaded Gun&dl_date=1960.03.13&dl_size=5.62 MB
Gunsmoke,https://radioechoes.com/?page=series&genre=OTR-Western&series=Gunsmoke,The Constable,1960.03.20,https://radioechoes.com/?page=play_download&mode=play&dl_mp3folder=G&dl_file=gunsmoke_1960-03-20_the_constable.mp3&dl_series=Gunsmoke&dl_title=The Constable&dl_date=1960.03.20&dl_size=5.14 MB
Gunsmoke,https://radioechoes.com/?page=series&genre=OTR-Western&series=Gunsmoke,Indian Baby,1960.03.27,https://radioechoes.com/?page=play_download&mode=play&dl_mp3folder=G&dl_file=gunsmoke_1960-03-27_indian_baby.mp3&dl_series=Gunsmoke&dl_title=Indian Baby&dl_date=1960.03.27&dl_size=5.79 MB
Gunsmoke,https://radioechoes.com/?page=series&genre=OTR-Western&series=Gunsmoke,Greater Love,1960.04.03,https://radioechoes.com/?page=play_download&mode=play&dl_mp3folder=G&dl_file=gunsmoke_1960-04-03_greater_love.mp3&dl_series=Gunsmoke&dl_title=Greater Love&dl_date=1960.04.03&dl_size=5.75 MB
Gunsmoke,https://radioechoes.com/?page=series&genre=OTR-Western&series=Gunsmoke,Dave's Lesson,1960.04.10,https://radioechoes.com/?page=play_download&mode=play&dl_mp3folder=G&dl_file=gunsmoke_1960-04-10_daves_lesson.mp3&dl_series=Gunsmoke&dl_title=Dave's Lesson&dl_date=1960.04.10&dl_size=5.71 MB
Gunsmoke,https://radioechoes.com/?page=series&genre=OTR-Western&series=Gunsmoke,Soloman River,1960.04.17,https://radioechoes.com/?page=play_download&mode=play&dl_mp3folder=G&dl_file=gunsmoke_1960-04-17_soloman_river.mp3&dl_series=Gunsmoke&dl_title=Soloman River&dl_date=1960.04.17&dl_size=6.76 MB
Gunsmoke,https://radioechoes.com/?page=series&genre=OTR-Western&series=Gunsmoke,Stage Snatch,1960.04.24,https://radioechoes.com/?page=play_download&mode=play&dl_mp3folder=G&dl_file=gunsmoke_1960-04-24_stage_snatch.mp3&dl_series=Gunsmoke&dl_title=Stage Snatch&dl_date=1960.04.24&dl_size=6.08 MB
Gunsmoke,https://radioechoes.com/?page=series&genre=OTR-Western&series=Gunsmoke,Nettie Sitton,1960.05.01,https://radioechoes.com/?page=play_download&mode=play&dl_mp3folder=G&dl_file=gunsmoke_1960-05-01_nettie_sitton.mp3&dl_series=Gunsmoke&dl_title=Nettie Sitton&dl_date=1960.05.01&dl_size=5.91 MB
Gunsmoke,https://radioechoes.com/?page=series&genre=OTR-Western&series=Gunsmoke,Wrong Man,1960.05.08,https://radioechoes.com/?page=play_download&mode=play&dl_mp3folder=G&dl_file=gunsmoke_1960-05-08_wrong_man.mp3&dl_series=Gunsmoke&dl_title=Wrong Man&dl_date=1960.05.08&dl_size=5.87 MB
Gunsmoke,https://radioechoes.com/?page=series&genre=OTR-Western&series=Gunsmoke,Tall Trapper,1960.05.15,https://radioechoes.com/?page=play_download&mode=play&dl_mp3folder=G&dl_file=gunsmoke_1960-05-15_tall_trapper.mp3&dl_series=Gunsmoke&dl_title=Tall Trapper&dl_date=1960.05.15&dl_size=5.84 MB
Gunsmoke,https://radioechoes.com/?page=series&genre=OTR-Western&series=Gunsmoke,Marryin' Bertha,1960.05.22,https://radioechoes.com/?page=play_download&mode=play&dl_mp3folder=G&dl_file=gunsmoke_1960-05-22_marryin_bertha.mp3&dl_series=Gunsmoke&dl_title=Marryin' Bertha&dl_date=1960.05.22&dl_size=5.71 MB
Gunsmoke,https://radioechoes.com/?page=series&genre=OTR-Western&series=Gunsmoke,Bad Seed,1960.05.29,https://radioechoes.com/?page=play_download&mode=play&dl_mp3folder=G&dl_file=gunsmoke_1960-05-29_bad_seed.mp3&dl_series=Gunsmoke&dl_title=Bad Seed&dl_date=1960.05.29&dl_size=6.49 MB
Gunsmoke,https://radioechoes.com/?page=series&genre=OTR-Western&series=Gunsmoke,Fabulous Silver Extender,1960.06.05,https://radioechoes.com/?page=play_download&mode=play&dl_mp3folder=G&dl_file=gunsmoke_1960-06-05_fabulous_silver_extender.mp3&dl_series=Gunsmoke&dl_title=Fabulous Silver Extender&dl_date=1960.06.05&dl_size=6.66 MB
Gunsmoke,https://radioechoes.com/?page=series&genre=OTR-Western&series=Gunsmoke,Kitty Accused,1960.06.12,https://radioechoes.com/?page=play_download&mode=play&dl_mp3folder=G&dl_file=gunsmoke_1960-06-12_kitty_accused.mp3&dl_series=Gunsmoke&dl_title=Kitty Accused&dl_date=1960.06.12&dl_size=6.94 MB
Gunsmoke,https://radioechoes.com/?page=series&genre=OTR-Western&series=Gunsmoke,Homely Girl AFRTS,1960.06.19,https://radioechoes.com/?page=play_download&mode=play&dl_mp3folder=G&dl_file=gunsmoke_1960-06-19_homely_girl_afrts.mp3&dl_series=Gunsmoke&dl_title=Homely Girl AFRTS&dl_date=1960.06.19&dl_size=5.71 MB
Gunsmoke,https://radioechoes.com/?page=series&genre=OTR-Western&series=Gunsmoke,Line Trouble,1960.06.26,https://radioechoes.com/?page=play_download&mode=play&dl_mp3folder=G&dl_file=gunsmoke_1960-06-26_line_trouble.mp3&dl_series=Gunsmoke&dl_title=Line Trouble&dl_date=1960.06.26&dl_size=5.11 MB
Gunsmoke,https://radioechoes.com/?page=series&genre=OTR-Western&series=Gunsmoke,Little Girl,1960.07.03,https://radioechoes.com/?page=play_download&mode=play&dl_mp3folder=G&dl_file=gunsmoke_1960-07-03_little_girl.mp3&dl_series=Gunsmoke&dl_title=Little Girl&dl_date=1960.07.03&dl_size=5.53 MB
Gunsmoke,https://radioechoes.com/?page=series&genre=OTR-Western&series=Gunsmoke,Reluctant Violence,1960.07.10,https://radioechoes.com/?page=play_download&mode=play&dl_mp3folder=G&dl_file=gunsmoke_1960-07-10_reluctant_violence.mp3&dl_series=Gunsmoke&dl_title=Reluctant Violence&dl_date=1960.07.10&dl_size=5.99 MB
Gunsmoke,https://radioechoes.com/?page=series&genre=OTR-Western&series=Gunsmoke,Busted Up Guns,1960.07.17,https://radioechoes.com/?page=play_download&mode=play&dl_mp3folder=G&dl_file=gunsmoke_1960-07-17_busted_up_guns.mp3&dl_series=Gunsmoke&dl_title=Busted Up Guns&dl_date=1960.07.17&dl_size=5.3 MB
Gunsmoke,https://radioechoes.com/?page=series&genre=OTR-Western&series=Gunsmoke,The Imposter,1960.07.24,https://radioechoes.com/?page=play_download&mode=play&dl_mp3folder=G&dl_file=gunsmoke_1960-07-24_the_imposter.mp3&dl_series=Gunsmoke&dl_title=The Imposter&dl_date=1960.07.24&dl_size=5.46 MB
Gunsmoke,https://radioechoes.com/?page=series&genre=OTR-Western&series=Gunsmoke,Stage Smash,1960.07.31,https://radioechoes.com/?page=play_download&mode=play&dl_mp3folder=G&dl_file=gunsmoke_1960-07-31_stage_smash.mp3&dl_series=Gunsmoke&dl_title=Stage Smash&dl_date=1960.07.31&dl_size=5.74 MB
Gunsmoke,https://radioechoes.com/?page=series&genre=OTR-Western&series=Gunsmoke,Old Fool,1960.08.07,https://radioechoes.com/?page=play_download&mode=play&dl_mp3folder=G&dl_file=gunsmoke_1960-08-07_old_fool.mp3&dl_series=Gunsmoke&dl_title=Old Fool&dl_date=1960.08.07&dl_size=5.62 MB
Gunsmoke,https://radioechoes.com/?page=series&genre=OTR-Western&series=Gunsmoke,The Noose,1960.08.14,https://radioechoes.com/?page=play_download&mode=play&dl_mp3folder=G&dl_file=gunsmoke_1960-08-14_the_noose.mp3&dl_series=Gunsmoke&dl_title=The Noose&dl_date=1960.08.14&dl_size=5.43 MB
Gunsmoke,https://radioechoes.com/?page=series&genre=OTR-Western&series=Gunsmoke,Dangerous Bath,1960.08.21,https://radioechoes.com/?page=play_download&mode=play&dl_mp3folder=G&dl_file=gunsmoke_1960-08-21_dangerous_bath.mp3&dl_series=Gunsmoke&dl_title=Dangerous Bath&dl_date=1960.08.21&dl_size=5.8 MB
Gunsmoke,https://radioechoes.com/?page=series&genre=OTR-Western&series=Gunsmoke,Tumbleweed,1960.08.28,https://radioechoes.com/?page=play_download&mode=play&dl_mp3folder=G&dl_file=gunsmoke_1960-08-28_tumbleweed.mp3&dl_series=Gunsmoke&dl_title=Tumbleweed&dl_date=1960.08.28&dl_size=5.53 MB
Gunsmoke,https://radioechoes.com/?page=series&genre=OTR-Western&series=Gunsmoke,Peace Officer,1960.09.04,https://radioechoes.com/?page=play_download&mode=play&dl_mp3folder=G&dl_file=gunsmoke_1960-09-04_peace_officer.mp3&dl_series=Gunsmoke&dl_title=Peace Officer&dl_date=1960.09.04&dl_size=5.67 MB
Gunsmoke,https://radioechoes.com/?page=series&genre=OTR-Western&series=Gunsmoke,About Chester,1960.09.11,https://radioechoes.com/?page=play_download&mode=play&dl_mp3folder=G&dl_file=gunsmoke_1960-09-11_about_chester.mp3&dl_series=Gunsmoke&dl_title=About Chester&dl_date=1960.09.11&dl_size=5.57 MB
Gunsmoke,https://radioechoes.com/?page=series&genre=OTR-Western&series=Gunsmoke,Two Mothers,1960.09.18,https://radioechoes.com/?page=play_download&mode=play&dl_mp3folder=G&dl_file=gunsmoke_1960-09-18_two_mothers.mp3&dl_series=Gunsmoke&dl_title=Two Mothers&dl_date=1960.09.18&dl_size=6.64 MB
Gunsmoke,https://radioechoes.com/?page=series&genre=OTR-Western&series=Gunsmoke,Doc Judge,1960.09.25,https://radioechoes.com/?page=play_download&mode=play&dl_mp3folder=G&dl_file=gunsmoke_1960-09-25_doc_judge.mp3&dl_series=Gunsmoke&dl_title=Doc Judge&dl_date=1960.09.25&dl_size=5.51 MB
Gunsmoke,https://radioechoes.com/?page=series&genre=OTR-Western&series=Gunsmoke,The Big Itch,1960.10.02,https://radioechoes.com/?page=play_download&mode=play&dl_mp3folder=G&dl_file=gunsmoke_1960-10-02_the_big_itch.mp3&dl_series=Gunsmoke&dl_title=The Big Itch&dl_date=1960.10.02&dl_size=5.55 MB
Gunsmoke,https://radioechoes.com/?page=series&genre=OTR-Western&series=Gunsmoke,Born To Hang,1960.10.09,https://radioechoes.com/?page=play_download&mode=play&dl_mp3folder=G&dl_file=gunsmoke_1960-10-09_born_to_hang.mp3&dl_series=Gunsmoke&dl_title=Born To Hang&dl_date=1960.10.09&dl_size=5.84 MB
Gunsmoke,https://radioechoes.com/?page=series&genre=OTR-Western&series=Gunsmoke,Crack-Up,1960.10.16,https://radioechoes.com/?page=play_download&mode=play&dl_mp3folder=G&dl_file=gunsmoke_1960-10-16_crack-up.mp3&dl_series=Gunsmoke&dl_title=Crack-Up&dl_date=1960.10.16&dl_size=6.13 MB
Gunsmoke,https://radioechoes.com/?page=series&genre=OTR-Western&series=Gunsmoke,Newsmaam,1960.10.23,https://radioechoes.com/?page=play_download&mode=play&dl_mp3folder=G&dl_file=gunsmoke_1960-10-23_newsmaam.mp3&dl_series=Gunsmoke&dl_title=Newsmaam&dl_date=1960.10.23&dl_size=6.72 MB
Gunsmoke,https://radioechoes.com/?page=series&genre=OTR-Western&series=Gunsmoke,Never Pester Lester,1960.10.30,https://radioechoes.com/?page=play_download&mode=play&dl_mp3folder=G&dl_file=gunsmoke_1960-10-30_never_pester_lester.mp3&dl_series=Gunsmoke&dl_title=Never Pester Lester&dl_date=1960.10.30&dl_size=6.44 MB
Gunsmoke,https://radioechoes.com/?page=series&genre=OTR-Western&series=Gunsmoke,Jedro's Woman,1960.11.06,https://radioechoes.com/?page=play_download&mode=play&dl_mp3folder=G&dl_file=gunsmoke_1960-11-06_jedros_woman.mp3&dl_series=Gunsmoke&dl_title=Jedro's Woman&dl_date=1960.11.06&dl_size=5.6 MB
Gunsmoke,https://radioechoes.com/?page=series&genre=OTR-Western&series=Gunsmoke,The Big Con,1960.11.13,https://radioechoes.com/?page=play_download&mode=play&dl_mp3folder=G&dl_file=gunsmoke_1960-11-13_the_big_con.mp3&dl_series=Gunsmoke&dl_title=The Big Con&dl_date=1960.11.13&dl_size=6.15 MB
Gunsmoke,https://radioechoes.com/?page=series&genre=OTR-Western&series=Gunsmoke,The Professor,1960.11.20,https://radioechoes.com/?page=play_download&mode=play&dl_mp3folder=G&dl_file=gunsmoke_1960-11-20_the_professor.mp3&dl_series=Gunsmoke&dl_title=The Professor&dl_date=1960.11.20&dl_size=6.85 MB
Gunsmoke,https://radioechoes.com/?page=series&genre=OTR-Western&series=Gunsmoke,Dirt,1960.11.27,https://radioechoes.com/?page=play_download&mode=play&dl_mp3folder=G&dl_file=gunsmoke_1960-11-27_dirt.mp3&dl_series=Gunsmoke&dl_title=Dirt&dl_date=1960.11.27&dl_size=6.23 MB
Gunsmoke,https://radioechoes.com/?page=series&genre=OTR-Western&series=Gunsmoke,Kitty's Good Neighboring,1960.12.04,https://radioechoes.com/?page=play_download&mode=play&dl_mp3folder=G&dl_file=gunsmoke_1960-12-04_kittys_good_neighboring.mp3&dl_series=Gunsmoke&dl_title=Kitty's Good Neighboring&dl_date=1960.12.04&dl_size=5.54 MB
Gunsmoke,https://radioechoes.com/?page=series&genre=OTR-Western&series=Gunsmoke,The Cook,1960.12.11,https://radioechoes.com/?page=play_download&mode=play&dl_mp3folder=G&dl_file=gunsmoke_1960-12-11_the_cook.mp3&dl_series=Gunsmoke&dl_title=The Cook&dl_date=1960.12.11&dl_size=5.52 MB
Gunsmoke,https://radioechoes.com/?page=series&genre=OTR-Western&series=Gunsmoke,Hero's Departure,1960.12.18,https://radioechoes.com/?page=play_download&mode=play&dl_mp3folder=G&dl_file=gunsmoke_1960-12-18_heros_departure.mp3&dl_series=Gunsmoke&dl_title=Hero's Departure&dl_date=1960.12.18&dl_size=5.25 MB
Gunsmoke,https://radioechoes.com/?page=series&genre=OTR-Western&series=Gunsmoke,Minnie,1960.12.25,https://radioechoes.com/?page=play_download&mode=play&dl_mp3folder=G&dl_file=gunsmoke_1960-12-25_minnie.mp3&dl_series=Gunsmoke&dl_title=Minnie&dl_date=1960.12.25&dl_size=4.43 MB
Gunsmoke,https://radioechoes.com/?page=series&genre=OTR-Western&series=Gunsmoke,Sprint Term,1961.01.01,https://radioechoes.com/?page=play_download&mode=play&dl_mp3folder=G&dl_file=gunsmoke_1961-01-01_sprint_term.mp3&dl_series=Gunsmoke&dl_title=Sprint Term&dl_date=1961.01.01&dl_size=5.05 MB
Gunsmoke,https://radioechoes.com/?page=series&genre=OTR-Western&series=Gunsmoke,Old Faces,1961.01.08,https://radioechoes.com/?page=play_download&mode=play&dl_mp3folder=G&dl_file=gunsmoke_1961-01-08_old_faces.mp3&dl_series=Gunsmoke&dl_title=Old Faces&dl_date=1961.01.08&dl_size=5.38 MB
Gunsmoke,https://radioechoes.com/?page=series&genre=OTR-Western&series=Gunsmoke,The Wake,1961.01.15,https://radioechoes.com/?page=play_download&mode=play&dl_mp3folder=G&dl_file=gunsmoke_1961-01-15_the_wake.mp3&dl_series=Gunsmoke&dl_title=The Wake&dl_date=1961.01.15&dl_size=5.61 MB
Gunsmoke,https://radioechoes.com/?page=series&genre=OTR-Western&series=Gunsmoke,Hard Virture,1961.01.22,https://radioechoes.com/?page=play_download&mode=play&dl_mp3folder=G&dl_file=gunsmoke_1961-01-22_hard_virture.mp3&dl_series=Gunsmoke&dl_title=Hard Virture&dl_date=1961.01.22&dl_size=5.59 MB
Gunsmoke,https://radioechoes.com/?page=series&genre=OTR-Western&series=Gunsmoke,Harriet,1961.01.29,https://radioechoes.com/?page=play_download&mode=play&dl_mp3folder=G&dl_file=gunsmoke_1961-01-29_harriet.mp3&dl_series=Gunsmoke&dl_title=Harriet&dl_date=1961.01.29&dl_size=5.16 MB
Gunsmoke,https://radioechoes.com/?page=series&genre=OTR-Western&series=Gunsmoke,Love Of Money,1961.02.05,https://radioechoes.com/?page=play_download&mode=play&dl_mp3folder=G&dl_file=gunsmoke_1961-02-05_love_of_money.mp3&dl_series=Gunsmoke&dl_title=Love Of Money&dl_date=1961.02.05&dl_size=5.34 MB
Gunsmoke,https://radioechoes.com/?page=series&genre=OTR-Western&series=Gunsmoke,Daddy-O,1961.02.12,https://radioechoes.com/?page=play_download&mode=play&dl_mp3folder=G&dl_file=gunsmoke_1961-02-12_daddy-o.mp3&dl_series=Gunsmoke&dl_title=Daddy-O&dl_date=1961.02.12&dl_size=5.61 MB
Gunsmoke,https://radioechoes.com/?page=series&genre=OTR-Western&series=Gunsmoke,Kitty Love,1961.02.19,https://radioechoes.com/?page=play_download&mode=play&dl_mp3folder=G&dl_file=gunsmoke_1961-02-19_kitty_love.mp3&dl_series=Gunsmoke&dl_title=Kitty Love&dl_date=1961.02.19&dl_size=4.82 MB
Gunsmoke,https://radioechoes.com/?page=series&genre=OTR-Western&series=Gunsmoke,Joe Sleet,1961.02.26,https://radioechoes.com/?page=play_download&mode=play&dl_mp3folder=G&dl_file=gunsmoke_1961-02-26_joe_sleet.mp3&dl_series=Gunsmoke&dl_title=Joe Sleet&dl_date=1961.02.26&dl_size=5.45 MB
Gunsmoke,https://radioechoes.com/?page=series&genre=OTR-Western&series=Gunsmoke,Melinda Miles,1961.03.05,https://radioechoes.com/?page=play_download&mode=play&dl_mp3folder=G&dl_file=gunsmoke_1961-03-05_melinda_miles.mp3&dl_series=Gunsmoke&dl_title=Melinda Miles&dl_date=1961.03.05&dl_size=5.35 MB
Gunsmoke,https://radioechoes.com/?page=series&genre=OTR-Western&series=Gunsmoke,Sweet And Sour,1961.03.12,https://radioechoes.com/?page=play_download&mode=play&dl_mp3folder=G&dl_file=gunsmoke_1961-03-12_sweet_and_sour.mp3&dl_series=Gunsmoke&dl_title=Sweet And Sour&dl_date=1961.03.12&dl_size=4.57 MB
Gunsmoke,https://radioechoes.com/?page=series&genre=OTR-Western&series=Gunsmoke,Joe Phy,1961.03.19,https://radioechoes.com/?page=play_download&mode=play&dl_mp3folder=G&dl_file=gunsmoke_1961-03-19_joe_phy.mp3&dl_series=Gunsmoke&dl_title=Joe Phy&dl_date=1961.03.19&dl_size=6.92 MB
Gunsmoke,https://radioechoes.com/?page=series&genre=OTR-Western&series=Gunsmoke,No Indians,1961.03.26,https://radioechoes.com/?page=play_download&mode=play&dl_mp3folder=G&dl_file=gunsmoke_1961-03-26_no_indians.mp3&dl_series=Gunsmoke&dl_title=No Indians&dl_date=1961.03.26&dl_size=6.83 MB
Gunsmoke,https://radioechoes.com/?page=series&genre=OTR-Western&series=Gunsmoke,Chesters Inheritance,1961.04.02,https://radioechoes.com/?page=play_download&mode=play&dl_mp3folder=G&dl_file=gunsmoke_1961-04-02_chesters_inheritance.mp3&dl_series=Gunsmoke&dl_title=Chesters Inheritance&dl_date=1961.04.02&dl_size=4.72 MB
Gunsmoke,https://radioechoes.com/?page=series&genre=OTR-Western&series=Gunsmoke,Hangman's Mistake,1961.04.09,https://radioechoes.com/?page=play_download&mode=play&dl_mp3folder=G&dl_file=gunsmoke_1961-04-09_hangmans_mistake.mp3&dl_series=Gunsmoke&dl_title=Hangman's Mistake&dl_date=1961.04.09&dl_size=5.44 MB
Gunsmoke,https://radioechoes.com/?page=series&genre=OTR-Western&series=Gunsmoke,Cooter,1961.04.16,https://radioechoes.com/?page=play_download&mode=play&dl_mp3folder=G&dl_file=gunsmoke_1961-04-16_cooter.mp3&dl_series=Gunsmoke&dl_title=Cooter&dl_date=1961.04.16&dl_size=5.37 MB
Gunsmoke,https://radioechoes.com/?page=series&genre=OTR-Western&series=Gunsmoke,Father And Son,1961.04.23,https://radioechoes.com/?page=play_download&mode=play&dl_mp3folder=G&dl_file=gunsmoke_1961-04-23_father_and_son.mp3&dl_series=Gunsmoke&dl_title=Father And Son&dl_date=1961.04.23&dl_size=4.46 MB
Gunsmoke,https://radioechoes.com/?page=series&genre=OTR-Western&series=Gunsmoke,Ex Urbanites,1961.04.30,https://radioechoes.com/?page=play_download&mode=play&dl_mp3folder=G&dl_file=gunsmoke_1961-04-30_ex_urbanites.mp3&dl_series=Gunsmoke&dl_title=Ex Urbanites&dl_date=1961.04.30&dl_size=5.46 MB
Gunsmoke,https://radioechoes.com/?page=series&genre=OTR-Western&series=Gunsmoke,Mas Justice,1961.05.07,https://radioechoes.com/?page=play_download&mode=play&dl_mp3folder=G&dl_file=gunsmoke_1961-05-07_mas_justice.mp3&dl_series=Gunsmoke&dl_title=Mas Justice&dl_date=1961.05.07&dl_size=4.54 MB
Gunsmoke,https://radioechoes.com/?page=series&genre=OTR-Western&series=Gunsmoke,The Lady Killer,1961.05.14,https://radioechoes.com/?page=play_download&mode=play&dl_mp3folder=G&dl_file=gunsmoke_1961-05-14_the_lady_killer.mp3&dl_series=Gunsmoke&dl_title=The Lady Killer&dl_date=1961.05.14&dl_size=4.92 MB
Gunsmoke,https://radioechoes.com/?page=series&genre=OTR-Western&series=Gunsmoke,Chester's Rendezvous,1961.05.21,https://radioechoes.com/?page=play_download&mode=play&dl_mp3folder=G&dl_file=gunsmoke_1961-05-21_chesters_rendezvous.mp3&dl_series=Gunsmoke&dl_title=Chester's Rendezvous&dl_date=1961.05.21&dl_size=5.5 MB
Gunsmoke,https://radioechoes.com/?page=series&genre=OTR-Western&series=Gunsmoke,The Sod Buster,1961.05.28,https://radioechoes.com/?page=play_download&mode=play&dl_mp3folder=G&dl_file=gunsmoke_1961-05-28_the_sod_buster.mp3&dl_series=Gunsmoke&dl_title=The Sod Buster&dl_date=1961.05.28&dl_size=5.6 MB
Gunsmoke,https://radioechoes.com/?page=series&genre=OTR-Western&series=Gunsmoke,Cows And Cribs,1961.06.04,https://radioechoes.com/?page=play_download&mode=play&dl_mp3folder=G&dl_file=gunsmoke_1961-06-04_cows_and_cribs.mp3&dl_series=Gunsmoke&dl_title=Cows And Cribs&dl_date=1961.06.04&dl_size=5.65 MB
Gunsmoke,https://radioechoes.com/?page=series&genre=OTR-Western&series=Gunsmoke,Docs Visitor,1961.06.11,https://radioechoes.com/?page=play_download&mode=play&dl_mp3folder=G&dl_file=gunsmoke_1961-06-11_docs_visitor.mp3&dl_series=Gunsmoke&dl_title=Docs Visitor&dl_date=1961.06.11&dl_size=5.25 MB
Gunsmoke,https://radioechoes.com/?page=series&genre=OTR-Western&series=Gunsmoke,Letter Of The Law,1961.06.18,https://radioechoes.com/?page=play_download&mode=play&dl_mp3folder=G&dl_file=gunsmoke_1961-06-18_letter_of_the_law.mp3&dl_series=Gunsmoke&dl_title=Letter Of The Law&dl_date=1961.06.18&dl_size=4.98 MB
Gunsmoke,https://radioechoes.com/?page=series&genre=OTR-Western&series=Gunsmoke,Ambush At Medicine Lodge,19xx.xx.xx,https://radioechoes.com/?page=play_download&mode=play&dl_mp3folder=G&dl_file=gunsmoke_19xx-xx-xx_ambush_at_medicine_lodge.mp3&dl_series=Gunsmoke&dl_title=Ambush At Medicine Lodge&dl_date=19xx.xx.xx&dl_size=6.8 MB
Gunsmoke,https://radioechoes.com/?page=series&genre=OTR-Western&series=Gunsmoke,Andy Gilman,19xx.xx.xx,https://radioechoes.com/?page=play_download&mode=play&dl_mp3folder=G&dl_file=gunsmoke_19xx-xx-xx_andy_gilman.mp3&dl_series=Gunsmoke&dl_title=Andy Gilman&dl_date=19xx.xx.xx&dl_size=5.26 MB
Gunsmoke,https://radioechoes.com/?page=series&genre=OTR-Western&series=Gunsmoke,Bannocks Circus,19xx.xx.xx,https://radioechoes.com/?page=play_download&mode=play&dl_mp3folder=G&dl_file=gunsmoke_19xx-xx-xx_bannocks_circus.mp3&dl_series=Gunsmoke&dl_title=Bannocks Circus&dl_date=19xx.xx.xx&dl_size=5.68 MB
Gunsmoke,https://radioechoes.com/?page=series&genre=OTR-Western&series=Gunsmoke,Ben Argo,19xx.xx.xx,https://radioechoes.com/?page=play_download&mode=play&dl_mp3folder=G&dl_file=gunsmoke_19xx-xx-xx_ben_argo.mp3&dl_series=Gunsmoke&dl_title=Ben Argo&dl_date=19xx.xx.xx&dl_size=4.69 MB
Gunsmoke,https://radioechoes.com/?page=series&genre=OTR-Western&series=Gunsmoke,Billy Crail,19xx.xx.xx,https://radioechoes.com/?page=play_download&mode=play&dl_mp3folder=G&dl_file=gunsmoke_19xx-xx-xx_billy_crail.mp3&dl_series=Gunsmoke&dl_title=Billy Crail&dl_date=19xx.xx.xx&dl_size=6.23 MB
Gunsmoke,https://radioechoes.com/?page=series&genre=OTR-Western&series=Gunsmoke,Body By The Road,19xx.xx.xx,https://radioechoes.com/?page=play_download&mode=play&dl_mp3folder=G&dl_file=gunsmoke_19xx-xx-xx_body_by_the_road.mp3&dl_series=Gunsmoke&dl_title=Body By The Road&dl_date=19xx.xx.xx&dl_size=5.35 MB
Gunsmoke,https://radioechoes.com/?page=series&genre=OTR-Western&series=Gunsmoke,Brothers,19xx.xx.xx,https://radioechoes.com/?page=play_download&mode=play&dl_mp3folder=G&dl_file=gunsmoke_19xx-xx-xx_brothers.mp3&dl_series=Gunsmoke&dl_title=Brothers&dl_date=19xx.xx.xx&dl_size=2.34 MB
Gunsmoke,https://radioechoes.com/?page=series&genre=OTR-Western&series=Gunsmoke,Clay Richards Wanted For Murder,19xx.xx.xx,https://radioechoes.com/?page=play_download&mode=play&dl_mp3folder=G&dl_file=gunsmoke_19xx-xx-xx_clay_richards_wanted_for_murder.mp3&dl_series=Gunsmoke&dl_title=Clay Richards Wanted For Murder&dl_date=19xx.xx.xx&dl_size=6.73 MB
Gunsmoke,https://radioechoes.com/?page=series&genre=OTR-Western&series=Gunsmoke,Coney Thorn And Abby Twilling,19xx.xx.xx,https://radioechoes.com/?page=play_download&mode=play&dl_mp3folder=G&dl_file=gunsmoke_19xx-xx-xx_coney_thorn_and_abby_twilling.mp3&dl_series=Gunsmoke&dl_title=Coney Thorn And Abby Twilling&dl_date=19xx.xx.xx&dl_size=6.75 MB
Gunsmoke,https://radioechoes.com/?page=series&genre=OTR-Western&series=Gunsmoke,Cyclone,19xx.xx.xx,https://radioechoes.com/?page=play_download&mode=play&dl_mp3folder=G&dl_file=gunsmoke_19xx-xx-xx_cyclone.mp3&dl_series=Gunsmoke&dl_title=Cyclone&dl_date=19xx.xx.xx&dl_size=3.73 MB
Gunsmoke,https://radioechoes.com/?page=series&genre=OTR-Western&series=Gunsmoke,Danch Hires Lee To Kill Matt,19xx.xx.xx,https://radioechoes.com/?page=play_download&mode=play&dl_mp3folder=G&dl_file=gunsmoke_19xx-xx-xx_danch_hires_lee_to_kill_matt.mp3&dl_series=Gunsmoke&dl_title=Danch Hires Lee To Kill Matt&dl_date=19xx.xx.xx&dl_size=6.72 MB
Gunsmoke,https://radioechoes.com/?page=series&genre=OTR-Western&series=Gunsmoke,Dolly Varden,19xx.xx.xx,https://radioechoes.com/?page=play_download&mode=play&dl_mp3folder=G&dl_file=gunsmoke_19xx-xx-xx_dolly_varden.mp3&dl_series=Gunsmoke&dl_title=Dolly Varden&dl_date=19xx.xx.xx&dl_size=6.84 MB
Gunsmoke,https://radioechoes.com/?page=series&genre=OTR-Western&series=Gunsmoke,Gort And Arlow,19xx.xx.xx,https://radioechoes.com/?page=play_download&mode=play&dl_mp3folder=G&dl_file=gunsmoke_19xx-xx-xx_gort_and_arlow.mp3&dl_series=Gunsmoke&dl_title=Gort And Arlow&dl_date=19xx.xx.xx&dl_size=6.38 MB
Gunsmoke,https://radioechoes.com/?page=series&genre=OTR-Western&series=Gunsmoke,Hanibal Bass,19xx.xx.xx,https://radioechoes.com/?page=play_download&mode=play&dl_mp3folder=G&dl_file=gunsmoke_19xx-xx-xx_hanibal_bass.mp3&dl_series=Gunsmoke&dl_title=Hanibal Bass&dl_date=19xx.xx.xx&dl_size=5.53 MB
Gunsmoke,https://radioechoes.com/?page=series&genre=OTR-Western&series=Gunsmoke,Harry Pope,19xx.xx.xx,https://radioechoes.com/?page=play_download&mode=play&dl_mp3folder=G&dl_file=gunsmoke_19xx-xx-xx_harry_pope.mp3&dl_series=Gunsmoke&dl_title=Harry Pope&dl_date=19xx.xx.xx&dl_size=5.29 MB
Gunsmoke,https://radioechoes.com/?page=series&genre=OTR-Western&series=Gunsmoke,Hemeral Ticks And Ben Siple,19xx.xx.xx,https://radioechoes.com/?page=play_download&mode=play&dl_mp3folder=G&dl_file=gunsmoke_19xx-xx-xx_hemeral_ticks_and_ben_siple.mp3&dl_series=Gunsmoke&dl_title=Hemeral Ticks And Ben Siple&dl_date=19xx.xx.xx&dl_size=4.69 MB
Gunsmoke,https://radioechoes.com/?page=series&genre=OTR-Western&series=Gunsmoke,Hod Logan,19xx.xx.xx,https://radioechoes.com/?page=play_download&mode=play&dl_mp3folder=G&dl_file=gunsmoke_19xx-xx-xx_hod_logan.mp3&dl_series=Gunsmoke&dl_title=Hod Logan&dl_date=19xx.xx.xx&dl_size=4.93 MB
Gunsmoke,https://radioechoes.com/?page=series&genre=OTR-Western&series=Gunsmoke,Indian Boy,19xx.xx.xx,https://radioechoes.com/?page=play_download&mode=play&dl_mp3folder=G&dl_file=gunsmoke_19xx-xx-xx_indian_boy.mp3&dl_series=Gunsmoke&dl_title=Indian Boy&dl_date=19xx.xx.xx&dl_size=6.62 MB
Gunsmoke,https://radioechoes.com/?page=series&genre=OTR-Western&series=Gunsmoke,Jenny Laws,19xx.xx.xx,https://radioechoes.com/?page=play_download&mode=play&dl_mp3folder=G&dl_file=gunsmoke_19xx-xx-xx_jenny_laws.mp3&dl_series=Gunsmoke&dl_title=Jenny Laws&dl_date=19xx.xx.xx&dl_size=5.79 MB
Gunsmoke,https://radioechoes.com/?page=series&genre=OTR-Western&series=Gunsmoke,Kidnapping From The Stagecoach,19xx.xx.xx,https://radioechoes.com/?page=play_download&mode=play&dl_mp3folder=G&dl_file=gunsmoke_19xx-xx-xx_kidnapping_from_the_stagecoach.mp3&dl_series=Gunsmoke&dl_title=Kidnapping From The Stagecoach&dl_date=19xx.xx.xx&dl_size=6.97 MB
Gunsmoke,https://radioechoes.com/?page=series&genre=OTR-Western&series=Gunsmoke,Laura Taggart,19xx.xx.xx,https://radioechoes.com/?page=play_download&mode=play&dl_mp3folder=G&dl_file=gunsmoke_19xx-xx-xx_laura_taggart.mp3&dl_series=Gunsmoke&dl_title=Laura Taggart&dl_date=19xx.xx.xx&dl_size=6.5 MB
Gunsmoke,https://radioechoes.com/?page=series&genre=OTR-Western&series=Gunsmoke,Lee Dargan,19xx.xx.xx,https://radioechoes.com/?page=play_download&mode=play&dl_mp3folder=G&dl_file=gunsmoke_19xx-xx-xx_lee_dargan.mp3&dl_series=Gunsmoke&dl_title=Lee Dargan&dl_date=19xx.xx.xx&dl_size=6.65 MB
Gunsmoke,https://radioechoes.com/?page=series&genre=OTR-Western&series=Gunsmoke,Lou Madullen,19xx.xx.xx,https://radioechoes.com/?page=play_download&mode=play&dl_mp3folder=G&dl_file=gunsmoke_19xx-xx-xx_lou_madullen.mp3&dl_series=Gunsmoke&dl_title=Lou Madullen&dl_date=19xx.xx.xx&dl_size=5.64 MB
Gunsmoke,https://radioechoes.com/?page=series&genre=OTR-Western&series=Gunsmoke,Lou Sheeters,19xx.xx.xx,https://radioechoes.com/?page=play_download&mode=play&dl_mp3folder=G&dl_file=gunsmoke_19xx-xx-xx_lou_sheeters.mp3&dl_series=Gunsmoke&dl_title=Lou Sheeters&dl_date=19xx.xx.xx&dl_size=5.43 MB
Gunsmoke,https://radioechoes.com/?page=series&genre=OTR-Western&series=Gunsmoke,Lucy Middlecamp Sick,19xx.xx.xx,https://radioechoes.com/?page=play_download&mode=play&dl_mp3folder=G&dl_file=gunsmoke_19xx-xx-xx_lucy_middlecamp_sick.mp3&dl_series=Gunsmoke&dl_title=Lucy Middlecamp Sick&dl_date=19xx.xx.xx&dl_size=4.85 MB
Gunsmoke,https://radioechoes.com/?page=series&genre=OTR-Western&series=Gunsmoke,Lynched,19xx.xx.xx,https://radioechoes.com/?page=play_download&mode=play&dl_mp3folder=G&dl_file=gunsmoke_19xx-xx-xx_lynched.mp3&dl_series=Gunsmoke&dl_title=Lynched&dl_date=19xx.xx.xx&dl_size=5.29 MB
Gunsmoke,https://radioechoes.com/?page=series&genre=OTR-Western&series=Gunsmoke,Matlock Helps Matt Dillon,19xx.xx.xx,https://radioechoes.com/?page=play_download&mode=play&dl_mp3folder=G&dl_file=gunsmoke_19xx-xx-xx_matlock_helps_matt_dillon.mp3&dl_series=Gunsmoke&dl_title=Matlock Helps Matt Dillon&dl_date=19xx.xx.xx&dl_size=6.93 MB
Gunsmoke,https://radioechoes.com/?page=series&genre=OTR-Western&series=Gunsmoke,Matt Silberts,19xx.xx.xx,https://radioechoes.com/?page=play_download&mode=play&dl_mp3folder=G&dl_file=gunsmoke_19xx-xx-xx_matt_silberts.mp3&dl_series=Gunsmoke&dl_title=Matt Silberts&dl_date=19xx.xx.xx&dl_size=6.74 MB
Gunsmoke,https://radioechoes.com/?page=series&genre=OTR-Western&series=Gunsmoke,Mel Tucker,19xx.xx.xx,https://radioechoes.com/?page=play_download&mode=play&dl_mp3folder=G&dl_file=gunsmoke_19xx-xx-xx_mel_tucker.mp3&dl_series=Gunsmoke&dl_title=Mel Tucker&dl_date=19xx.xx.xx&dl_size=4.91 MB
Gunsmoke,https://radioechoes.com/?page=series&genre=OTR-Western&series=Gunsmoke,Mr Mayhue,19xx.xx.xx,https://radioechoes.com/?page=play_download&mode=play&dl_mp3folder=G&dl_file=gunsmoke_19xx-xx-xx_mr_mayhue.mp3&dl_series=Gunsmoke&dl_title=Mr Mayhue&dl_date=19xx.xx.xx&dl_size=5.08 MB
Gunsmoke,https://radioechoes.com/?page=series&genre=OTR-Western&series=Gunsmoke,Nat Plitcher,19xx.xx.xx,https://radioechoes.com/?page=play_download&mode=play&dl_mp3folder=G&dl_file=gunsmoke_19xx-xx-xx_nat_plitcher.mp3&dl_series=Gunsmoke&dl_title=Nat Plitcher&dl_date=19xx.xx.xx&dl_size=5.41 MB
Gunsmoke,https://radioechoes.com/?page=series&genre=OTR-Western&series=Gunsmoke,Nate Randell,19xx.xx.xx,https://radioechoes.com/?page=play_download&mode=play&dl_mp3folder=G&dl_file=gunsmoke_19xx-xx-xx_nate_randell.mp3&dl_series=Gunsmoke&dl_title=Nate Randell&dl_date=19xx.xx.xx&dl_size=4.97 MB
Gunsmoke,https://radioechoes.com/?page=series&genre=OTR-Western&series=Gunsmoke,Never Trust A Stranger,19xx.xx.xx,https://radioechoes.com/?page=play_download&mode=play&dl_mp3folder=G&dl_file=gunsmoke_19xx-xx-xx_never_trust_a_stranger.mp3&dl_series=Gunsmoke&dl_title=Never Trust A Stranger&dl_date=19xx.xx.xx&dl_size=5.76 MB
Gunsmoke,https://radioechoes.com/?page=series&genre=OTR-Western&series=Gunsmoke,Pasada,19xx.xx.xx,https://radioechoes.com/?page=play_download&mode=play&dl_mp3folder=G&dl_file=gunsmoke_19xx-xx-xx_pasada.mp3&dl_series=Gunsmoke&dl_title=Pasada&dl_date=19xx.xx.xx&dl_size=6.4 MB
Gunsmoke,https://radioechoes.com/?page=series&genre=OTR-Western&series=Gunsmoke,Pete Balden,19xx.xx.xx,https://radioechoes.com/?page=play_download&mode=play&dl_mp3folder=G&dl_file=gunsmoke_19xx-xx-xx_pete_balden.mp3&dl_series=Gunsmoke&dl_title=Pete Balden&dl_date=19xx.xx.xx&dl_size=6.12 MB
Gunsmoke,https://radioechoes.com/?page=series&genre=OTR-Western&series=Gunsmoke,Railroad Land Swindle,19xx.xx.xx,https://radioechoes.com/?page=play_download&mode=play&dl_mp3folder=G&dl_file=gunsmoke_19xx-xx-xx_railroad_land_swindle.mp3&dl_series=Gunsmoke&dl_title=Railroad Land Swindle&dl_date=19xx.xx.xx&dl_size=5.73 MB
Gunsmoke,https://radioechoes.com/?page=series&genre=OTR-Western&series=Gunsmoke,Sally Bogan-Lightly,19xx.xx.xx,https://radioechoes.com/?page=play_download&mode=play&dl_mp3folder=G&dl_file=gunsmoke_19xx-xx-xx_sally_bogan-lightly.mp3&dl_series=Gunsmoke&dl_title=Sally Bogan-Lightly&dl_date=19xx.xx.xx&dl_size=4.45 MB
Gunsmoke,https://radioechoes.com/?page=series&genre=OTR-Western&series=Gunsmoke,Sandy King,19xx.xx.xx,https://radioechoes.com/?page=play_download&mode=play&dl_mp3folder=G&dl_file=gunsmoke_19xx-xx-xx_sandy_king.mp3&dl_series=Gunsmoke&dl_title=Sandy King&dl_date=19xx.xx.xx&dl_size=5.38 MB
Gunsmoke,https://radioechoes.com/?page=series&genre=OTR-Western&series=Gunsmoke,Second Arrest,19xx.xx.xx,https://radioechoes.com/?page=play_download&mode=play&dl_mp3folder=G&dl_file=gunsmoke_19xx-xx-xx_second_arrest.mp3&dl_series=Gunsmoke&dl_title=Second Arrest&dl_date=19xx.xx.xx&dl_size=2.33 MB
Gunsmoke,https://radioechoes.com/?page=series&genre=OTR-Western&series=Gunsmoke,Stobo And Trevit,19xx.xx.xx,https://radioechoes.com/?page=play_download&mode=play&dl_mp3folder=G&dl_file=gunsmoke_19xx-xx-xx_stobo_and_trevit.mp3&dl_series=Gunsmoke&dl_title=Stobo And Trevit&dl_date=19xx.xx.xx&dl_size=6.32 MB
Gunsmoke,https://radioechoes.com/?page=series&genre=OTR-Western&series=Gunsmoke,Tad Harley,19xx.xx.xx,https://radioechoes.com/?page=play_download&mode=play&dl_mp3folder=G&dl_file=gunsmoke_19xx-xx-xx_tad_harley.mp3&dl_series=Gunsmoke&dl_title=Tad Harley&dl_date=19xx.xx.xx&dl_size=5.16 MB
Gunsmoke,https://radioechoes.com/?page=series&genre=OTR-Western&series=Gunsmoke,Tad Meddotus,19xx.xx.xx,https://radioechoes.com/?page=play_download&mode=play&dl_mp3folder=G&dl_file=gunsmoke_19xx-xx-xx_tad_meddotus.mp3&dl_series=Gunsmoke&dl_title=Tad Meddotus&dl_date=19xx.xx.xx&dl_size=5.83 MB
Gunsmoke,https://radioechoes.com/?page=series&genre=OTR-Western&series=Gunsmoke,Tate Kirtcher,19xx.xx.xx,https://radioechoes.com/?page=play_download&mode=play&dl_mp3folder=G&dl_file=gunsmoke_19xx-xx-xx_tate_kirtcher.mp3&dl_series=Gunsmoke&dl_title=Tate Kirtcher&dl_date=19xx.xx.xx&dl_size=6.97 MB
Gunsmoke,https://radioechoes.com/?page=series&genre=OTR-Western&series=Gunsmoke,Teeters And Gridler,19xx.xx.xx,https://radioechoes.com/?page=play_download&mode=play&dl_mp3folder=G&dl_file=gunsmoke_19xx-xx-xx_teeters_and_gridler.mp3&dl_series=Gunsmoke&dl_title=Teeters And Gridler&dl_date=19xx.xx.xx&dl_size=6.67 MB
Gunsmoke,https://radioechoes.com/?page=series&genre=OTR-Western&series=Gunsmoke,Texans Pick Up Your Guns,19xx.xx.xx,https://radioechoes.com/?page=play_download&mode=play&dl_mp3folder=G&dl_file=gunsmoke_19xx-xx-xx_texans_pick_up_your_guns.mp3&dl_series=Gunsmoke&dl_title=Texans Pick Up Your Guns&dl_date=19xx.xx.xx&dl_size=5.67 MB
Gunsmoke,https://radioechoes.com/?page=series&genre=OTR-Western&series=Gunsmoke,The Pueblo Gang,19xx.xx.xx,https://radioechoes.com/?page=play_download&mode=play&dl_mp3folder=G&dl_file=gunsmoke_19xx-xx-xx_the_pueblo_gang.mp3&dl_series=Gunsmoke&dl_title=The Pueblo Gang&dl_date=19xx.xx.xx&dl_size=7 MB
Gunsmoke,https://radioechoes.com/?page=series&genre=OTR-Western&series=Gunsmoke,Tobile,19xx.xx.xx,https://radioechoes.com/?page=play_download&mode=play&dl_mp3folder=G&dl_file=gunsmoke_19xx-xx-xx_tobile.mp3&dl_series=Gunsmoke&dl_title=Tobile&dl_date=19xx.xx.xx&dl_size=5.27 MB
Gunsmoke,https://radioechoes.com/?page=series&genre=OTR-Western&series=Gunsmoke,Tom Cook,19xx.xx.xx,https://radioechoes.com/?page=play_download&mode=play&dl_mp3folder=G&dl_file=gunsmoke_19xx-xx-xx_tom_cook.mp3&dl_series=Gunsmoke&dl_title=Tom Cook&dl_date=19xx.xx.xx&dl_size=5.78 MB
Gunsmoke,https://radioechoes.com/?page=series&genre=OTR-Western&series=Gunsmoke,Trooper Speare,19xx.xx.xx,https://radioechoes.com/?page=play_download&mode=play&dl_mp3folder=G&dl_file=gunsmoke_19xx-xx-xx_trooper_speare.mp3&dl_series=Gunsmoke&dl_title=Trooper Speare&dl_date=19xx.xx.xx&dl_size=6.27 MB
Gunsmoke,https://radioechoes.com/?page=series&genre=OTR-Western&series=Gunsmoke,Turkey Shoot,19xx.xx.xx,https://radioechoes.com/?page=play_download&mode=play&dl_mp3folder=G&dl_file=gunsmoke_19xx-xx-xx_turkey_shoot.mp3&dl_series=Gunsmoke&dl_title=Turkey Shoot&dl_date=19xx.xx.xx&dl_size=4.93 MB
Gunsmoke,https://radioechoes.com/?page=series&genre=OTR-Western&series=Gunsmoke,Vance Tover,19xx.xx.xx,https://radioechoes.com/?page=play_download&mode=play&dl_mp3folder=G&dl_file=gunsmoke_19xx-xx-xx_vance_tover.mp3&dl_series=Gunsmoke&dl_title=Vance Tover&dl_date=19xx.xx.xx&dl_size=4.86 MB
Gunsmoke,https://radioechoes.com/?page=series&genre=OTR-Western&series=Gunsmoke,Webb Johnson,19xx.xx.xx,https://radioechoes.com/?page=play_download&mode=play&dl_mp3folder=G&dl_file=gunsmoke_19xx-xx-xx_webb_johnson.mp3&dl_series=Gunsmoke&dl_title=Webb Johnson&dl_date=19xx.xx.xx&dl_size=6.05 MB
Gunsmoke,https://radioechoes.com/?page=series&genre=OTR-Western&series=Gunsmoke,Weeb Kindel,19xx.xx.xx,https://radioechoes.com/?page=play_download&mode=play&dl_mp3folder=G&dl_file=gunsmoke_19xx-xx-xx_weeb_kindel.mp3&dl_series=Gunsmoke&dl_title=Weeb Kindel&dl_date=19xx.xx.xx&dl_size=5.4 MB
The Shadow,https://radioechoes.com/?page=series&genre=OTR-Mystery&series=The%20Shadow,Death House Rescue,1937.09.26,https://radioechoes.com/?page=play_download&mode=play&dl_mp3folder=T&dl_file=the_shadow_1937-09-26_death_house_rescue.mp3&dl_series=The Shadow&dl_title=Death House Rescue&dl_date=1937.09.26&dl_size=6.69 MB
The Shadow,https://radioechoes.com/?page=series&genre=OTR-Mystery&series=The%20Shadow,Murder By The Dead,1937.10.17,https://radioechoes.com/?page=play_download&mode=play&dl_mp3folder=T&dl_file=the_shadow_1937-10-17_murder_by_the_dead.mp3&dl_series=The Shadow&dl_title=Murder By The Dead&dl_date=1937.10.17&dl_size=6.74 MB
The Shadow,https://radioechoes.com/?page=series&genre=OTR-Mystery&series=The%20Shadow,The Temple Bells Of Neban,1937.10.24,https://radioechoes.com/?page=play_download&mode=play&dl_mp3folder=T&dl_file=the_shadow_1937-10-24_the_temple_bells_of_neban.mp3&dl_series=The Shadow&dl_title=The Temple Bells Of Neban&dl_date=1937.10.24&dl_size=6.75 MB
The Shadow,https://radioechoes.com/?page=series&genre=OTR-Mystery&series=The%20Shadow,The Three Ghosts,1937.10.31,https://radioechoes.com/?page=play_download&mode=play&dl_mp3folder=T&dl_file=the_shadow_1937-10-31_the_three_ghosts.mp3&dl_series=The Shadow&dl_title=The Three Ghosts&dl_date=1937.10.31&dl_size=6.76 MB
The Shadow,https://radioechoes.com/?page=series&genre=OTR-Mystery&series=The%20Shadow,Circle Of Death,1937.11.28,https://radioechoes.com/?page=play_download&mode=play&dl_mp3folder=T&dl_file=the_shadow_1937-11-28_circle_of_death.mp3&dl_series=The Shadow&dl_title=Circle Of Death&dl_date=1937.11.28&dl_size=6.81 MB
The Shadow,https://radioechoes.com/?page=series&genre=OTR-Mystery&series=The%20Shadow,The Death Triangle,1937.12.12,https://radioechoes.com/?page=play_download&mode=play&dl_mp3folder=T&dl_file=the_shadow_1937-12-12_the_death_triangle.mp3&dl_series=The Shadow&dl_title=The Death Triangle&dl_date=1937.12.12&dl_size=6.64 MB
The Shadow,https://radioechoes.com/?page=series&genre=OTR-Mystery&series=The%20Shadow,Cold Death,1937.12.19,https://radioechoes.com/?page=play_download&mode=play&dl_mp3folder=T&dl_file=the_shadow_1937-12-19_cold_death.mp3&dl_series=The Shadow&dl_title=Cold Death&dl_date=1937.12.19&dl_size=6.69 MB
The Shadow,https://radioechoes.com/?page=series&genre=OTR-Mystery&series=The%20Shadow,The Voice Of Death,1937.12.26,https://radioechoes.com/?page=play_download&mode=play&dl_mp3folder=T&dl_file=the_shadow_1937-12-26_the_voice_of_death.mp3&dl_series=The Shadow&dl_title=The Voice Of Death&dl_date=1937.12.26&dl_size=5.24 MB
The Shadow,https://radioechoes.com/?page=series&genre=OTR-Mystery&series=The%20Shadow,The League Of Terror,1938.01.09,https://radioechoes.com/?page=play_download&mode=play&dl_mp3folder=T&dl_file=the_shadow_1938-01-09_the_league_of_terror.mp3&dl_series=The Shadow&dl_title=The League Of Terror&dl_date=1938.01.09&dl_size=6.44 MB
The Shadow,https://radioechoes.com/?page=series&genre=OTR-Mystery&series=The%20Shadow,Sabotage,1938.01.16,https://radioechoes.com/?page=play_download&mode=play&dl_mp3folder=T&dl_file=the_shadow_1938-01-16_sabotage.mp3&dl_series=The Shadow&dl_title=Sabotage&dl_date=1938.01.16&dl_size=6.75 MB
The Shadow,https://radioechoes.com/?page=series&genre=OTR-Mystery&series=The%20Shadow,The Society Of The Living Dead,1938.01.23,https://radioechoes.com/?page=play_download&mode=play&dl_mp3folder=T&dl_file=the_shadow_1938-01-23_the_society_of_the_living_dead.mp3&dl_series=The Shadow&dl_title=The Society Of The Living Dead&dl_date=1938.01.23&dl_size=6.73 MB
The Shadow,https://radioechoes.com/?page=series&genre=OTR-Mystery&series=The%20Shadow,The Poison Death,1938.01.30,https://radioechoes.com/?page=play_download&mode=play&dl_mp3folder=T&dl_file=the_shadow_1938-01-30_the_poison_death.mp3&dl_series=The Shadow&dl_title=The Poison Death&dl_date=1938.01.30&dl_size=6.77 MB
The Shadow,https://radioechoes.com/?page=series&genre=OTR-Mystery&series=The%20Shadow,The Phantom Voice,1938.02.06,https://radioechoes.com/?page=play_download&mode=play&dl_mp3folder=T&dl_file=the_shadow_1938-02-06_the_phantom_voice.mp3&dl_series=The Shadow&dl_title=The Phantom Voice&dl_date=1938.02.06&dl_size=7.17 MB
The Shadow,https://radioechoes.com/?page=series&genre=OTR-Mystery&series=The%20Shadow,The House Of Horror,1938.02.13,https://radioechoes.com/?page=play_download&mode=play&dl_mp3folder=T&dl_file=the_shadow_1938-02-13_the_house_of_horror.mp3&dl_series=The Shadow&dl_title=The House Of Horror&dl_date=1938.02.13&dl_size=5.51 MB
The Shadow,https://radioechoes.com/?page=series&genre=OTR-Mystery&series=The%20Shadow,Hounds In The Hills,1938.02.20,https://radioechoes.com/?page=play_download&mode=play&dl_mp3folder=T&dl_file=the_shadow_1938-02-20_hounds_in_the_hills.mp3&dl_series=The Shadow&dl_title=Hounds In The Hills&dl_date=1938.02.20&dl_size=6.69 MB
The Shadow,https://radioechoes.com/?page=series&genre=OTR-Mystery&series=The%20Shadow,The Plot Murder,1938.02.27,https://radioechoes.com/?page=play_download&mode=play&dl_mp3folder=T&dl_file=the_shadow_1938-02-27_the_plot_murder.mp3&dl_series=The Shadow&dl_title=The Plot Murder&dl_date=1938.02.27&dl_size=6.73 MB
The Shadow,https://radioechoes.com/?page=series&genre=OTR-Mystery&series=The%20Shadow,The Bride Of Death,1938.03.06,https://radioechoes.com/?page=play_download&mode=play&dl_mp3folder=T&dl_file=the_shadow_1938-03-06_the_bride_of_death.mp3&dl_series=The Shadow&dl_title=The Bride Of Death&dl_date=1938.03.06&dl_size=6.71 MB
The Shadow,https://radioechoes.com/?page=series&genre=OTR-Mystery&series=The%20Shadow,The Silent Avenger,1938.03.13,https://radioechoes.com/?page=play_download&mode=play&dl_mp3folder=T&dl_file=the_shadow_1938-03-13_the_silent_avenger.mp3&dl_series=The Shadow&dl_title=The Silent Avenger&dl_date=1938.03.13&dl_size=7.08 MB
The Shadow,https://radioechoes.com/?page=series&genre=OTR-Mystery&series=The%20Shadow,The White Legion,1938.03.20,https://radioechoes.com/?page=play_download&mode=play&dl_mp3folder=T&dl_file=the_shadow_1938-03-20_the_white_legion.mp3&dl_series=The Shadow&dl_title=The White Legion&dl_date=1938.03.20&dl_size=6.28 MB
The Shadow,https://radioechoes.com/?page=series&genre=OTR-Mystery&series=The%20Shadow,The Hypnotized Audience,1938.03.27,https://radioechoes.com/?page=play_download&mode=play&dl_mp3folder=T&dl_file=the_shadow_1938-03-27_the_hypnotized_audience.mp3&dl_series=The Shadow&dl_title=The Hypnotized Audience&dl_date=1938.03.27&dl_size=6.09 MB
The Shadow,https://radioechoes.com/?page=series&genre=OTR-Mystery&series=The%20Shadow,Death From The Deep,1938.04.03,https://radioechoes.com/?page=play_download&mode=play&dl_mp3folder=T&dl_file=the_shadow_1938-04-03_death_from_the_deep.mp3&dl_series=The Shadow&dl_title=Death From The Deep&dl_date=1938.04.03&dl_size=6.79 MB
The Shadow,https://radioechoes.com/?page=series&genre=OTR-Mystery&series=The%20Shadow,The Fire Bug,1938.04.10,https://radioechoes.com/?page=play_download&mode=play&dl_mp3folder=T&dl_file=the_shadow_1938-04-10_the_fire_bug.mp3&dl_series=The Shadow&dl_title=The Fire Bug&dl_date=1938.04.10&dl_size=6.64 MB
The Shadow,https://radioechoes.com/?page=series&genre=OTR-Mystery&series=The%20Shadow,The Blind Beggar Dies,1938.04.17,https://radioechoes.com/?page=play_download&mode=play&dl_mp3folder=T&dl_file=the_shadow_1938-04-17_the_blind_beggar_dies.mp3&dl_series=The Shadow&dl_title=The Blind Beggar Dies&dl_date=1938.04.17&dl_size=6.61 MB
The Shadow,https://radioechoes.com/?page=series&genre=OTR-Mystery&series=The%20Shadow,Power Of The Mind,1938.04.24,https://radioechoes.com/?page=play_download&mode=play&dl_mp3folder=T&dl_file=the_shadow_1938-04-24_power_of_the_mind.mp3&dl_series=The Shadow&dl_title=Power Of The Mind&dl_date=1938.04.24&dl_size=6.66 MB
The Shadow,https://radioechoes.com/?page=series&genre=OTR-Mystery&series=The%20Shadow,White God,1938.05.01,https://radioechoes.com/?page=play_download&mode=play&dl_mp3folder=T&dl_file=the_shadow_1938-05-01_white_god.mp3&dl_series=The Shadow&dl_title=White God&dl_date=1938.05.01&dl_size=6.7 MB
The Shadow,https://radioechoes.com/?page=series&genre=OTR-Mystery&series=The%20Shadow,Aboard The Steamship Amazon,1938.05.08,https://radioechoes.com/?page=play_download&mode=play&dl_mp3folder=T&dl_file=the_shadow_1938-05-08_aboard_the_steamship_amazon.mp3&dl_series=The Shadow&dl_title=Aboard The Steamship Amazon&dl_date=1938.05.08&dl_size=6.76 MB
The Shadow,https://radioechoes.com/?page=series&genre=OTR-Mystery&series=The%20Shadow,Murders In Wax,1938.05.15,https://radioechoes.com/?page=play_download&mode=play&dl_mp3folder=T&dl_file=the_shadow_1938-05-15_murders_in_wax.mp3&dl_series=The Shadow&dl_title=Murders In Wax&dl_date=1938.05.15&dl_size=5.38 MB
The Shadow,https://radioechoes.com/?page=series&genre=OTR-Mystery&series=The%20Shadow,The Message From The Hills,1938.05.22,https://radioechoes.com/?page=play_download&mode=play&dl_mp3folder=T&dl_file=the_shadow_1938-05-22_the_message_from_the_hills.mp3&dl_series=The Shadow&dl_title=The Message From The Hills&dl_date=1938.05.22&dl_size=6.77 MB
The Shadow,https://radioechoes.com/?page=series&genre=OTR-Mystery&series=The%20Shadow,The Creeper,1938.05.29,https://radioechoes.com/?page=play_download&mode=play&dl_mp3folder=T&dl_file=the_shadow_1938-05-29_the_creeper.mp3&dl_series=The Shadow&dl_title=The Creeper&dl_date=1938.05.29&dl_size=6.75 MB
The Shadow,https://radioechoes.com/?page=series&genre=OTR-Mystery&series=The%20Shadow,Tenor With A Broken Voice,1938.06.05,https://radioechoes.com/?page=play_download&mode=play&dl_mp3folder=T&dl_file=the_shadow_1938-06-05_tenor_with_a_broken_voice.mp3&dl_series=The Shadow&dl_title=Tenor With A Broken Voice&dl_date=1938.06.05&dl_size=6.78 MB
The Shadow,https://radioechoes.com/?page=series&genre=OTR-Mystery&series=The%20Shadow,Murder On Approval,1938.06.12,https://radioechoes.com/?page=play_download&mode=play&dl_mp3folder=T&dl_file=the_shadow_1938-06-12_murder_on_approval.mp3&dl_series=The Shadow&dl_title=Murder On Approval&dl_date=1938.06.12&dl_size=6.32 MB
The Shadow,https://radioechoes.com/?page=series&genre=OTR-Mystery&series=The%20Shadow,The Tomb Of Terror,1938.06.19,https://radioechoes.com/?page=play_download&mode=play&dl_mp3folder=T&dl_file=the_shadow_1938-06-19_the_tomb_of_terror.mp3&dl_series=The Shadow&dl_title=The Tomb Of Terror&dl_date=1938.06.19&dl_size=6.64 MB
The Shadow,https://radioechoes.com/?page=series&genre=OTR-Mystery&series=The%20Shadow,The Old People,1938.06.26,https://radioechoes.com/?page=play_download&mode=play&dl_mp3folder=T&dl_file=the_shadow_1938-06-26_the_old_people.mp3&dl_series=The Shadow&dl_title=The Old People&dl_date=1938.06.26&dl_size=6.77 MB
The Shadow,https://radioechoes.com/?page=series&genre=OTR-Mystery&series=The%20Shadow,Voice Of The Trumpet,1938.07.03,https://radioechoes.com/?page=play_download&mode=play&dl_mp3folder=T&dl_file=the_shadow_1938-07-03_voice_of_the_trumpet.mp3&dl_series=The Shadow&dl_title=Voice Of The Trumpet&dl_date=1938.07.03&dl_size=6.75 MB
The Shadow,https://radioechoes.com/?page=series&genre=OTR-Mystery&series=The%20Shadow,He Died At Twelve,1938.07.10,https://radioechoes.com/?page=play_download&mode=play&dl_mp3folder=T&dl_file=the_shadow_1938-07-10_he_died_at_twelve.mp3&dl_series=The Shadow&dl_title=He Died At Twelve&dl_date=1938.07.10&dl_size=6.74 MB
The Shadow,https://radioechoes.com/?page=series&genre=OTR-Mystery&series=The%20Shadow,Reincarnation Of Michael,1938.07.17,https://radioechoes.com/?page=play_download&mode=play&dl_mp3folder=T&dl_file=the_shadow_1938-07-17_reincarnation_of_michael.mp3&dl_series=The Shadow&dl_title=Reincarnation Of Michael&dl_date=1938.07.17&dl_size=6.68 MB
The Shadow,https://radioechoes.com/?page=series&genre=OTR-Mystery&series=The%20Shadow,The Mark Of The Bat,1938.07.24,https://radioechoes.com/?page=play_download&mode=play&dl_mp3folder=T&dl_file=the_shadow_1938-07-24_the_mark_of_the_bat.mp3&dl_series=The Shadow&dl_title=The Mark Of The Bat&dl_date=1938.07.24&dl_size=6.72 MB
The Shadow,https://radioechoes.com/?page=series&genre=OTR-Mystery&series=The%20Shadow,Revenge On The Shadow,1938.07.31,https://radioechoes.com/?page=play_download&mode=play&dl_mp3folder=T&dl_file=the_shadow_1938-07-31_revenge_on_the_shadow.mp3&dl_series=The Shadow&dl_title=Revenge On The Shadow&dl_date=1938.07.31&dl_size=6.45 MB
The Shadow,https://radioechoes.com/?page=series&genre=OTR-Mystery&series=The%20Shadow,The Mine Hunters,1938.08.07,https://radioechoes.com/?page=play_download&mode=play&dl_mp3folder=T&dl_file=the_shadow_1938-08-07_the_mine_hunters.mp3&dl_series=The Shadow&dl_title=The Mine Hunters&dl_date=1938.08.07&dl_size=6.77 MB
The Shadow,https://radioechoes.com/?page=series&genre=OTR-Mystery&series=The%20Shadow,The Hospital Murders,1938.08.14,https://radioechoes.com/?page=play_download&mode=play&dl_mp3folder=T&dl_file=the_shadow_1938-08-14_the_hospital_murders.mp3&dl_series=The Shadow&dl_title=The Hospital Murders&dl_date=1938.08.14&dl_size=6.66 MB
The Shadow,https://radioechoes.com/?page=series&genre=OTR-Mystery&series=The%20Shadow,The Caverns Of Death,1938.08.21,https://radioechoes.com/?page=play_download&mode=play&dl_mp3folder=T&dl_file=the_shadow_1938-08-21_the_caverns_of_death.mp3&dl_series=The Shadow&dl_title=The Caverns Of Death&dl_date=1938.08.21&dl_size=6.77 MB
The Shadow,https://radioechoes.com/?page=series&genre=OTR-Mystery&series=The%20Shadow,Death Under The Chapel,1938.08.28,https://radioechoes.com/?page=play_download&mode=play&dl_mp3folder=T&dl_file=the_shadow_1938-08-28_death_under_the_chapel.mp3&dl_series=The Shadow&dl_title=Death Under The Chapel&dl_date=1938.08.28&dl_size=6.4 MB
The Shadow,https://radioechoes.com/?page=series&genre=OTR-Mystery&series=The%20Shadow,The Black Buddha,1938.09.04,https://radioechoes.com/?page=play_download&mode=play&dl_mp3folder=T&dl_file=the_shadow_1938-09-04_the_black_buddha.mp3&dl_series=The Shadow&dl_title=The Black Buddha&dl_date=1938.09.04&dl_size=6.76 MB
The Shadow,https://radioechoes.com/?page=series&genre=OTR-Mystery&series=The%20Shadow,The Witch Drums Of Salem,1938.09.11,https://radioechoes.com/?page=play_download&mode=play&dl_mp3folder=T&dl_file=the_shadow_1938-09-11_the_witch_drums_of_salem.mp3&dl_series=The Shadow&dl_title=The Witch Drums Of Salem&dl_date=1938.09.11&dl_size=6.79 MB
The Shadow,https://radioechoes.com/?page=series&genre=OTR-Mystery&series=The%20Shadow,Professor X,1938.09.18,https://radioechoes.com/?page=play_download&mode=play&dl_mp3folder=T&dl_file=the_shadow_1938-09-18_professor_x.mp3&dl_series=The Shadow&dl_title=Professor X&dl_date=1938.09.18&dl_size=6.75 MB
The Shadow,https://radioechoes.com/?page=series&genre=OTR-Mystery&series=The%20Shadow,Traffic In Death,1938.09.25,https://radioechoes.com/?page=play_download&mode=play&dl_mp3folder=T&dl_file=the_shadow_1938-09-25_traffic_in_death.mp3&dl_series=The Shadow&dl_title=Traffic In Death&dl_date=1938.09.25&dl_size=6.68 MB
The Shadow,https://radioechoes.com/?page=series&genre=OTR-Mystery&series=The%20Shadow,The Black Abbot,1938.10.02,https://radioechoes.com/?page=play_download&mode=play&dl_mp3folder=T&dl_file=the_shadow_1938-10-02_the_black_abbot.mp3&dl_series=The Shadow&dl_title=The Black Abbot&dl_date=1938.10.02&dl_size=6.04 MB
The Shadow,https://radioechoes.com/?page=series&genre=OTR-Mystery&series=The%20Shadow,Death Stalks The Shadow,1938.10.09,https://radioechoes.com/?page=play_download&mode=play&dl_mp3folder=T&dl_file=the_shadow_1938-10-09_death_stalks_the_shadow.mp3&dl_series=The Shadow&dl_title=Death Stalks The Shadow&dl_date=1938.10.09&dl_size=6.8 MB
The Shadow,https://radioechoes.com/?page=series&genre=OTR-Mystery&series=The%20Shadow,Night Without End,1938.10.16,https://radioechoes.com/?page=play_download&mode=play&dl_mp3folder=T&dl_file=the_shadow_1938-10-16_night_without_end.mp3&dl_series=The Shadow&dl_title=Night Without End&dl_date=1938.10.16&dl_size=5.63 MB
The Shadow,https://radioechoes.com/?page=series&genre=OTR-Mystery&series=The%20Shadow,Gun Island,1938.10.23,https://radioechoes.com/?page=play_download&mode=play&dl_mp3folder=T&dl_file=the_shadow_1938-10-23_gun_island.mp3&dl_series=The Shadow&dl_title=Gun Island&dl_date=1938.10.23&dl_size=6.79 MB
The Shadow,https://radioechoes.com/?page=series&genre=OTR-Mystery&series=The%20Shadow,The Isle Of Fear,1938.10.30,https://radioechoes.com/?page=play_download&mode=play&dl_mp3folder=T&dl_file=the_shadow_1938-10-30_the_isle_of_fear.mp3&dl_series=The Shadow&dl_title=The Isle Of Fear&dl_date=1938.10.30&dl_size=6.8 MB
The Shadow,https://radioechoes.com/?page=series&genre=OTR-Mystery&series=The%20Shadow,Shyster Payoff,1938.11.06,https://radioechoes.com/?page=play_download&mode=play&dl_mp3folder=T&dl_file=the_shadow_1938-11-06_shyster_payoff.mp3&dl_series=The Shadow&dl_title=Shyster Payoff&dl_date=1938.11.06&dl_size=6.9 MB
The Shadow,https://radioechoes.com/?page=series&genre=OTR-Mystery&series=The%20Shadow,Black Rock,1938.11.13,https://radioechoes.com/?page=play_download&mode=play&dl_mp3folder=T&dl_file=the_shadow_1938-11-13_black_rock.mp3&dl_series=The Shadow&dl_title=Black Rock&dl_date=1938.11.13&dl_size=6.89 MB
The Shadow,https://radioechoes.com/?page=series&genre=OTR-Mystery&series=The%20Shadow,Death Is Blind,1938.11.20,https://radioechoes.com/?page=play_download&mode=play&dl_mp3folder=T&dl_file=the_shadow_1938-11-20_death_is_blind.mp3&dl_series=The Shadow&dl_title=Death Is Blind&dl_date=1938.11.20&dl_size=6.61 MB
The Shadow,https://radioechoes.com/?page=series&genre=OTR-Mystery&series=The%20Shadow,Fountain Of Death,1938.11.27,https://radioechoes.com/?page=play_download&mode=play&dl_mp3folder=T&dl_file=the_shadow_1938-11-27_fountain_of_death.mp3&dl_series=The Shadow&dl_title=Fountain Of Death&dl_date=1938.11.27&dl_size=6.79 MB
The Shadow,https://radioechoes.com/?page=series&genre=OTR-Mystery&series=The%20Shadow,Murder In E Flat,1938.12.04,https://radioechoes.com/?page=play_download&mode=play&dl_mp3folder=T&dl_file=the_shadow_1938-12-04_murder_in_e_flat.mp3&dl_series=The Shadow&dl_title=Murder In E Flat&dl_date=1938.12.04&dl_size=6.6 MB
The Shadow,https://radioechoes.com/?page=series&genre=OTR-Mystery&series=The%20Shadow,Murder By Rescue,1938.12.11,https://radioechoes.com/?page=play_download&mode=play&dl_mp3folder=T&dl_file=the_shadow_1938-12-11_murder_by_rescue.mp3&dl_series=The Shadow&dl_title=Murder By Rescue&dl_date=1938.12.11&dl_size=6.78 MB
The Shadow,https://radioechoes.com/?page=series&genre=OTR-Mystery&series=The%20Shadow,Guest Of Death,1938.12.18,https://radioechoes.com/?page=play_download&mode=play&dl_mp3folder=T&dl_file=the_shadow_1938-12-18_guest_of_death.mp3&dl_series=The Shadow&dl_title=Guest Of Death&dl_date=1938.12.18&dl_size=6.58 MB
The Shadow,https://radioechoes.com/?page=series&genre=OTR-Mystery&series=The%20Shadow,The Man Who Murdered Time,1939.01.01,https://radioechoes.com/?page=play_download&mode=play&dl_mp3folder=T&dl_file=the_shadow_1939-01-01_the_man_who_murdered_time.mp3&dl_series=The Shadow&dl_title=The Man Who Murdered Time&dl_date=1939.01.01&dl_size=6.58 MB
The Shadow,https://radioechoes.com/?page=series&genre=OTR-Mystery&series=The%20Shadow,Island Of The Devil,1939.01.08,https://radioechoes.com/?page=play_download&mode=play&dl_mp3folder=T&dl_file=the_shadow_1939-01-08_island_of_the_devil.mp3&dl_series=The Shadow&dl_title=Island Of The Devil&dl_date=1939.01.08&dl_size=6.72 MB
The Shadow,https://radioechoes.com/?page=series&genre=OTR-Mystery&series=The%20Shadow,Ghosts Can Kill,1939.01.15,https://radioechoes.com/?page=play_download&mode=play&dl_mp3folder=T&dl_file=the_shadow_1939-01-15_ghosts_can_kill.mp3&dl_series=The Shadow&dl_title=Ghosts Can Kill&dl_date=1939.01.15&dl_size=6.47 MB
The Shadow,https://radioechoes.com/?page=series&genre=OTR-Mystery&series=The%20Shadow,Valley Of The Living Dead,1939.01.22,https://radioechoes.com/?page=play_download&mode=play&dl_mp3folder=T&dl_file=the_shadow_1939-01-22_valley_of_the_living_dead.mp3&dl_series=The Shadow&dl_title=Valley Of The Living Dead&dl_date=1939.01.22&dl_size=6.64 MB
The Shadow,https://radioechoes.com/?page=series&genre=OTR-Mystery&series=The%20Shadow,Prelude To Terror,1939.01.29,https://radioechoes.com/?page=play_download&mode=play&dl_mp3folder=T&dl_file=the_shadow_1939-01-29_prelude_to_terror.mp3&dl_series=The Shadow&dl_title=Prelude To Terror&dl_date=1939.01.29&dl_size=5.69 MB
The Shadow,https://radioechoes.com/?page=series&genre=OTR-Mystery&series=The%20Shadow,The Ghost Of Captain Bayloe,1939.02.05,https://radioechoes.com/?page=play_download&mode=play&dl_mp3folder=T&dl_file=the_shadow_1939-02-05_the_ghost_of_captain_bayloe.mp3&dl_series=The Shadow&dl_title=The Ghost Of Captain Bayloe&dl_date=1939.02.05&dl_size=5.38 MB
The Shadow,https://radioechoes.com/?page=series&genre=OTR-Mystery&series=The%20Shadow,Hypnotic Death,1939.02.12,https://radioechoes.com/?page=play_download&mode=play&dl_mp3folder=T&dl_file=the_shadow_1939-02-12_hypnotic_death.mp3&dl_series=The Shadow&dl_title=Hypnotic Death&dl_date=1939.02.12&dl_size=6.59 MB
The Shadow,https://radioechoes.com/?page=series&genre=OTR-Mystery&series=The%20Shadow,Friend Of Darkness,1939.02.19,https://radioechoes.com/?page=play_download&mode=play&dl_mp3folder=T&dl_file=the_shadow_1939-02-19_friend_of_darkness.mp3&dl_series=The Shadow&dl_title=Friend Of Darkness&dl_date=1939.02.19&dl_size=6.62 MB
The Shadow,https://radioechoes.com/?page=series&genre=OTR-Mystery&series=The%20Shadow,Horror In Wax,1939.02.26,https://radioechoes.com/?page=play_download&mode=play&dl_mp3folder=T&dl_file=the_shadow_1939-02-26_horror_in_wax.mp3&dl_series=The Shadow&dl_title=Horror In Wax&dl_date=1939.02.26&dl_size=6.65 MB
The Shadow,https://radioechoes.com/?page=series&genre=OTR-Mystery&series=The%20Shadow,Horror In Wax,1939.02.26,https://radioechoes.com/?page=play_download&mode=play&dl_mp3folder=T&dl_file=the_shadow_1939-02-26_horror_in_wax.mp3&dl_series=The Shadow&dl_title=Horror In Wax&dl_date=1939.02.26&dl_size=6.65 MB
The Shadow,https://radioechoes.com/?page=series&genre=OTR-Mystery&series=The%20Shadow,Sabotage By Air,1939.03.05,https://radioechoes.com/?page=play_download&mode=play&dl_mp3folder=T&dl_file=the_shadow_1939-03-05_sabotage_by_air.mp3&dl_series=The Shadow&dl_title=Sabotage By Air&dl_date=1939.03.05&dl_size=6.6 MB
The Shadow,https://radioechoes.com/?page=series&genre=OTR-Mystery&series=The%20Shadow,Appointment With Death,1939.03.12,https://radioechoes.com/?page=play_download&mode=play&dl_mp3folder=T&dl_file=the_shadow_1939-03-12_appointment_with_death.mp3&dl_series=The Shadow&dl_title=Appointment With Death&dl_date=1939.03.12&dl_size=5.72 MB
The Shadow,https://radioechoes.com/?page=series&genre=OTR-Mystery&series=The%20Shadow,Can The Dead Talk,1939.03.19,https://radioechoes.com/?page=play_download&mode=play&dl_mp3folder=T&dl_file=the_shadow_1939-03-19_can_the_dead_talk.mp3&dl_series=The Shadow&dl_title=Can The Dead Talk&dl_date=1939.03.19&dl_size=6.19 MB
The Shadow,https://radioechoes.com/?page=series&genre=OTR-Mystery&series=The%20Shadow,Dead Men Talk,1939.09.24,https://radioechoes.com/?page=play_download&mode=play&dl_mp3folder=T&dl_file=the_shadow_1939-09-24_dead_men_talk.mp3&dl_series=The Shadow&dl_title=Dead Men Talk&dl_date=1939.09.24&dl_size=5.66 MB
The Shadow,https://radioechoes.com/?page=series&genre=OTR-Mystery&series=The%20Shadow,The Night Marauders,1939.10.01,https://radioechoes.com/?page=play_download&mode=play&dl_mp3folder=T&dl_file=the_shadow_1939-10-01_the_night_marauders.mp3&dl_series=The Shadow&dl_title=The Night Marauders&dl_date=1939.10.01&dl_size=5.23 MB
The Shadow,https://radioechoes.com/?page=series&genre=OTR-Mystery&series=The%20Shadow,The Diamond Murders,1939.10.08,https://radioechoes.com/?page=play_download&mode=play&dl_mp3folder=T&dl_file=the_shadow_1939-10-08_the_diamond_murders.mp3&dl_series=The Shadow&dl_title=The Diamond Murders&dl_date=1939.10.08&dl_size=5.75 MB
The Shadow,https://radioechoes.com/?page=series&genre=OTR-Mystery&series=The%20Shadow,The Village Of Doom,1939.10.15,https://radioechoes.com/?page=play_download&mode=play&dl_mp3folder=T&dl_file=the_shadow_1939-10-15_the_village_of_doom.mp3&dl_series=The Shadow&dl_title=The Village Of Doom&dl_date=1939.10.15&dl_size=5.7 MB
The Shadow,https://radioechoes.com/?page=series&genre=OTR-Mystery&series=The%20Shadow,House Of Fun,1939.10.22,https://radioechoes.com/?page=play_download&mode=play&dl_mp3folder=T&dl_file=the_shadow_1939-10-22_house_of_fun.mp3&dl_series=The Shadow&dl_title=House Of Fun&dl_date=1939.10.22&dl_size=5.75 MB
The Shadow,https://radioechoes.com/?page=series&genre=OTR-Mystery&series=The%20Shadow,Phantom Fingerprints,1939.10.29,https://radioechoes.com/?page=play_download&mode=play&dl_mp3folder=T&dl_file=the_shadow_1939-10-29_phantom_fingerprints.mp3&dl_series=The Shadow&dl_title=Phantom Fingerprints&dl_date=1939.10.29&dl_size=5.57 MB
The Shadow,https://radioechoes.com/?page=series&genre=OTR-Mystery&series=The%20Shadow,Mansion Of Madness,1939.11.05,https://radioechoes.com/?page=play_download&mode=play&dl_mp3folder=T&dl_file=the_shadow_1939-11-05_mansion_of_madness.mp3&dl_series=The Shadow&dl_title=Mansion Of Madness&dl_date=1939.11.05&dl_size=5.62 MB
The Shadow,https://radioechoes.com/?page=series&genre=OTR-Mystery&series=The%20Shadow,Inventor Of Death,1939.11.12,https://radioechoes.com/?page=play_download&mode=play&dl_mp3folder=T&dl_file=the_shadow_1939-11-12_inventor_of_death.mp3&dl_series=The Shadow&dl_title=Inventor Of Death&dl_date=1939.11.12&dl_size=5.6 MB
The Shadow,https://radioechoes.com/?page=series&genre=OTR-Mystery&series=The%20Shadow,The Shadow Returns,1939.11.19,https://radioechoes.com/?page=play_download&mode=play&dl_mp3folder=T&dl_file=the_shadow_1939-11-19_the_shadow_returns.mp3&dl_series=The Shadow&dl_title=The Shadow Returns&dl_date=1939.11.19&dl_size=5.78 MB
The Shadow,https://radioechoes.com/?page=series&genre=OTR-Mystery&series=The%20Shadow,The Sandhog Murders,1939.11.26,https://radioechoes.com/?page=play_download&mode=play&dl_mp3folder=T&dl_file=the_shadow_1939-11-26_the_sandhog_murders.mp3&dl_series=The Shadow&dl_title=The Sandhog Murders&dl_date=1939.11.26&dl_size=5.2 MB
The Shadow,https://radioechoes.com/?page=series&genre=OTR-Mystery&series=The%20Shadow,Death Shows The Way,1939.12.03,https://radioechoes.com/?page=play_download&mode=play&dl_mp3folder=T&dl_file=the_shadow_1939-12-03_death_shows_the_way.mp3&dl_series=The Shadow&dl_title=Death Shows The Way&dl_date=1939.12.03&dl_size=5.55 MB
The Shadow,https://radioechoes.com/?page=series&genre=OTR-Mystery&series=The%20Shadow,The Flight Of The Vulture,1939.12.10,https://radioechoes.com/?page=play_download&mode=play&dl_mp3folder=T&dl_file=the_shadow_1939-12-10_the_flight_of_the_vulture.mp3&dl_series=The Shadow&dl_title=The Flight Of The Vulture&dl_date=1939.12.10&dl_size=5.44 MB
The Shadow,https://radioechoes.com/?page=series&genre=OTR-Mystery&series=The%20Shadow,Murder Incorporated,1939.12.17,https://radioechoes.com/?page=play_download&mode=play&dl_mp3folder=T&dl_file=the_shadow_1939-12-17_murder_incorporated.mp3&dl_series=The Shadow&dl_title=Murder Incorporated&dl_date=1939.12.17&dl_size=5.53 MB
The Shadow,https://radioechoes.com/?page=series&genre=OTR-Mystery&series=The%20Shadow,The Stockings Were Hung,1939.12.24,https://radioechoes.com/?page=play_download&mode=play&dl_mp3folder=T&dl_file=the_shadow_1939-12-24_the_stockings_were_hung.mp3&dl_series=The Shadow&dl_title=The Stockings Were Hung&dl_date=1939.12.24&dl_size=5.7 MB
The Shadow,https://radioechoes.com/?page=series&genre=OTR-Mystery&series=The%20Shadow,The Cat That Killed,1939.12.31,https://radioechoes.com/?page=play_download&mode=play&dl_mp3folder=T&dl_file=the_shadow_1939-12-31_the_cat_that_killed.mp3&dl_series=The Shadow&dl_title=The Cat That Killed&dl_date=1939.12.31&dl_size=5.99 MB
The Shadow,https://radioechoes.com/?page=series&genre=OTR-Mystery&series=The%20Shadow,Murder In The Death House,1940.01.07,https://radioechoes.com/?page=play_download&mode=play&dl_mp3folder=T&dl_file=the_shadow_1940-01-07_murder_in_the_death_house.mp3&dl_series=The Shadow&dl_title=Murder In The Death House&dl_date=1940.01.07&dl_size=5.58 MB
The Shadow,https://radioechoes.com/?page=series&genre=OTR-Mystery&series=The%20Shadow,The Precipice Called Death,1940.01.21,https://radioechoes.com/?page=play_download&mode=play&dl_mp3folder=T&dl_file=the_shadow_1940-01-21_the_precipice_called_death.mp3&dl_series=The Shadow&dl_title=The Precipice Called Death&dl_date=1940.01.21&dl_size=5.78 MB
The Shadow,https://radioechoes.com/?page=series&genre=OTR-Mystery&series=The%20Shadow,The Return Of Carnation Charlie,1940.02.04,https://radioechoes.com/?page=play_download&mode=play&dl_mp3folder=T&dl_file=the_shadow_1940-02-04_the_return_of_carnation_charlie.mp3&dl_series=The Shadow&dl_title=The Return Of Carnation Charlie&dl_date=1940.02.04&dl_size=5.23 MB
The Shadow,https://radioechoes.com/?page=series&genre=OTR-Mystery&series=The%20Shadow,Death Is An Art,1940.02.11,https://radioechoes.com/?page=play_download&mode=play&dl_mp3folder=T&dl_file=the_shadow_1940-02-11_death_is_an_art.mp3&dl_series=The Shadow&dl_title=Death Is An Art&dl_date=1940.02.11&dl_size=5.39 MB
The Shadow,https://radioechoes.com/?page=series&genre=OTR-Mystery&series=The%20Shadow,Death On The Bridge,1940.03.03,https://radioechoes.com/?page=play_download&mode=play&dl_mp3folder=T&dl_file=the_shadow_1940-03-03_death_on_the_bridge.mp3&dl_series=The Shadow&dl_title=Death On The Bridge&dl_date=1940.03.03&dl_size=5.64 MB
The Shadow,https://radioechoes.com/?page=series&genre=OTR-Mystery&series=The%20Shadow,The Laughing Corpse,1940.03.10,https://radioechoes.com/?page=play_download&mode=play&dl_mp3folder=T&dl_file=the_shadow_1940-03-10_the_laughing_corpse.mp3&dl_series=The Shadow&dl_title=The Laughing Corpse&dl_date=1940.03.10&dl_size=5.91 MB
The Shadow,https://radioechoes.com/?page=series&genre=OTR-Mystery&series=The%20Shadow,Murderer's Vanity,1940.03.17,https://radioechoes.com/?page=play_download&mode=play&dl_mp3folder=T&dl_file=the_shadow_1940-03-17_murderers_vanity.mp3&dl_series=The Shadow&dl_title=Murderer's Vanity&dl_date=1940.03.17&dl_size=5.71 MB
The Shadow,https://radioechoes.com/?page=series&genre=OTR-Mystery&series=The%20Shadow,The Plot That Failed,1940.03.24,https://radioechoes.com/?page=play_download&mode=play&dl_mp3folder=T&dl_file=the_shadow_1940-03-24_the_plot_that_failed.mp3&dl_series=The Shadow&dl_title=The Plot That Failed&dl_date=1940.03.24&dl_size=6.79 MB
The Shadow,https://radioechoes.com/?page=series&genre=OTR-Mystery&series=The%20Shadow,Death In A Minor Key,1940.09.29,https://radioechoes.com/?page=play_download&mode=play&dl_mp3folder=T&dl_file=the_shadow_1940-09-29_death_in_a_minor_key.mp3&dl_series=The Shadow&dl_title=Death In A Minor Key&dl_date=1940.09.29&dl_size=6.6 MB
The Shadow,https://radioechoes.com/?page=series&genre=OTR-Mystery&series=The%20Shadow,Ghost Town,1940.10.06,https://radioechoes.com/?page=play_download&mode=play&dl_mp3folder=T&dl_file=the_shadow_1940-10-06_ghost_town.mp3&dl_series=The Shadow&dl_title=Ghost Town&dl_date=1940.10.06&dl_size=6.23 MB
The Shadow,https://radioechoes.com/?page=series&genre=OTR-Mystery&series=The%20Shadow,The Isle Of The Living Dead,1940.10.13,https://radioechoes.com/?page=play_download&mode=play&dl_mp3folder=T&dl_file=the_shadow_1940-10-13_the_isle_of_the_living_dead.mp3&dl_series=The Shadow&dl_title=The Isle Of The Living Dead&dl_date=1940.10.13&dl_size=6.8 MB
The Shadow,https://radioechoes.com/?page=series&genre=OTR-Mystery&series=The%20Shadow,The Oracle Of Death,1940.10.20,https://radioechoes.com/?page=play_download&mode=play&dl_mp3folder=T&dl_file=the_shadow_1940-10-20_the_oracle_of_death.mp3&dl_series=The Shadow&dl_title=The Oracle Of Death&dl_date=1940.10.20&dl_size=6.71 MB
The Shadow,https://radioechoes.com/?page=series&genre=OTR-Mystery&series=The%20Shadow,The Mark Of The Black Widow,1940.10.27,https://radioechoes.com/?page=play_download&mode=play&dl_mp3folder=T&dl_file=the_shadow_1940-10-27_the_mark_of_the_black_widow.mp3&dl_series=The Shadow&dl_title=The Mark Of The Black Widow&dl_date=1940.10.27&dl_size=5.82 MB
The Shadow,https://radioechoes.com/?page=series&genre=OTR-Mystery&series=The%20Shadow,The Creeper,1940.11.03,https://radioechoes.com/?page=play_download&mode=play&dl_mp3folder=T&dl_file=the_shadow_1940-11-03_the_creeper.mp3&dl_series=The Shadow&dl_title=The Creeper&dl_date=1940.11.03&dl_size=5.47 MB
The Shadow,https://radioechoes.com/?page=series&genre=OTR-Mystery&series=The%20Shadow,Carnival Of Death,1940.11.10,https://radioechoes.com/?page=play_download&mode=play&dl_mp3folder=T&dl_file=the_shadow_1940-11-10_carnival_of_death.mp3&dl_series=The Shadow&dl_title=Carnival Of Death&dl_date=1940.11.10&dl_size=5.48 MB
The Shadow,https://radioechoes.com/?page=series&genre=OTR-Mystery&series=The%20Shadow,The House Of Horror,1940.11.17,https://radioechoes.com/?page=play_download&mode=play&dl_mp3folder=T&dl_file=the_shadow_1940-11-17_the_house_of_horror.mp3&dl_series=The Shadow&dl_title=The House Of Horror&dl_date=1940.11.17&dl_size=5.22 MB
The Shadow,https://radioechoes.com/?page=series&genre=OTR-Mystery&series=The%20Shadow,The Green Man,1940.11.24,https://radioechoes.com/?page=play_download&mode=play&dl_mp3folder=T&dl_file=the_shadow_1940-11-24_the_green_man.mp3&dl_series=The Shadow&dl_title=The Green Man&dl_date=1940.11.24&dl_size=5.52 MB
The Shadow,https://radioechoes.com/?page=series&genre=OTR-Mystery&series=The%20Shadow,The Curse Of Shiva,1940.12.01,https://radioechoes.com/?page=play_download&mode=play&dl_mp3folder=T&dl_file=the_shadow_1940-12-01_the_curse_of_shiva.mp3&dl_series=The Shadow&dl_title=The Curse Of Shiva&dl_date=1940.12.01&dl_size=5.55 MB
The Shadow,https://radioechoes.com/?page=series&genre=OTR-Mystery&series=The%20Shadow,The Voice Of Death,1940.12.08,https://radioechoes.com/?page=play_download&mode=play&dl_mp3folder=T&dl_file=the_shadow_1940-12-08_the_voice_of_death.mp3&dl_series=The Shadow&dl_title=The Voice Of Death&dl_date=1940.12.08&dl_size=5.54 MB
The Shadow,https://radioechoes.com/?page=series&genre=OTR-Mystery&series=The%20Shadow,The Killer's Rendezvous,1940.12.15,https://radioechoes.com/?page=play_download&mode=play&dl_mp3folder=T&dl_file=the_shadow_1940-12-15_the_killers_rendezvous.mp3&dl_series=The Shadow&dl_title=The Killer's Rendezvous&dl_date=1940.12.15&dl_size=5.72 MB
The Shadow,https://radioechoes.com/?page=series&genre=OTR-Mystery&series=The%20Shadow,Joey's Christmas Story,1940.12.22,https://radioechoes.com/?page=play_download&mode=play&dl_mp3folder=T&dl_file=the_shadow_1940-12-22_joeys_christmas_story.mp3&dl_series=The Shadow&dl_title=Joey's Christmas Story&dl_date=1940.12.22&dl_size=6.67 MB
The Shadow,https://radioechoes.com/?page=series&genre=OTR-Mystery&series=The%20Shadow,The Ghost Of The Stair,1940.12.29,https://radioechoes.com/?page=play_download&mode=play&dl_mp3folder=T&dl_file=the_shadow_1940-12-29_the_ghost_of_the_stair.mp3&dl_series=The Shadow&dl_title=The Ghost Of The Stair&dl_date=1940.12.29&dl_size=6.66 MB
The Shadow,https://radioechoes.com/?page=series&genre=OTR-Mystery&series=The%20Shadow,The Leopard Strikes,1941.01.05,https://radioechoes.com/?page=play_download&mode=play&dl_mp3folder=T&dl_file=the_shadow_1941-01-05_the_leopard_strikes.mp3&dl_series=The Shadow&dl_title=The Leopard Strikes&dl_date=1941.01.05&dl_size=6.8 MB
The Shadow,https://radioechoes.com/?page=series&genre=OTR-Mystery&series=The%20Shadow,The Ghost Building,1941.01.12,https://radioechoes.com/?page=play_download&mode=play&dl_mp3folder=T&dl_file=the_shadow_1941-01-12_the_ghost_building.mp3&dl_series=The Shadow&dl_title=The Ghost Building&dl_date=1941.01.12&dl_size=6.79 MB
The Shadow,https://radioechoes.com/?page=series&genre=OTR-Mystery&series=The%20Shadow,The Shadow Challenged,1941.01.19,https://radioechoes.com/?page=play_download&mode=play&dl_mp3folder=T&dl_file=the_shadow_1941-01-19_the_shadow_challenged.mp3&dl_series=The Shadow&dl_title=The Shadow Challenged&dl_date=1941.01.19&dl_size=6.67 MB
The Shadow,https://radioechoes.com/?page=series&genre=OTR-Mystery&series=The%20Shadow,The Ghost Of Caleb Mackenzie,1941.01.26,https://radioechoes.com/?page=play_download&mode=play&dl_mp3folder=T&dl_file=the_shadow_1941-01-26_the_ghost_of_caleb_mackenzie.mp3&dl_series=The Shadow&dl_title=The Ghost Of Caleb Mackenzie&dl_date=1941.01.26&dl_size=6.78 MB
The Shadow,https://radioechoes.com/?page=series&genre=OTR-Mystery&series=The%20Shadow,Nightmare At Gaelsberry,1941.02.02,https://radioechoes.com/?page=play_download&mode=play&dl_mp3folder=T&dl_file=the_shadow_1941-02-02_nightmare_at_gaelsberry.mp3&dl_series=The Shadow&dl_title=Nightmare At Gaelsberry&dl_date=1941.02.02&dl_size=5.57 MB
The Shadow,https://radioechoes.com/?page=series&genre=OTR-Mystery&series=The%20Shadow,The Man Who Lived Twice,1941.02.09,https://radioechoes.com/?page=play_download&mode=play&dl_mp3folder=T&dl_file=the_shadow_1941-02-09_the_man_who_lived_twice.mp3&dl_series=The Shadow&dl_title=The Man Who Lived Twice&dl_date=1941.02.09&dl_size=5.9 MB
The Shadow,https://radioechoes.com/?page=series&genre=OTR-Mystery&series=The%20Shadow,The Phantom Voyage,1941.02.16,https://radioechoes.com/?page=play_download&mode=play&dl_mp3folder=T&dl_file=the_shadow_1941-02-16_the_phantom_voyage.mp3&dl_series=The Shadow&dl_title=The Phantom Voyage&dl_date=1941.02.16&dl_size=5.7 MB
The Shadow,https://radioechoes.com/?page=series&genre=OTR-Mystery&series=The%20Shadow,The Chess Club Murders,1941.02.23,https://radioechoes.com/?page=play_download&mode=play&dl_mp3folder=T&dl_file=the_shadow_1941-02-23_the_chess_club_murders.mp3&dl_series=The Shadow&dl_title=The Chess Club Murders&dl_date=1941.02.23&dl_size=6.73 MB
The Shadow,https://radioechoes.com/?page=series&genre=OTR-Mystery&series=The%20Shadow,Death Rides A Broomstick,1941.03.02,https://radioechoes.com/?page=play_download&mode=play&dl_mp3folder=T&dl_file=the_shadow_1941-03-02_death_rides_a_broomstick.mp3&dl_series=The Shadow&dl_title=Death Rides A Broomstick&dl_date=1941.03.02&dl_size=6.62 MB
The Shadow,https://radioechoes.com/?page=series&genre=OTR-Mystery&series=The%20Shadow,Murder Underground,1941.03.09,https://radioechoes.com/?page=play_download&mode=play&dl_mp3folder=T&dl_file=the_shadow_1941-03-09_murder_underground.mp3&dl_series=The Shadow&dl_title=Murder Underground&dl_date=1941.03.09&dl_size=5.92 MB
The Shadow,https://radioechoes.com/?page=series&genre=OTR-Mystery&series=The%20Shadow,The Ghost Walks Again,1941.03.16,https://radioechoes.com/?page=play_download&mode=play&dl_mp3folder=T&dl_file=the_shadow_1941-03-16_the_ghost_walks_again.mp3&dl_series=The Shadow&dl_title=The Ghost Walks Again&dl_date=1941.03.16&dl_size=5.69 MB
The Shadow,https://radioechoes.com/?page=series&genre=OTR-Mystery&series=The%20Shadow,The Death Prowls At Night,1941.03.23,https://radioechoes.com/?page=play_download&mode=play&dl_mp3folder=T&dl_file=the_shadow_1941-03-23_the_death_prowls_at_night.mp3&dl_series=The Shadow&dl_title=The Death Prowls At Night&dl_date=1941.03.23&dl_size=5.64 MB
The Shadow,https://radioechoes.com/?page=series&genre=OTR-Mystery&series=The%20Shadow,Voodoo,1941.03.30,https://radioechoes.com/?page=play_download&mode=play&dl_mp3folder=T&dl_file=the_shadow_1941-03-30_voodoo.mp3&dl_series=The Shadow&dl_title=Voodoo&dl_date=1941.03.30&dl_size=5.47 MB
The Shadow,https://radioechoes.com/?page=series&genre=OTR-Mystery&series=The%20Shadow,Murder From The Grave,1941.04.06,https://radioechoes.com/?page=play_download&mode=play&dl_mp3folder=T&dl_file=the_shadow_1941-04-06_murder_from_the_grave.mp3&dl_series=The Shadow&dl_title=Murder From The Grave&dl_date=1941.04.06&dl_size=6.06 MB
The Shadow,https://radioechoes.com/?page=series&genre=OTR-Mystery&series=The%20Shadow,Death On The Rails,1941.04.13,https://radioechoes.com/?page=play_download&mode=play&dl_mp3folder=T&dl_file=the_shadow_1941-04-13_death_on_the_rails.mp3&dl_series=The Shadow&dl_title=Death On The Rails&dl_date=1941.04.13&dl_size=5.44 MB
The Shadow,https://radioechoes.com/?page=series&genre=OTR-Mystery&series=The%20Shadow,The Dragon's Toungue Murders,1941.10.12,https://radioechoes.com/?page=play_download&mode=play&dl_mp3folder=T&dl_file=the_shadow_1941-10-12_the_dragons_toungue_murders.mp3&dl_series=The Shadow&dl_title=The Dragon's Toungue Murders&dl_date=1941.10.12&dl_size=6.81 MB
The Shadow,https://radioechoes.com/?page=series&genre=OTR-Mystery&series=The%20Shadow,The Hoodoo Ship,1941.10.19,https://radioechoes.com/?page=play_download&mode=play&dl_mp3folder=T&dl_file=the_shadow_1941-10-19_the_hoodoo_ship.mp3&dl_series=The Shadow&dl_title=The Hoodoo Ship&dl_date=1941.10.19&dl_size=6.58 MB
The Shadow,https://radioechoes.com/?page=series&genre=OTR-Mystery&series=The%20Shadow,The Devil's Hour,1941.10.26,https://radioechoes.com/?page=play_download&mode=play&dl_mp3folder=T&dl_file=the_shadow_1941-10-26_the_devils_hour.mp3&dl_series=The Shadow&dl_title=The Devil's Hour&dl_date=1941.10.26&dl_size=6.83 MB
The Shadow,https://radioechoes.com/?page=series&genre=OTR-Mystery&series=The%20Shadow,The Organ Played At Midnight,1941.11.09,https://radioechoes.com/?page=play_download&mode=play&dl_mp3folder=T&dl_file=the_shadow_1941-11-09_the_organ_played_at_midnight.mp3&dl_series=The Shadow&dl_title=The Organ Played At Midnight&dl_date=1941.11.09&dl_size=6.8 MB
The Shadow,https://radioechoes.com/?page=series&genre=OTR-Mystery&series=The%20Shadow,The Case Of The Three Frightened Policemen,1941.11.16,https://radioechoes.com/?page=play_download&mode=play&dl_mp3folder=T&dl_file=the_shadow_1941-11-16_the_case_of_the_three_frightened_policemen.mp3&dl_series=The Shadow&dl_title=The Case Of The Three Frightened Policemen&dl_date=1941.11.16&dl_size=6.71 MB
The Shadow,https://radioechoes.com/?page=series&genre=OTR-Mystery&series=The%20Shadow,The Ring Of Light,1941.11.23,https://radioechoes.com/?page=play_download&mode=play&dl_mp3folder=T&dl_file=the_shadow_1941-11-23_the_ring_of_light.mp3&dl_series=The Shadow&dl_title=The Ring Of Light&dl_date=1941.11.23&dl_size=6.47 MB
The Shadow,https://radioechoes.com/?page=series&genre=OTR-Mystery&series=The%20Shadow,Death Imported,1941.12.21,https://radioechoes.com/?page=play_download&mode=play&dl_mp3folder=T&dl_file=the_shadow_1941-12-21_death_imported.mp3&dl_series=The Shadow&dl_title=Death Imported&dl_date=1941.12.21&dl_size=6.83 MB
The Shadow,https://radioechoes.com/?page=series&genre=OTR-Mystery&series=The%20Shadow,Death Pulls The Strings,1942.01.04,https://radioechoes.com/?page=play_download&mode=play&dl_mp3folder=T&dl_file=the_shadow_1942-01-04_death_pulls_the_strings.mp3&dl_series=The Shadow&dl_title=Death Pulls The Strings&dl_date=1942.01.04&dl_size=6.83 MB
The Shadow,https://radioechoes.com/?page=series&genre=OTR-Mystery&series=The%20Shadow,The Drums Of Doom,1942.01.11,https://radioechoes.com/?page=play_download&mode=play&dl_mp3folder=T&dl_file=the_shadow_1942-01-11_the_drums_of_doom.mp3&dl_series=The Shadow&dl_title=The Drums Of Doom&dl_date=1942.01.11&dl_size=6.79 MB
The Shadow,https://radioechoes.com/?page=series&genre=OTR-Mystery&series=The%20Shadow,The Thing In The Swamp,1942.01.18,https://radioechoes.com/?page=play_download&mode=play&dl_mp3folder=T&dl_file=the_shadow_1942-01-18_the_thing_in_the_swamp.mp3&dl_series=The Shadow&dl_title=The Thing In The Swamp&dl_date=1942.01.18&dl_size=6.7 MB
The Shadow,https://radioechoes.com/?page=series&genre=OTR-Mystery&series=The%20Shadow,Dead Man's Revenge,1942.01.25,https://radioechoes.com/?page=play_download&mode=play&dl_mp3folder=T&dl_file=the_shadow_1942-01-25_dead_mans_revenge.mp3&dl_series=The Shadow&dl_title=Dead Man's Revenge&dl_date=1942.01.25&dl_size=6.8 MB
The Shadow,https://radioechoes.com/?page=series&genre=OTR-Mystery&series=The%20Shadow,The Return Of Anatole Chevanic,1942.02.01,https://radioechoes.com/?page=play_download&mode=play&dl_mp3folder=T&dl_file=the_shadow_1942-02-01_the_return_of_anatole_chevanic.mp3&dl_series=The Shadow&dl_title=The Return Of Anatole Chevanic&dl_date=1942.02.01&dl_size=6.54 MB
The Shadow,https://radioechoes.com/?page=series&genre=OTR-Mystery&series=The%20Shadow,Death Speaks Twice,1942.02.15,https://radioechoes.com/?page=play_download&mode=play&dl_mp3folder=T&dl_file=the_shadow_1942-02-15_death_speaks_twice.mp3&dl_series=The Shadow&dl_title=Death Speaks Twice&dl_date=1942.02.15&dl_size=6.72 MB
The Shadow,https://radioechoes.com/?page=series&genre=OTR-Mystery&series=The%20Shadow,Death Gives An Encore,1942.02.22,https://radioechoes.com/?page=play_download&mode=play&dl_mp3folder=T&dl_file=the_shadow_1942-02-22_death_gives_an_encore.mp3&dl_series=The Shadow&dl_title=Death Gives An Encore&dl_date=1942.02.22&dl_size=6.71 MB
The Shadow,https://radioechoes.com/?page=series&genre=OTR-Mystery&series=The%20Shadow,Dead Men Tell,1942.03.01,https://radioechoes.com/?page=play_download&mode=play&dl_mp3folder=T&dl_file=the_shadow_1942-03-01_dead_men_tell.mp3&dl_series=The Shadow&dl_title=Dead Men Tell&dl_date=1942.03.01&dl_size=4.92 MB
The Shadow,https://radioechoes.com/?page=series&genre=OTR-Mystery&series=The%20Shadow,Altar Of Death,1942.03.15,https://radioechoes.com/?page=play_download&mode=play&dl_mp3folder=T&dl_file=the_shadow_1942-03-15_altar_of_death.mp3&dl_series=The Shadow&dl_title=Altar Of Death&dl_date=1942.03.15&dl_size=6.79 MB
The Shadow,https://radioechoes.com/?page=series&genre=OTR-Mystery&series=The%20Shadow,The Mystery Of Madman's Deep,1942.10.25,https://radioechoes.com/?page=play_download&mode=play&dl_mp3folder=T&dl_file=the_shadow_1942-10-25_the_mystery_of_madmans_deep.mp3&dl_series=The Shadow&dl_title=The Mystery Of Madman's Deep&dl_date=1942.10.25&dl_size=6.53 MB
The Shadow,https://radioechoes.com/?page=series&genre=OTR-Mystery&series=The%20Shadow,Death Keeps A Deadline,1942.11.01,https://radioechoes.com/?page=play_download&mode=play&dl_mp3folder=T&dl_file=the_shadow_1942-11-01_death_keeps_a_deadline.mp3&dl_series=The Shadow&dl_title=Death Keeps A Deadline&dl_date=1942.11.01&dl_size=6.62 MB
The Shadow,https://radioechoes.com/?page=series&genre=OTR-Mystery&series=The%20Shadow,The Wailing Corpse,1942.11.08,https://radioechoes.com/?page=play_download&mode=play&dl_mp3folder=T&dl_file=the_shadow_1942-11-08_the_wailing_corpse.mp3&dl_series=The Shadow&dl_title=The Wailing Corpse&dl_date=1942.11.08&dl_size=6.03 MB
The Shadow,https://radioechoes.com/?page=series&genre=OTR-Mystery&series=The%20Shadow,The Lady In Black,1942.11.22,https://radioechoes.com/?page=play_download&mode=play&dl_mp3folder=T&dl_file=the_shadow_1942-11-22_the_lady_in_black.mp3&dl_series=The Shadow&dl_title=The Lady In Black&dl_date=1942.11.22&dl_size=6.69 MB
The Shadow,https://radioechoes.com/?page=series&genre=OTR-Mystery&series=The%20Shadow,Death Shoots An Arrow,1942.12.06,https://radioechoes.com/?page=play_download&mode=play&dl_mp3folder=T&dl_file=the_shadow_1942-12-06_death_shoots_an_arrow.mp3&dl_series=The Shadow&dl_title=Death Shoots An Arrow&dl_date=1942.12.06&dl_size=6.48 MB
The Shadow,https://radioechoes.com/?page=series&genre=OTR-Mystery&series=The%20Shadow,The Touch Of Death,1943.02.28,https://radioechoes.com/?page=play_download&mode=play&dl_mp3folder=T&dl_file=the_shadow_1943-02-28_the_touch_of_death.mp3&dl_series=The Shadow&dl_title=The Touch Of Death&dl_date=1943.02.28&dl_size=13.56 MB
The Shadow,https://radioechoes.com/?page=series&genre=OTR-Mystery&series=The%20Shadow,Spotlight On The Duchess,1943.09.16,https://radioechoes.com/?page=play_download&mode=play&dl_mp3folder=T&dl_file=the_shadow_1943-09-16_spotlight_on_the_duchess.mp3&dl_series=The Shadow&dl_title=Spotlight On The Duchess&dl_date=1943.09.16&dl_size=6.29 MB
The Shadow,https://radioechoes.com/?page=series&genre=OTR-Mystery&series=The%20Shadow,The Gibbering Things,1943.09.26,https://radioechoes.com/?page=play_download&mode=play&dl_mp3folder=T&dl_file=the_shadow_1943-09-26_the_gibbering_things.mp3&dl_series=The Shadow&dl_title=The Gibbering Things&dl_date=1943.09.26&dl_size=6.53 MB
The Shadow,https://radioechoes.com/?page=series&genre=OTR-Mystery&series=The%20Shadow,The Crystal Globe,1943.10.03,https://radioechoes.com/?page=play_download&mode=play&dl_mp3folder=T&dl_file=the_shadow_1943-10-03_the_crystal_globe.mp3&dl_series=The Shadow&dl_title=The Crystal Globe&dl_date=1943.10.03&dl_size=6.74 MB
The Shadow,https://radioechoes.com/?page=series&genre=OTR-Mystery&series=The%20Shadow,The Brief Fame Of John Copper,1943.11.04,https://radioechoes.com/?page=play_download&mode=play&dl_mp3folder=T&dl_file=the_shadow_1943-11-04_the_brief_fame_of_john_copper.mp3&dl_series=The Shadow&dl_title=The Brief Fame Of John Copper&dl_date=1943.11.04&dl_size=6.55 MB
The Shadow,https://radioechoes.com/?page=series&genre=OTR-Mystery&series=The%20Shadow,The Case Of The Burning Skull,1943.11.18,https://radioechoes.com/?page=play_download&mode=play&dl_mp3folder=T&dl_file=the_shadow_1943-11-18_the_case_of_the_burning_skull.mp3&dl_series=The Shadow&dl_title=The Case Of The Burning Skull&dl_date=1943.11.18&dl_size=5.85 MB
The Shadow,https://radioechoes.com/?page=series&genre=OTR-Mystery&series=The%20Shadow,Bubbling Death,1943.12.05,https://radioechoes.com/?page=play_download&mode=play&dl_mp3folder=T&dl_file=the_shadow_1943-12-05_bubbling_death.mp3&dl_series=The Shadow&dl_title=Bubbling Death&dl_date=1943.12.05&dl_size=5.83 MB
The Shadow,https://radioechoes.com/?page=series&genre=OTR-Mystery&series=The%20Shadow,Club Of Doom,1943.12.19,https://radioechoes.com/?page=play_download&mode=play&dl_mp3folder=T&dl_file=the_shadow_1943-12-19_club_of_doom.mp3&dl_series=The Shadow&dl_title=Club Of Doom&dl_date=1943.12.19&dl_size=5.53 MB
The Shadow,https://radioechoes.com/?page=series&genre=OTR-Mystery&series=The%20Shadow,The Juggernaut,1944.01.13,https://radioechoes.com/?page=play_download&mode=play&dl_mp3folder=T&dl_file=the_shadow_1944-01-13_the_juggernaut.mp3&dl_series=The Shadow&dl_title=The Juggernaut&dl_date=1944.01.13&dl_size=6.53 MB
The Shadow,https://radioechoes.com/?page=series&genre=OTR-Mystery&series=The%20Shadow,A Pass To Death,1944.02.06,https://radioechoes.com/?page=play_download&mode=play&dl_mp3folder=T&dl_file=the_shadow_1944-02-06_a_pass_to_death.mp3&dl_series=The Shadow&dl_title=A Pass To Death&dl_date=1944.02.06&dl_size=6.59 MB
The Shadow,https://radioechoes.com/?page=series&genre=OTR-Mystery&series=The%20Shadow,Death To The Shadow,1944.03.12,https://radioechoes.com/?page=play_download&mode=play&dl_mp3folder=T&dl_file=the_shadow_1944-03-12_death_to_the_shadow.mp3&dl_series=The Shadow&dl_title=Death To The Shadow&dl_date=1944.03.12&dl_size=6.83 MB
The Shadow,https://radioechoes.com/?page=series&genre=OTR-Mystery&series=The%20Shadow,Drums Of Doom,1944.03.19,https://radioechoes.com/?page=play_download&mode=play&dl_mp3folder=T&dl_file=the_shadow_1944-03-19_drums_of_doom.mp3&dl_series=The Shadow&dl_title=Drums Of Doom&dl_date=1944.03.19&dl_size=6.75 MB
The Shadow,https://radioechoes.com/?page=series&genre=OTR-Mystery&series=The%20Shadow,The Man Who Dreamed Too Much,1944.11.19,https://radioechoes.com/?page=play_download&mode=play&dl_mp3folder=T&dl_file=the_shadow_1944-11-19_the_man_who_dreamed_too_much.mp3&dl_series=The Shadow&dl_title=The Man Who Dreamed Too Much&dl_date=1944.11.19&dl_size=7.15 MB
The Shadow,https://radioechoes.com/?page=series&genre=OTR-Mystery&series=The%20Shadow,Death Is Just Around The Corner,1945.01.21,https://radioechoes.com/?page=play_download&mode=play&dl_mp3folder=T&dl_file=the_shadow_1945-01-21_death_is_just_around_the_corner.mp3&dl_series=The Shadow&dl_title=Death Is Just Around The Corner&dl_date=1945.01.21&dl_size=6.37 MB
The Shadow,https://radioechoes.com/?page=series&genre=OTR-Mystery&series=The%20Shadow,Out Of This World,1945.01.21,https://radioechoes.com/?page=play_download&mode=play&dl_mp3folder=T&dl_file=the_shadow_1945-01-21_out_of_this_world.mp3&dl_series=The Shadow&dl_title=Out Of This World&dl_date=1945.01.21&dl_size=6.37 MB
The Shadow,https://radioechoes.com/?page=series&genre=OTR-Mystery&series=The%20Shadow,The Face Of Death,1945.02.11,https://radioechoes.com/?page=play_download&mode=play&dl_mp3folder=T&dl_file=the_shadow_1945-02-11_the_face_of_death.mp3&dl_series=The Shadow&dl_title=The Face Of Death&dl_date=1945.02.11&dl_size=6.69 MB
The Shadow,https://radioechoes.com/?page=series&genre=OTR-Mystery&series=The%20Shadow,The Brief Fame Of John Cooper,1945.03.11,https://radioechoes.com/?page=play_download&mode=play&dl_mp3folder=T&dl_file=the_shadow_1945-03-11_the_brief_fame_of_john_cooper.mp3&dl_series=The Shadow&dl_title=The Brief Fame Of John Cooper&dl_date=1945.03.11&dl_size=6.63 MB
The Shadow,https://radioechoes.com/?page=series&genre=OTR-Mystery&series=The%20Shadow,The Case Of The Flaming Skull,1945.03.18,https://radioechoes.com/?page=play_download&mode=play&dl_mp3folder=T&dl_file=the_shadow_1945-03-18_the_case_of_the_flaming_skull.mp3&dl_series=The Shadow&dl_title=The Case Of The Flaming Skull&dl_date=1945.03.18&dl_size=5.86 MB
The Shadow,https://radioechoes.com/?page=series&genre=OTR-Mystery&series=The%20Shadow,The Destroyer,1945.03.25,https://radioechoes.com/?page=play_download&mode=play&dl_mp3folder=T&dl_file=the_shadow_1945-03-25_the_destroyer.mp3&dl_series=The Shadow&dl_title=The Destroyer&dl_date=1945.03.25&dl_size=6.57 MB
The Shadow,https://radioechoes.com/?page=series&genre=OTR-Mystery&series=The%20Shadow,The Little Man Who Wasn't There,1945.04.08,https://radioechoes.com/?page=play_download&mode=play&dl_mp3folder=T&dl_file=the_shadow_1945-04-08_the_little_man_who_wasnt_there.mp3&dl_series=The Shadow&dl_title=The Little Man Who Wasn't There&dl_date=1945.04.08&dl_size=6.81 MB
The Shadow,https://radioechoes.com/?page=series&genre=OTR-Mystery&series=The%20Shadow,Spotlight On The Duchess,1945.11.04,https://radioechoes.com/?page=play_download&mode=play&dl_mp3folder=T&dl_file=the_shadow_1945-11-04_spotlight_on_the_duchess.mp3&dl_series=The Shadow&dl_title=Spotlight On The Duchess&dl_date=1945.11.04&dl_size=6.29 MB
The Shadow,https://radioechoes.com/?page=series&genre=OTR-Mystery&series=The%20Shadow,Spider Boy,1945.11.11,https://radioechoes.com/?page=play_download&mode=play&dl_mp3folder=T&dl_file=the_shadow_1945-11-11_spider_boy.mp3&dl_series=The Shadow&dl_title=Spider Boy&dl_date=1945.11.11&dl_size=5.98 MB
The Shadow,https://radioechoes.com/?page=series&genre=OTR-Mystery&series=The%20Shadow,Curse Of The Cat,1946.01.20,https://radioechoes.com/?page=play_download&mode=play&dl_mp3folder=T&dl_file=the_shadow_1946-01-20_curse_of_the_cat.mp3&dl_series=The Shadow&dl_title=Curse Of The Cat&dl_date=1946.01.20&dl_size=6.29 MB
The Shadow,https://radioechoes.com/?page=series&genre=OTR-Mystery&series=The%20Shadow,Dream Of Death,1946.01.27,https://radioechoes.com/?page=play_download&mode=play&dl_mp3folder=T&dl_file=the_shadow_1946-01-27_dream_of_death.mp3&dl_series=The Shadow&dl_title=Dream Of Death&dl_date=1946.01.27&dl_size=7.03 MB
The Shadow,https://radioechoes.com/?page=series&genre=OTR-Mystery&series=The%20Shadow,Murder With Music,1946.02.03,https://radioechoes.com/?page=play_download&mode=play&dl_mp3folder=T&dl_file=the_shadow_1946-02-03_murder_with_music.mp3&dl_series=The Shadow&dl_title=Murder With Music&dl_date=1946.02.03&dl_size=6.07 MB
The Shadow,https://radioechoes.com/?page=series&genre=OTR-Mystery&series=The%20Shadow,The Living Head,1946.02.10,https://radioechoes.com/?page=play_download&mode=play&dl_mp3folder=T&dl_file=the_shadow_1946-02-10_the_living_head.mp3&dl_series=The Shadow&dl_title=The Living Head&dl_date=1946.02.10&dl_size=6 MB
The Shadow,https://radioechoes.com/?page=series&genre=OTR-Mystery&series=The%20Shadow,The Hiss Of Death,1946.02.24,https://radioechoes.com/?page=play_download&mode=play&dl_mp3folder=T&dl_file=the_shadow_1946-02-24_the_hiss_of_death.mp3&dl_series=The Shadow&dl_title=The Hiss Of Death&dl_date=1946.02.24&dl_size=5.35 MB
The Shadow,https://radioechoes.com/?page=series&genre=OTR-Mystery&series=The%20Shadow,Island Of Ancient Death,1946.03.03,https://radioechoes.com/?page=play_download&mode=play&dl_mp3folder=T&dl_file=the_shadow_1946-03-03_island_of_ancient_death.mp3&dl_series=The Shadow&dl_title=Island Of Ancient Death&dl_date=1946.03.03&dl_size=5.69 MB
The Shadow,https://radioechoes.com/?page=series&genre=OTR-Mystery&series=The%20Shadow,The Ghost Without A Face,1946.03.10,https://radioechoes.com/?page=play_download&mode=play&dl_mp3folder=T&dl_file=the_shadow_1946-03-10_the_ghost_without_a_face.mp3&dl_series=The Shadow&dl_title=The Ghost Without A Face&dl_date=1946.03.10&dl_size=6.69 MB
The Shadow,https://radioechoes.com/?page=series&genre=OTR-Mystery&series=The%20Shadow,Etched With Acid,1946.03.17,https://radioechoes.com/?page=play_download&mode=play&dl_mp3folder=T&dl_file=the_shadow_1946-03-17_etched_with_acid.mp3&dl_series=The Shadow&dl_title=Etched With Acid&dl_date=1946.03.17&dl_size=6.57 MB
The Shadow,https://radioechoes.com/?page=series&genre=OTR-Mystery&series=The%20Shadow,The Walking Corpse,1946.03.24,https://radioechoes.com/?page=play_download&mode=play&dl_mp3folder=T&dl_file=the_shadow_1946-03-24_the_walking_corpse.mp3&dl_series=The Shadow&dl_title=The Walking Corpse&dl_date=1946.03.24&dl_size=6.75 MB
The Shadow,https://radioechoes.com/?page=series&genre=OTR-Mystery&series=The%20Shadow,Mind Over Murder,1946.03.31,https://radioechoes.com/?page=play_download&mode=play&dl_mp3folder=T&dl_file=the_shadow_1946-03-31_mind_over_murder.mp3&dl_series=The Shadow&dl_title=Mind Over Murder&dl_date=1946.03.31&dl_size=6.52 MB
The Shadow,https://radioechoes.com/?page=series&genre=OTR-Mystery&series=The%20Shadow,The Ghost Wore A Silver Slipper,1946.04.07,https://radioechoes.com/?page=play_download&mode=play&dl_mp3folder=T&dl_file=the_shadow_1946-04-07_the_ghost_wore_a_silver_slipper.mp3&dl_series=The Shadow&dl_title=The Ghost Wore A Silver Slipper&dl_date=1946.04.07&dl_size=6.72 MB
The Shadow,https://radioechoes.com/?page=series&genre=OTR-Mystery&series=The%20Shadow,The Unburied Dead,1946.04.14,https://radioechoes.com/?page=play_download&mode=play&dl_mp3folder=T&dl_file=the_shadow_1946-04-14_the_unburied_dead.mp3&dl_series=The Shadow&dl_title=The Unburied Dead&dl_date=1946.04.14&dl_size=5.68 MB
The Shadow,https://radioechoes.com/?page=series&genre=OTR-Mystery&series=The%20Shadow,The Gorilla Man,1946.04.21,https://radioechoes.com/?page=play_download&mode=play&dl_mp3folder=T&dl_file=the_shadow_1946-04-21_the_gorilla_man.mp3&dl_series=The Shadow&dl_title=The Gorilla Man&dl_date=1946.04.21&dl_size=6.89 MB
The Shadow,https://radioechoes.com/?page=series&genre=OTR-Mystery&series=The%20Shadow,The Dreams Of Death,1946.04.28,https://radioechoes.com/?page=play_download&mode=play&dl_mp3folder=T&dl_file=the_shadow_1946-04-28_the_dreams_of_death.mp3&dl_series=The Shadow&dl_title=The Dreams Of Death&dl_date=1946.04.28&dl_size=5.6 MB
The Shadow,https://radioechoes.com/?page=series&genre=OTR-Mystery&series=The%20Shadow,The White Witchman Of Lawaiki,1946.05.05,https://radioechoes.com/?page=play_download&mode=play&dl_mp3folder=T&dl_file=the_shadow_1946-05-05_the_white_witchman_of_lawaiki.mp3&dl_series=The Shadow&dl_title=The White Witchman Of Lawaiki&dl_date=1946.05.05&dl_size=6.7 MB
The Shadow,https://radioechoes.com/?page=series&genre=OTR-Mystery&series=The%20Shadow,The Bride Wore Black,1946.05.12,https://radioechoes.com/?page=play_download&mode=play&dl_mp3folder=T&dl_file=the_shadow_1946-05-12_the_bride_wore_black.mp3&dl_series=The Shadow&dl_title=The Bride Wore Black&dl_date=1946.05.12&dl_size=6.82 MB
The Shadow,https://radioechoes.com/?page=series&genre=OTR-Mystery&series=The%20Shadow,The Touch Of Death,1946.05.19,https://radioechoes.com/?page=play_download&mode=play&dl_mp3folder=T&dl_file=the_shadow_1946-05-19_the_touch_of_death.mp3&dl_series=The Shadow&dl_title=The Touch Of Death&dl_date=1946.05.19&dl_size=6.69 MB
The Shadow,https://radioechoes.com/?page=series&genre=OTR-Mystery&series=The%20Shadow,They Kill With A Silver Hatchet,1946.05.26,https://radioechoes.com/?page=play_download&mode=play&dl_mp3folder=T&dl_file=the_shadow_1946-05-26_they_kill_with_a_silver_hatchet.mp3&dl_series=The Shadow&dl_title=They Kill With A Silver Hatchet&dl_date=1946.05.26&dl_size=6.71 MB
The Shadow,https://radioechoes.com/?page=series&genre=OTR-Mystery&series=The%20Shadow,Death In A Minor Key,1946.06.02,https://radioechoes.com/?page=play_download&mode=play&dl_mp3folder=T&dl_file=the_shadow_1946-06-02_death_in_a_minor_key.mp3&dl_series=The Shadow&dl_title=Death In A Minor Key&dl_date=1946.06.02&dl_size=6.41 MB
The Shadow,https://radioechoes.com/?page=series&genre=OTR-Mystery&series=The%20Shadow,The Valley Of The Living Terror,1946.10.13,https://radioechoes.com/?page=play_download&mode=play&dl_mp3folder=T&dl_file=the_shadow_1946-10-13_the_valley_of_the_living_terror.mp3&dl_series=The Shadow&dl_title=The Valley Of The Living Terror&dl_date=1946.10.13&dl_size=6.69 MB
The Shadow,https://radioechoes.com/?page=series&genre=OTR-Mystery&series=The%20Shadow,Blood Money,1946.10.20,https://radioechoes.com/?page=play_download&mode=play&dl_mp3folder=T&dl_file=the_shadow_1946-10-20_blood_money.mp3&dl_series=The Shadow&dl_title=Blood Money&dl_date=1946.10.20&dl_size=6.72 MB
The Shadow,https://radioechoes.com/?page=series&genre=OTR-Mystery&series=The%20Shadow,Gang Doctor,1946.11.24,https://radioechoes.com/?page=play_download&mode=play&dl_mp3folder=T&dl_file=the_shadow_1946-11-24_gang_doctor.mp3&dl_series=The Shadow&dl_title=Gang Doctor&dl_date=1946.11.24&dl_size=6.47 MB
The Shadow,https://radioechoes.com/?page=series&genre=OTR-Mystery&series=The%20Shadow,Makeup For Murder,1946.12.01,https://radioechoes.com/?page=play_download&mode=play&dl_mp3folder=T&dl_file=the_shadow_1946-12-01_makeup_for_murder.mp3&dl_series=The Shadow&dl_title=Makeup For Murder&dl_date=1946.12.01&dl_size=6.79 MB
The Shadow,https://radioechoes.com/?page=series&genre=OTR-Mystery&series=The%20Shadow,The Devil Takes A Wife,1946.12.08,https://radioechoes.com/?page=play_download&mode=play&dl_mp3folder=T&dl_file=the_shadow_1946-12-08_the_devil_takes_a_wife.mp3&dl_series=The Shadow&dl_title=The Devil Takes A Wife&dl_date=1946.12.08&dl_size=6.53 MB
The Shadow,https://radioechoes.com/?page=series&genre=OTR-Mystery&series=The%20Shadow,Murders On The Main Stem,1946.12.15,https://radioechoes.com/?page=play_download&mode=play&dl_mp3folder=T&dl_file=the_shadow_1946-12-15_murders_on_the_main_stem.mp3&dl_series=The Shadow&dl_title=Murders On The Main Stem&dl_date=1946.12.15&dl_size=6.85 MB
The Shadow,https://radioechoes.com/?page=series&genre=OTR-Mystery&series=The%20Shadow,The Fine Art Of Murder,1946.12.22,https://radioechoes.com/?page=play_download&mode=play&dl_mp3folder=T&dl_file=the_shadow_1946-12-22_the_fine_art_of_murder.mp3&dl_series=The Shadow&dl_title=The Fine Art Of Murder&dl_date=1946.12.22&dl_size=6.73 MB
The Shadow,https://radioechoes.com/?page=series&genre=OTR-Mystery&series=The%20Shadow,The Shadow Of Suspicion,1946.12.29,https://radioechoes.com/?page=play_download&mode=play&dl_mp3folder=T&dl_file=the_shadow_1946-12-29_the_shadow_of_suspicion.mp3&dl_series=The Shadow&dl_title=The Shadow Of Suspicion&dl_date=1946.12.29&dl_size=6.76 MB
The Shadow,https://radioechoes.com/?page=series&genre=OTR-Mystery&series=The%20Shadow,The Werewolf Of Hamilton Mansion,1947.01.05,https://radioechoes.com/?page=play_download&mode=play&dl_mp3folder=T&dl_file=the_shadow_1947-01-05_the_werewolf_of_hamilton_mansion.mp3&dl_series=The Shadow&dl_title=The Werewolf Of Hamilton Mansion&dl_date=1947.01.05&dl_size=5.32 MB
The Shadow,https://radioechoes.com/?page=series&genre=OTR-Mystery&series=The%20Shadow,The Cat And The Killer,1947.01.12,https://radioechoes.com/?page=play_download&mode=play&dl_mp3folder=T&dl_file=the_shadow_1947-01-12_the_cat_and_the_killer.mp3&dl_series=The Shadow&dl_title=The Cat And The Killer&dl_date=1947.01.12&dl_size=5.62 MB
The Shadow,https://radioechoes.com/?page=series&genre=OTR-Mystery&series=The%20Shadow,Death By Imagination,1947.01.26,https://radioechoes.com/?page=play_download&mode=play&dl_mp3folder=T&dl_file=the_shadow_1947-01-26_death_by_imagination.mp3&dl_series=The Shadow&dl_title=Death By Imagination&dl_date=1947.01.26&dl_size=3.14 MB
The Shadow,https://radioechoes.com/?page=series&genre=OTR-Mystery&series=The%20Shadow,The Scent Of Death,1947.02.02,https://radioechoes.com/?page=play_download&mode=play&dl_mp3folder=T&dl_file=the_shadow_1947-02-02_the_scent_of_death.mp3&dl_series=The Shadow&dl_title=The Scent Of Death&dl_date=1947.02.02&dl_size=6.5 MB
The Shadow,https://radioechoes.com/?page=series&genre=OTR-Mystery&series=The%20Shadow,The Witch Of The Crescent Moon,1947.02.23,https://radioechoes.com/?page=play_download&mode=play&dl_mp3folder=T&dl_file=the_shadow_1947-02-23_the_witch_of_the_crescent_moon.mp3&dl_series=The Shadow&dl_title=The Witch Of The Crescent Moon&dl_date=1947.02.23&dl_size=3.79 MB
The Shadow,https://radioechoes.com/?page=series&genre=OTR-Mystery&series=The%20Shadow,Death Takes A Fadeout,1947.04.27,https://radioechoes.com/?page=play_download&mode=play&dl_mp3folder=T&dl_file=the_shadow_1947-04-27_death_takes_a_fadeout.mp3&dl_series=The Shadow&dl_title=Death Takes A Fadeout&dl_date=1947.04.27&dl_size=3.22 MB
The Shadow,https://radioechoes.com/?page=series&genre=OTR-Mystery&series=The%20Shadow,Suicide League,1947.05.04,https://radioechoes.com/?page=play_download&mode=play&dl_mp3folder=T&dl_file=the_shadow_1947-05-04_suicide_league.mp3&dl_series=The Shadow&dl_title=Suicide League&dl_date=1947.05.04&dl_size=3.2 MB
The Shadow,https://radioechoes.com/?page=series&genre=OTR-Mystery&series=The%20Shadow,The Shadows Revenge,1947.05.11,https://radioechoes.com/?page=play_download&mode=play&dl_mp3folder=T&dl_file=the_shadow_1947-05-11_the_shadows_revenge.mp3&dl_series=The Shadow&dl_title=The Shadows Revenge&dl_date=1947.05.11&dl_size=6.77 MB
The Shadow,https://radioechoes.com/?page=series&genre=OTR-Mystery&series=The%20Shadow,Death Rides High,1947.05.18,https://radioechoes.com/?page=play_download&mode=play&dl_mp3folder=T&dl_file=the_shadow_1947-05-18_death_rides_high.mp3&dl_series=The Shadow&dl_title=Death Rides High&dl_date=1947.05.18&dl_size=5.62 MB
The Shadow,https://radioechoes.com/?page=series&genre=OTR-Mystery&series=The%20Shadow,Seance With Death,1947.05.25,https://radioechoes.com/?page=play_download&mode=play&dl_mp3folder=T&dl_file=the_shadow_1947-05-25_seance_with_death.mp3&dl_series=The Shadow&dl_title=Seance With Death&dl_date=1947.05.25&dl_size=6.89 MB
The Shadow,https://radioechoes.com/?page=series&genre=OTR-Mystery&series=The%20Shadow,Spider Boy,1947.06.01,https://radioechoes.com/?page=play_download&mode=play&dl_mp3folder=T&dl_file=the_shadow_1947-06-01_spider_boy.mp3&dl_series=The Shadow&dl_title=Spider Boy&dl_date=1947.06.01&dl_size=5.85 MB
The Shadow,https://radioechoes.com/?page=series&genre=OTR-Mystery&series=The%20Shadow,The Phantom Of The Lighthouse,1947.09.07,https://radioechoes.com/?page=play_download&mode=play&dl_mp3folder=T&dl_file=the_shadow_1947-09-07_the_phantom_of_the_lighthouse.mp3&dl_series=The Shadow&dl_title=The Phantom Of The Lighthouse&dl_date=1947.09.07&dl_size=6.71 MB
The Shadow,https://radioechoes.com/?page=series&genre=OTR-Mystery&series=The%20Shadow,When The Grave Is Open,1947.09.14,https://radioechoes.com/?page=play_download&mode=play&dl_mp3folder=T&dl_file=the_shadow_1947-09-14_when_the_grave_is_open.mp3&dl_series=The Shadow&dl_title=When The Grave Is Open&dl_date=1947.09.14&dl_size=6.57 MB
The Shadow,https://radioechoes.com/?page=series&genre=OTR-Mystery&series=The%20Shadow,The Face,1947.09.21,https://radioechoes.com/?page=play_download&mode=play&dl_mp3folder=T&dl_file=the_shadow_1947-09-21_the_face.mp3&dl_series=The Shadow&dl_title=The Face&dl_date=1947.09.21&dl_size=6.52 MB
The Shadow,https://radioechoes.com/?page=series&genre=OTR-Mystery&series=The%20Shadow,Death Takes The Wheel,1947.09.28,https://radioechoes.com/?page=play_download&mode=play&dl_mp3folder=T&dl_file=the_shadow_1947-09-28_death_takes_the_wheel.mp3&dl_series=The Shadow&dl_title=Death Takes The Wheel&dl_date=1947.09.28&dl_size=6.11 MB
The Shadow,https://radioechoes.com/?page=series&genre=OTR-Mystery&series=The%20Shadow,The Curse Of The Gypsies,1947.10.05,https://radioechoes.com/?page=play_download&mode=play&dl_mp3folder=T&dl_file=the_shadow_1947-10-05_the_curse_of_the_gypsies.mp3&dl_series=The Shadow&dl_title=The Curse Of The Gypsies&dl_date=1947.10.05&dl_size=6.61 MB
The Shadow,https://radioechoes.com/?page=series&genre=OTR-Mystery&series=The%20Shadow,The Ruby Of Karvahl,1947.10.19,https://radioechoes.com/?page=play_download&mode=play&dl_mp3folder=T&dl_file=the_shadow_1947-10-19_the_ruby_of_karvahl.mp3&dl_series=The Shadow&dl_title=The Ruby Of Karvahl&dl_date=1947.10.19&dl_size=6.79 MB
The Shadow,https://radioechoes.com/?page=series&genre=OTR-Mystery&series=The%20Shadow,Death Hunt,1947.10.26,https://radioechoes.com/?page=play_download&mode=play&dl_mp3folder=T&dl_file=the_shadow_1947-10-26_death_hunt.mp3&dl_series=The Shadow&dl_title=Death Hunt&dl_date=1947.10.26&dl_size=7.03 MB
The Shadow,https://radioechoes.com/?page=series&genre=OTR-Mystery&series=The%20Shadow,Death Has Eight Arms,1947.11.02,https://radioechoes.com/?page=play_download&mode=play&dl_mp3folder=T&dl_file=the_shadow_1947-11-02_death_has_eight_arms.mp3&dl_series=The Shadow&dl_title=Death Has Eight Arms&dl_date=1947.11.02&dl_size=6.59 MB
The Shadow,https://radioechoes.com/?page=series&genre=OTR-Mystery&series=The%20Shadow,Dream Of Death,1947.11.09,https://radioechoes.com/?page=play_download&mode=play&dl_mp3folder=T&dl_file=the_shadow_1947-11-09_dream_of_death.mp3&dl_series=The Shadow&dl_title=Dream Of Death&dl_date=1947.11.09&dl_size=6.87 MB
The Shadow,https://radioechoes.com/?page=series&genre=OTR-Mystery&series=The%20Shadow,Doom And The Limping Man,1947.11.16,https://radioechoes.com/?page=play_download&mode=play&dl_mp3folder=T&dl_file=the_shadow_1947-11-16_doom_and_the_limping_man.mp3&dl_series=The Shadow&dl_title=Doom And The Limping Man&dl_date=1947.11.16&dl_size=6.87 MB
The Shadow,https://radioechoes.com/?page=series&genre=OTR-Mystery&series=The%20Shadow,The Comic Strip Killer,1947.11.23,https://radioechoes.com/?page=play_download&mode=play&dl_mp3folder=T&dl_file=the_shadow_1947-11-23_the_comic_strip_killer.mp3&dl_series=The Shadow&dl_title=The Comic Strip Killer&dl_date=1947.11.23&dl_size=5.73 MB
The Shadow,https://radioechoes.com/?page=series&genre=OTR-Mystery&series=The%20Shadow,Murder And The Medium,1947.11.30,https://radioechoes.com/?page=play_download&mode=play&dl_mp3folder=T&dl_file=the_shadow_1947-11-30_murder_and_the_medium.mp3&dl_series=The Shadow&dl_title=Murder And The Medium&dl_date=1947.11.30&dl_size=5.22 MB
The Shadow,https://radioechoes.com/?page=series&genre=OTR-Mystery&series=The%20Shadow,A Gift Of Murder,1947.12.21,https://radioechoes.com/?page=play_download&mode=play&dl_mp3folder=T&dl_file=the_shadow_1947-12-21_a_gift_of_murder.mp3&dl_series=The Shadow&dl_title=A Gift Of Murder&dl_date=1947.12.21&dl_size=5.82 MB
The Shadow,https://radioechoes.com/?page=series&genre=OTR-Mystery&series=The%20Shadow,Terrible Legend Of Crownshield Castle,1947.12.28,https://radioechoes.com/?page=play_download&mode=play&dl_mp3folder=T&dl_file=the_shadow_1947-12-28_terrible_legend_of_crownshield_castle.mp3&dl_series=The Shadow&dl_title=Terrible Legend Of Crownshield Castle&dl_date=1947.12.28&dl_size=5.48 MB
The Shadow,https://radioechoes.com/?page=series&genre=OTR-Mystery&series=The%20Shadow,The Chill Of Death,1948.01.04,https://radioechoes.com/?page=play_download&mode=play&dl_mp3folder=T&dl_file=the_shadow_1948-01-04_the_chill_of_death.mp3&dl_series=The Shadow&dl_title=The Chill Of Death&dl_date=1948.01.04&dl_size=5.82 MB
The Shadow,https://radioechoes.com/?page=series&genre=OTR-Mystery&series=The%20Shadow,The Bones Of The Dragon,1948.01.11,https://radioechoes.com/?page=play_download&mode=play&dl_mp3folder=T&dl_file=the_shadow_1948-01-11_the_bones_of_the_dragon.mp3&dl_series=The Shadow&dl_title=The Bones Of The Dragon&dl_date=1948.01.11&dl_size=6.82 MB
The Shadow,https://radioechoes.com/?page=series&genre=OTR-Mystery&series=The%20Shadow,Death And The Black Fedora,1948.01.18,https://radioechoes.com/?page=play_download&mode=play&dl_mp3folder=T&dl_file=the_shadow_1948-01-18_death_and_the_black_fedora.mp3&dl_series=The Shadow&dl_title=Death And The Black Fedora&dl_date=1948.01.18&dl_size=6.54 MB
The Shadow,https://radioechoes.com/?page=series&genre=OTR-Mystery&series=The%20Shadow,The House That Death Built,1948.01.25,https://radioechoes.com/?page=play_download&mode=play&dl_mp3folder=T&dl_file=the_shadow_1948-01-25_the_house_that_death_built.mp3&dl_series=The Shadow&dl_title=The House That Death Built&dl_date=1948.01.25&dl_size=5.85 MB
The Shadow,https://radioechoes.com/?page=series&genre=OTR-Mystery&series=The%20Shadow,One Dead And Two To Go,1948.02.01,https://radioechoes.com/?page=play_download&mode=play&dl_mp3folder=T&dl_file=the_shadow_1948-02-01_one_dead_and_two_to_go.mp3&dl_series=The Shadow&dl_title=One Dead And Two To Go&dl_date=1948.02.01&dl_size=6.43 MB
The Shadow,https://radioechoes.com/?page=series&genre=OTR-Mystery&series=The%20Shadow,The Thing In The Cage,1948.02.08,https://radioechoes.com/?page=play_download&mode=play&dl_mp3folder=T&dl_file=the_shadow_1948-02-08_the_thing_in_the_cage.mp3&dl_series=The Shadow&dl_title=The Thing In The Cage&dl_date=1948.02.08&dl_size=6.76 MB
The Shadow,https://radioechoes.com/?page=series&genre=OTR-Mystery&series=The%20Shadow,The Terror At Wolfs Head Knoll,1948.02.15,https://radioechoes.com/?page=play_download&mode=play&dl_mp3folder=T&dl_file=the_shadow_1948-02-15_the_terror_at_wolfs_head_knoll.mp3&dl_series=The Shadow&dl_title=The Terror At Wolfs Head Knoll&dl_date=1948.02.15&dl_size=6.85 MB
The Shadow,https://radioechoes.com/?page=series&genre=OTR-Mystery&series=The%20Shadow,The Nursery Rhyme Murders,1948.02.22,https://radioechoes.com/?page=play_download&mode=play&dl_mp3folder=T&dl_file=the_shadow_1948-02-22_the_nursery_rhyme_murders.mp3&dl_series=The Shadow&dl_title=The Nursery Rhyme Murders&dl_date=1948.02.22&dl_size=5.56 MB
The Shadow,https://radioechoes.com/?page=series&genre=OTR-Mystery&series=The%20Shadow,The Man Who Was Death,1948.02.29,https://radioechoes.com/?page=play_download&mode=play&dl_mp3folder=T&dl_file=the_shadow_1948-02-29_the_man_who_was_death.mp3&dl_series=The Shadow&dl_title=The Man Who Was Death&dl_date=1948.02.29&dl_size=5.42 MB
The Shadow,https://radioechoes.com/?page=series&genre=OTR-Mystery&series=The%20Shadow,The Beast Of Darrow House,1948.03.07,https://radioechoes.com/?page=play_download&mode=play&dl_mp3folder=T&dl_file=the_shadow_1948-03-07_the_beast_of_darrow_house.mp3&dl_series=The Shadow&dl_title=The Beast Of Darrow House&dl_date=1948.03.07&dl_size=6.61 MB
The Shadow,https://radioechoes.com/?page=series&genre=OTR-Mystery&series=The%20Shadow,Stakeout,1948.03.14,https://radioechoes.com/?page=play_download&mode=play&dl_mp3folder=T&dl_file=the_shadow_1948-03-14_stakeout.mp3&dl_series=The Shadow&dl_title=Stakeout&dl_date=1948.03.14&dl_size=5.52 MB
The Shadow,https://radioechoes.com/?page=series&genre=OTR-Mystery&series=The%20Shadow,Death Coils To Strike,1948.03.21,https://radioechoes.com/?page=play_download&mode=play&dl_mp3folder=T&dl_file=the_shadow_1948-03-21_death_coils_to_strike.mp3&dl_series=The Shadow&dl_title=Death Coils To Strike&dl_date=1948.03.21&dl_size=5.82 MB
The Shadow,https://radioechoes.com/?page=series&genre=OTR-Mystery&series=The%20Shadow,Death And The Easter Bonnet,1948.03.28,https://radioechoes.com/?page=play_download&mode=play&dl_mp3folder=T&dl_file=the_shadow_1948-03-28_death_and_the_easter_bonnet.mp3&dl_series=The Shadow&dl_title=Death And The Easter Bonnet&dl_date=1948.03.28&dl_size=6.61 MB
The Shadow,https://radioechoes.com/?page=series&genre=OTR-Mystery&series=The%20Shadow,The Ghost That Gleams,1948.04.04,https://radioechoes.com/?page=play_download&mode=play&dl_mp3folder=T&dl_file=the_shadow_1948-04-04_the_ghost_that_gleams.mp3&dl_series=The Shadow&dl_title=The Ghost That Gleams&dl_date=1948.04.04&dl_size=6.57 MB
The Shadow,https://radioechoes.com/?page=series&genre=OTR-Mystery&series=The%20Shadow,The Legend Of The Living Swamp,1948.05.02,https://radioechoes.com/?page=play_download&mode=play&dl_mp3folder=T&dl_file=the_shadow_1948-05-02_the_legend_of_the_living_swamp.mp3&dl_series=The Shadow&dl_title=The Legend Of The Living Swamp&dl_date=1948.05.02&dl_size=5.49 MB
The Shadow,https://radioechoes.com/?page=series&genre=OTR-Mystery&series=The%20Shadow,Reflection Of Death,1948.05.09,https://radioechoes.com/?page=play_download&mode=play&dl_mp3folder=T&dl_file=the_shadow_1948-05-09_reflection_of_death.mp3&dl_series=The Shadow&dl_title=Reflection Of Death&dl_date=1948.05.09&dl_size=6.82 MB
The Shadow,https://radioechoes.com/?page=series&genre=OTR-Mystery&series=The%20Shadow,The Giant Of Madras,1948.05.16,https://radioechoes.com/?page=play_download&mode=play&dl_mp3folder=T&dl_file=the_shadow_1948-05-16_the_giant_of_madras.mp3&dl_series=The Shadow&dl_title=The Giant Of Madras&dl_date=1948.05.16&dl_size=5.52 MB
The Shadow,https://radioechoes.com/?page=series&genre=OTR-Mystery&series=The%20Shadow,Murder At Dead Man's Inn,1948.09.12,https://radioechoes.com/?page=play_download&mode=play&dl_mp3folder=T&dl_file=the_shadow_1948-09-12_murder_at_dead_mans_inn.mp3&dl_series=The Shadow&dl_title=Murder At Dead Man's Inn&dl_date=1948.09.12&dl_size=6.72 MB
The Shadow,https://radioechoes.com/?page=series&genre=OTR-Mystery&series=The%20Shadow,Revenge Is Murder,1948.09.19,https://radioechoes.com/?page=play_download&mode=play&dl_mp3folder=T&dl_file=the_shadow_1948-09-19_revenge_is_murder.mp3&dl_series=The Shadow&dl_title=Revenge Is Murder&dl_date=1948.09.19&dl_size=6.75 MB
The Shadow,https://radioechoes.com/?page=series&genre=OTR-Mystery&series=The%20Shadow,Death Is A Colored Dream,1948.09.26,https://radioechoes.com/?page=play_download&mode=play&dl_mp3folder=T&dl_file=the_shadow_1948-09-26_death_is_a_colored_dream.mp3&dl_series=The Shadow&dl_title=Death Is A Colored Dream&dl_date=1948.09.26&dl_size=6.87 MB
The Shadow,https://radioechoes.com/?page=series&genre=OTR-Mystery&series=The%20Shadow,The Phantom Racketeer,1948.10.03,https://radioechoes.com/?page=play_download&mode=play&dl_mp3folder=T&dl_file=the_shadow_1948-10-03_the_phantom_racketeer.mp3&dl_series=The Shadow&dl_title=The Phantom Racketeer&dl_date=1948.10.03&dl_size=5.87 MB
The Shadow,https://radioechoes.com/?page=series&genre=OTR-Mystery&series=The%20Shadow,A Mask For Murder,1948.10.10,https://radioechoes.com/?page=play_download&mode=play&dl_mp3folder=T&dl_file=the_shadow_1948-10-10_a_mask_for_murder.mp3&dl_series=The Shadow&dl_title=A Mask For Murder&dl_date=1948.10.10&dl_size=6.2 MB
The Shadow,https://radioechoes.com/?page=series&genre=OTR-Mystery&series=The%20Shadow,Dead Man's Ride,1948.10.17,https://radioechoes.com/?page=play_download&mode=play&dl_mp3folder=T&dl_file=the_shadow_1948-10-17_dead_mans_ride.mp3&dl_series=The Shadow&dl_title=Dead Man's Ride&dl_date=1948.10.17&dl_size=6.77 MB
The Shadow,https://radioechoes.com/?page=series&genre=OTR-Mystery&series=The%20Shadow,The Drum Of Obi,1948.10.24,https://radioechoes.com/?page=play_download&mode=play&dl_mp3folder=T&dl_file=the_shadow_1948-10-24_the_drum_of_obi.mp3&dl_series=The Shadow&dl_title=The Drum Of Obi&dl_date=1948.10.24&dl_size=6.78 MB
The Shadow,https://radioechoes.com/?page=series&genre=OTR-Mystery&series=The%20Shadow,Murder By A Corpse,1948.10.31,https://radioechoes.com/?page=play_download&mode=play&dl_mp3folder=T&dl_file=the_shadow_1948-10-31_murder_by_a_corpse.mp3&dl_series=The Shadow&dl_title=Murder By A Corpse&dl_date=1948.10.31&dl_size=6.72 MB
The Shadow,https://radioechoes.com/?page=series&genre=OTR-Mystery&series=The%20Shadow,Evil In The House,1948.11.07,https://radioechoes.com/?page=play_download&mode=play&dl_mp3folder=T&dl_file=the_shadow_1948-11-07_evil_in_the_house.mp3&dl_series=The Shadow&dl_title=Evil In The House&dl_date=1948.11.07&dl_size=6.57 MB
The Shadow,https://radioechoes.com/?page=series&genre=OTR-Mystery&series=The%20Shadow,The Wig Makers Of Doom Street,1948.11.28,https://radioechoes.com/?page=play_download&mode=play&dl_mp3folder=T&dl_file=the_shadow_1948-11-28_the_wig_makers_of_doom_street.mp3&dl_series=The Shadow&dl_title=The Wig Makers Of Doom Street&dl_date=1948.11.28&dl_size=6.7 MB
The Shadow,https://radioechoes.com/?page=series&genre=OTR-Mystery&series=The%20Shadow,Death And The Crown Of Odalph,1949.01.02,https://radioechoes.com/?page=play_download&mode=play&dl_mp3folder=T&dl_file=the_shadow_1949-01-02_death_and_the_crown_of_odalph.mp3&dl_series=The Shadow&dl_title=Death And The Crown Of Odalph&dl_date=1949.01.02&dl_size=5.97 MB
The Shadow,https://radioechoes.com/?page=series&genre=OTR-Mystery&series=The%20Shadow,Trail Of The Knifer,1949.02.20,https://radioechoes.com/?page=play_download&mode=play&dl_mp3folder=T&dl_file=the_shadow_1949-02-20_trail_of_the_knifer.mp3&dl_series=The Shadow&dl_title=Trail Of The Knifer&dl_date=1949.02.20&dl_size=6.67 MB
The Shadow,https://radioechoes.com/?page=series&genre=OTR-Mystery&series=The%20Shadow,The Collectors Of Death,1949.02.27,https://radioechoes.com/?page=play_download&mode=play&dl_mp3folder=T&dl_file=the_shadow_1949-02-27_the_collectors_of_death.mp3&dl_series=The Shadow&dl_title=The Collectors Of Death&dl_date=1949.02.27&dl_size=6.68 MB
The Shadow,https://radioechoes.com/?page=series&genre=OTR-Mystery&series=The%20Shadow,Unto Death Do Us Part,1949.03.06,https://radioechoes.com/?page=play_download&mode=play&dl_mp3folder=T&dl_file=the_shadow_1949-03-06_unto_death_do_us_part.mp3&dl_series=The Shadow&dl_title=Unto Death Do Us Part&dl_date=1949.03.06&dl_size=6.74 MB
The Shadow,https://radioechoes.com/?page=series&genre=OTR-Mystery&series=The%20Shadow,The Ring Of Mahlalayee,1949.03.13,https://radioechoes.com/?page=play_download&mode=play&dl_mp3folder=T&dl_file=the_shadow_1949-03-13_the_ring_of_mahlalayee.mp3&dl_series=The Shadow&dl_title=The Ring Of Mahlalayee&dl_date=1949.03.13&dl_size=5.7 MB
The Shadow,https://radioechoes.com/?page=series&genre=OTR-Mystery&series=The%20Shadow,Death And The Easter Bonnet,1949.04.17,https://radioechoes.com/?page=play_download&mode=play&dl_mp3folder=T&dl_file=the_shadow_1949-04-17_death_and_the_easter_bonnet.mp3&dl_series=The Shadow&dl_title=Death And The Easter Bonnet&dl_date=1949.04.17&dl_size=6.61 MB
The Shadow,https://radioechoes.com/?page=series&genre=OTR-Mystery&series=The%20Shadow,Monkey Woman,1949.05.29,https://radioechoes.com/?page=play_download&mode=play&dl_mp3folder=T&dl_file=the_shadow_1949-05-29_monkey_woman.mp3&dl_series=The Shadow&dl_title=Monkey Woman&dl_date=1949.05.29&dl_size=5.81 MB
The Shadow,https://radioechoes.com/?page=series&genre=OTR-Mystery&series=The%20Shadow,Preview Of Terror,1949.06.05,https://radioechoes.com/?page=play_download&mode=play&dl_mp3folder=T&dl_file=the_shadow_1949-06-05_preview_of_terror.mp3&dl_series=The Shadow&dl_title=Preview Of Terror&dl_date=1949.06.05&dl_size=5.67 MB
The Shadow,https://radioechoes.com/?page=series&genre=OTR-Mystery&series=The%20Shadow,Bridge Of Trajedy,194x.xx.xx,https://radioechoes.com/?page=play_download&mode=play&dl_mp3folder=T&dl_file=the_shadow_194x-xx-xx_bridge_of_trajedy.mp3&dl_series=The Shadow&dl_title=Bridge Of Trajedy&dl_date=194x.xx.xx&dl_size=6.22 MB
The Shadow,https://radioechoes.com/?page=series&genre=OTR-Mystery&series=The%20Shadow,The Vengeance Of Angela Nolan,1954.06.27,https://radioechoes.com/?page=play_download&mode=play&dl_mp3folder=T&dl_file=the_shadow_1954-06-27_the_vengeance_of_angela_nolan.mp3&dl_series=The Shadow&dl_title=The Vengeance Of Angela Nolan&dl_date=1954.06.27&dl_size=5.69 MB
The Shadow,https://radioechoes.com/?page=series&genre=OTR-Mystery&series=The%20Shadow,The Computer Calculates But The Shadow Knows,1964.xx.xx,https://radioechoes.com/?page=play_download&mode=play&dl_mp3folder=T&dl_file=the_shadow_1964-xx-xx_the_computer_calculates_but_the_shadow_knows.mp3&dl_series=The Shadow&dl_title=The Computer Calculates But The Shadow Knows&dl_date=1964.xx.xx&dl_size=3.18 MB
Dragnet,https://radioechoes.com/?page=series&genre=OTR-Crime&series=Dragnet,The Nickel Plated Gun,1949.06.10,https://radioechoes.com/?page=play_download&mode=play&dl_mp3folder=D&dl_file=dragnet_1949-06-10_the_nickel_plated_gun.mp3&dl_series=Dragnet&dl_title=The Nickel Plated Gun&dl_date=1949.06.10&dl_size=6.58 MB
Dragnet,https://radioechoes.com/?page=series&genre=OTR-Crime&series=Dragnet,The Werewolf Robbery,1949.06.17,https://radioechoes.com/?page=play_download&mode=play&dl_mp3folder=D&dl_file=dragnet_1949-06-17_the_werewolf_robbery.mp3&dl_series=Dragnet&dl_title=The Werewolf Robbery&dl_date=1949.06.17&dl_size=6.74 MB
Dragnet,https://radioechoes.com/?page=series&genre=OTR-Crime&series=Dragnet,Quick Trigger Gun Men,1949.06.24,https://radioechoes.com/?page=play_download&mode=play&dl_mp3folder=D&dl_file=dragnet_1949-06-24_quick_trigger_gun_men.mp3&dl_series=Dragnet&dl_title=Quick Trigger Gun Men&dl_date=1949.06.24&dl_size=6.62 MB
Dragnet,https://radioechoes.com/?page=series&genre=OTR-Crime&series=Dragnet,Helen Corday Murdered,1949.07.07,https://radioechoes.com/?page=play_download&mode=play&dl_mp3folder=D&dl_file=dragnet_1949-07-07_helen_corday_murdered.mp3&dl_series=Dragnet&dl_title=Helen Corday Murdered&dl_date=1949.07.07&dl_size=6.69 MB
Dragnet,https://radioechoes.com/?page=series&genre=OTR-Crime&series=Dragnet,Red Light Bandit,1949.07.14,https://radioechoes.com/?page=play_download&mode=play&dl_mp3folder=D&dl_file=dragnet_1949-07-14_red_light_bandit.mp3&dl_series=Dragnet&dl_title=Red Light Bandit&dl_date=1949.07.14&dl_size=6.78 MB
Dragnet,https://radioechoes.com/?page=series&genre=OTR-Crime&series=Dragnet,City Hall Bombing,1949.07.21,https://radioechoes.com/?page=play_download&mode=play&dl_mp3folder=D&dl_file=dragnet_1949-07-21_city_hall_bombing.mp3&dl_series=Dragnet&dl_title=City Hall Bombing&dl_date=1949.07.21&dl_size=6.69 MB
Dragnet,https://radioechoes.com/?page=series&genre=OTR-Crime&series=Dragnet,Missing Person Juanita Lasky,1949.07.28,https://radioechoes.com/?page=play_download&mode=play&dl_mp3folder=D&dl_file=dragnet_1949-07-28_missing_person_juanita_lasky.mp3&dl_series=Dragnet&dl_title=Missing Person Juanita Lasky&dl_date=1949.07.28&dl_size=6.66 MB
Dragnet,https://radioechoes.com/?page=series&genre=OTR-Crime&series=Dragnet,Benny Trousel Murdered,1949.08.04,https://radioechoes.com/?page=play_download&mode=play&dl_mp3folder=D&dl_file=dragnet_1949-08-04_benny_trousel_murdered.mp3&dl_series=Dragnet&dl_title=Benny Trousel Murdered&dl_date=1949.08.04&dl_size=6.84 MB
Dragnet,https://radioechoes.com/?page=series&genre=OTR-Crime&series=Dragnet,Homicide,1949.08.11,https://radioechoes.com/?page=play_download&mode=play&dl_mp3folder=D&dl_file=dragnet_1949-08-11_homicide.mp3&dl_series=Dragnet&dl_title=Homicide&dl_date=1949.08.11&dl_size=6.6 MB
Dragnet,https://radioechoes.com/?page=series&genre=OTR-Crime&series=Dragnet,Sixteen Jewel Thieves,1949.08.18,https://radioechoes.com/?page=play_download&mode=play&dl_mp3folder=D&dl_file=dragnet_1949-08-18_sixteen_jewel_thieves.mp3&dl_series=Dragnet&dl_title=Sixteen Jewel Thieves&dl_date=1949.08.18&dl_size=6.85 MB
Dragnet,https://radioechoes.com/?page=series&genre=OTR-Crime&series=Dragnet,Police Academy Mario Koski,1949.08.25,https://radioechoes.com/?page=play_download&mode=play&dl_mp3folder=D&dl_file=dragnet_1949-08-25_police_academy_mario_koski.mp3&dl_series=Dragnet&dl_title=Police Academy Mario Koski&dl_date=1949.08.25&dl_size=6.71 MB
Dragnet,https://radioechoes.com/?page=series&genre=OTR-Crime&series=Dragnet,Myra The Redhead,1949.09.01,https://radioechoes.com/?page=play_download&mode=play&dl_mp3folder=D&dl_file=dragnet_1949-09-01_myra_the_redhead.mp3&dl_series=Dragnet&dl_title=Myra The Redhead&dl_date=1949.09.01&dl_size=6.89 MB
Dragnet,https://radioechoes.com/?page=series&genre=OTR-Crime&series=Dragnet,Eric Kelby Aka Missing Woman,1949.09.03,https://radioechoes.com/?page=play_download&mode=play&dl_mp3folder=D&dl_file=dragnet_1949-09-03_eric_kelby_aka_missing_woman.mp3&dl_series=Dragnet&dl_title=Eric Kelby Aka Missing Woman&dl_date=1949.09.03&dl_size=6.71 MB
Dragnet,https://radioechoes.com/?page=series&genre=OTR-Crime&series=Dragnet,Missing Woman,1949.09.05,https://radioechoes.com/?page=play_download&mode=play&dl_mp3folder=D&dl_file=dragnet_1949-09-05_missing_woman.mp3&dl_series=Dragnet&dl_title=Missing Woman&dl_date=1949.09.05&dl_size=6.41 MB
Dragnet,https://radioechoes.com/?page=series&genre=OTR-Crime&series=Dragnet,Sullivan Kidnapping,1949.09.10,https://radioechoes.com/?page=play_download&mode=play&dl_mp3folder=D&dl_file=dragnet_1949-09-10_sullivan_kidnapping.mp3&dl_series=Dragnet&dl_title=Sullivan Kidnapping&dl_date=1949.09.10&dl_size=6.7 MB
Dragnet,https://radioechoes.com/?page=series&genre=OTR-Crime&series=Dragnet,James Vickers Kills An Officer,1949.09.17,https://radioechoes.com/?page=play_download&mode=play&dl_mp3folder=D&dl_file=dragnet_1949-09-17_james_vickers_kills_an_officer.mp3&dl_series=Dragnet&dl_title=James Vickers Kills An Officer&dl_date=1949.09.17&dl_size=6.76 MB
Dragnet,https://radioechoes.com/?page=series&genre=OTR-Crime&series=Dragnet,The Brick Bat Slayer,1949.09.24,https://radioechoes.com/?page=play_download&mode=play&dl_mp3folder=D&dl_file=dragnet_1949-09-24_the_brick_bat_slayer.mp3&dl_series=Dragnet&dl_title=The Brick Bat Slayer&dl_date=1949.09.24&dl_size=6.72 MB
Dragnet,https://radioechoes.com/?page=series&genre=OTR-Crime&series=Dragnet,Truck Hijackers,1949.10.01,https://radioechoes.com/?page=play_download&mode=play&dl_mp3folder=D&dl_file=dragnet_1949-10-01_truck_hijackers.mp3&dl_series=Dragnet&dl_title=Truck Hijackers&dl_date=1949.10.01&dl_size=6.63 MB
Dragnet,https://radioechoes.com/?page=series&genre=OTR-Crime&series=Dragnet,Second Hand Killer,1949.10.06,https://radioechoes.com/?page=play_download&mode=play&dl_mp3folder=D&dl_file=dragnet_1949-10-06_second_hand_killer.mp3&dl_series=Dragnet&dl_title=Second Hand Killer&dl_date=1949.10.06&dl_size=6.64 MB
Dragnet,https://radioechoes.com/?page=series&genre=OTR-Crime&series=Dragnet,Albert Barry's Mother In Law,1949.11.24,https://radioechoes.com/?page=play_download&mode=play&dl_mp3folder=D&dl_file=dragnet_1949-11-24_albert_barrys_mother_in_law.mp3&dl_series=Dragnet&dl_title=Albert Barry's Mother In Law&dl_date=1949.11.24&dl_size=6.63 MB
Dragnet,https://radioechoes.com/?page=series&genre=OTR-Crime&series=Dragnet,Spring Street Gang,1949.12.01,https://radioechoes.com/?page=play_download&mode=play&dl_mp3folder=D&dl_file=dragnet_1949-12-01_spring_street_gang.mp3&dl_series=Dragnet&dl_title=Spring Street Gang&dl_date=1949.12.01&dl_size=6.67 MB
Dragnet,https://radioechoes.com/?page=series&genre=OTR-Crime&series=Dragnet,Jade Thumb Rings,1949.12.08,https://radioechoes.com/?page=play_download&mode=play&dl_mp3folder=D&dl_file=dragnet_1949-12-08_jade_thumb_rings.mp3&dl_series=Dragnet&dl_title=Jade Thumb Rings&dl_date=1949.12.08&dl_size=6.66 MB
Dragnet,https://radioechoes.com/?page=series&genre=OTR-Crime&series=Dragnet,Garbage Chute Murder,1949.12.15,https://radioechoes.com/?page=play_download&mode=play&dl_mp3folder=D&dl_file=dragnet_1949-12-15_garbage_chute_murder.mp3&dl_series=Dragnet&dl_title=Garbage Chute Murder&dl_date=1949.12.15&dl_size=6.64 MB
Dragnet,https://radioechoes.com/?page=series&genre=OTR-Crime&series=Dragnet,Twenty Two Rifle For Christmas 1949 Broadcast,1949.12.22,https://radioechoes.com/?page=play_download&mode=play&dl_mp3folder=D&dl_file=dragnet_1949-12-22_twenty_two_rifle_for_christmas_1949_broadcast.mp3&dl_series=Dragnet&dl_title=Twenty Two Rifle For Christmas 1949 Broadcast&dl_date=1949.12.22&dl_size=6.68 MB
Dragnet,https://radioechoes.com/?page=series&genre=OTR-Crime&series=Dragnet,Flowerland Roof Murder,1949.12.29,https://radioechoes.com/?page=play_download&mode=play&dl_mp3folder=D&dl_file=dragnet_1949-12-29_flowerland_roof_murder.mp3&dl_series=Dragnet&dl_title=Flowerland Roof Murder&dl_date=1949.12.29&dl_size=7.02 MB
Dragnet,https://radioechoes.com/?page=series&genre=OTR-Crime&series=Dragnet,The Big Escape,1950.01.05,https://radioechoes.com/?page=play_download&mode=play&dl_mp3folder=D&dl_file=dragnet_1950-01-05_the_big_escape.mp3&dl_series=Dragnet&dl_title=The Big Escape&dl_date=1950.01.05&dl_size=6.69 MB
Dragnet,https://radioechoes.com/?page=series&genre=OTR-Crime&series=Dragnet,The Big Man Part 1,1950.01.12,https://radioechoes.com/?page=play_download&mode=play&dl_mp3folder=D&dl_file=dragnet_1950-01-12_the_big_man_part_1.mp3&dl_series=Dragnet&dl_title=The Big Man Part 1&dl_date=1950.01.12&dl_size=6.75 MB
Dragnet,https://radioechoes.com/?page=series&genre=OTR-Crime&series=Dragnet,The Big Man Part 2,1950.01.19,https://radioechoes.com/?page=play_download&mode=play&dl_mp3folder=D&dl_file=dragnet_1950-01-19_the_big_man_part_2.mp3&dl_series=Dragnet&dl_title=The Big Man Part 2&dl_date=1950.01.19&dl_size=6.76 MB
Dragnet,https://radioechoes.com/?page=series&genre=OTR-Crime&series=Dragnet,Claude Jimmerson Child Killer,1950.02.02,https://radioechoes.com/?page=play_download&mode=play&dl_mp3folder=D&dl_file=dragnet_1950-02-02_claude_jimmerson_child_killer.mp3&dl_series=Dragnet&dl_title=Claude Jimmerson Child Killer&dl_date=1950.02.02&dl_size=6.42 MB
Dragnet,https://radioechoes.com/?page=series&genre=OTR-Crime&series=Dragnet,The Big Girl,1950.02.09,https://radioechoes.com/?page=play_download&mode=play&dl_mp3folder=D&dl_file=dragnet_1950-02-09_the_big_girl.mp3&dl_series=Dragnet&dl_title=The Big Girl&dl_date=1950.02.09&dl_size=6.69 MB
Dragnet,https://radioechoes.com/?page=series&genre=OTR-Crime&series=Dragnet,The Big Drifter,1950.02.23,https://radioechoes.com/?page=play_download&mode=play&dl_mp3folder=D&dl_file=dragnet_1950-02-23_the_big_drifter.mp3&dl_series=Dragnet&dl_title=The Big Drifter&dl_date=1950.02.23&dl_size=7.02 MB
Dragnet,https://radioechoes.com/?page=series&genre=OTR-Crime&series=Dragnet,The Big Kill,1950.03.02,https://radioechoes.com/?page=play_download&mode=play&dl_mp3folder=D&dl_file=dragnet_1950-03-02_the_big_kill.mp3&dl_series=Dragnet&dl_title=The Big Kill&dl_date=1950.03.02&dl_size=6.75 MB
Dragnet,https://radioechoes.com/?page=series&genre=OTR-Crime&series=Dragnet,The Big Thank You,1950.03.09,https://radioechoes.com/?page=play_download&mode=play&dl_mp3folder=D&dl_file=dragnet_1950-03-09_the_big_thank_you.mp3&dl_series=Dragnet&dl_title=The Big Thank You&dl_date=1950.03.09&dl_size=6.76 MB
Dragnet,https://radioechoes.com/?page=series&genre=OTR-Crime&series=Dragnet,The Big Boys,1950.03.16,https://radioechoes.com/?page=play_download&mode=play&dl_mp3folder=D&dl_file=dragnet_1950-03-16_the_big_boys.mp3&dl_series=Dragnet&dl_title=The Big Boys&dl_date=1950.03.16&dl_size=6.39 MB
Dragnet,https://radioechoes.com/?page=series&genre=OTR-Crime&series=Dragnet,Big Gangster Pt 1,1950.03.23,https://radioechoes.com/?page=play_download&mode=play&dl_mp3folder=D&dl_file=dragnet_1950-03-23_big_gangster_pt1.mp3&dl_series=Dragnet&dl_title=Big Gangster Pt 1&dl_date=1950.03.23&dl_size=6.93 MB
Dragnet,https://radioechoes.com/?page=series&genre=OTR-Crime&series=Dragnet,Big Gangster Pt 2,1950.03.30,https://radioechoes.com/?page=play_download&mode=play&dl_mp3folder=D&dl_file=dragnet_1950-03-30_big_gangster_pt2.mp3&dl_series=Dragnet&dl_title=Big Gangster Pt 2&dl_date=1950.03.30&dl_size=7.04 MB
Dragnet,https://radioechoes.com/?page=series&genre=OTR-Crime&series=Dragnet,The Big Book,1950.04.06,https://radioechoes.com/?page=play_download&mode=play&dl_mp3folder=D&dl_file=dragnet_1950-04-06_the_big_book.mp3&dl_series=Dragnet&dl_title=The Big Book&dl_date=1950.04.06&dl_size=6.68 MB
Dragnet,https://radioechoes.com/?page=series&genre=OTR-Crime&series=Dragnet,The Big Watch,1950.04.13,https://radioechoes.com/?page=play_download&mode=play&dl_mp3folder=D&dl_file=dragnet_1950-04-13_the_big_watch.mp3&dl_series=Dragnet&dl_title=The Big Watch&dl_date=1950.04.13&dl_size=6.7 MB
Dragnet,https://radioechoes.com/?page=series&genre=OTR-Crime&series=Dragnet,The Big Trail,1950.04.20,https://radioechoes.com/?page=play_download&mode=play&dl_mp3folder=D&dl_file=dragnet_1950-04-20_the_big_trail.mp3&dl_series=Dragnet&dl_title=The Big Trail&dl_date=1950.04.20&dl_size=6.08 MB
Dragnet,https://radioechoes.com/?page=series&genre=OTR-Crime&series=Dragnet,The Big Job,1950.04.27,https://radioechoes.com/?page=play_download&mode=play&dl_mp3folder=D&dl_file=dragnet_1950-04-27_the_big_job.mp3&dl_series=Dragnet&dl_title=The Big Job&dl_date=1950.04.27&dl_size=6.71 MB
Dragnet,https://radioechoes.com/?page=series&genre=OTR-Crime&series=Dragnet,The Big Badge,1950.05.04,https://radioechoes.com/?page=play_download&mode=play&dl_mp3folder=D&dl_file=dragnet_1950-05-04_the_big_badge.mp3&dl_series=Dragnet&dl_title=The Big Badge&dl_date=1950.05.04&dl_size=6.61 MB
Dragnet,https://radioechoes.com/?page=series&genre=OTR-Crime&series=Dragnet,The Big Knife,1950.05.11,https://radioechoes.com/?page=play_download&mode=play&dl_mp3folder=D&dl_file=dragnet_1950-05-11_the_big_knife.mp3&dl_series=Dragnet&dl_title=The Big Knife&dl_date=1950.05.11&dl_size=6.64 MB
Dragnet,https://radioechoes.com/?page=series&genre=OTR-Crime&series=Dragnet,The Big Pug,1950.05.18,https://radioechoes.com/?page=play_download&mode=play&dl_mp3folder=D&dl_file=dragnet_1950-05-18_the_big_pug.mp3&dl_series=Dragnet&dl_title=The Big Pug&dl_date=1950.05.18&dl_size=6.68 MB
Dragnet,https://radioechoes.com/?page=series&genre=OTR-Crime&series=Dragnet,The Big Key,1950.05.25,https://radioechoes.com/?page=play_download&mode=play&dl_mp3folder=D&dl_file=dragnet_1950-05-25_the_big_key.mp3&dl_series=Dragnet&dl_title=The Big Key&dl_date=1950.05.25&dl_size=6.63 MB
Dragnet,https://radioechoes.com/?page=series&genre=OTR-Crime&series=Dragnet,Big Fake,1950.06.01,https://radioechoes.com/?page=play_download&mode=play&dl_mp3folder=D&dl_file=dragnet_1950-06-01_big_fake.mp3&dl_series=Dragnet&dl_title=Big Fake&dl_date=1950.06.01&dl_size=6.77 MB
Dragnet,https://radioechoes.com/?page=series&genre=OTR-Crime&series=Dragnet,Big Smart Guy,1950.06.08,https://radioechoes.com/?page=play_download&mode=play&dl_mp3folder=D&dl_file=dragnet_1950-06-08_big_smart_guy.mp3&dl_series=Dragnet&dl_title=Big Smart Guy&dl_date=1950.06.08&dl_size=6.77 MB
Dragnet,https://radioechoes.com/?page=series&genre=OTR-Crime&series=Dragnet,The Big Press,1950.06.15,https://radioechoes.com/?page=play_download&mode=play&dl_mp3folder=D&dl_file=dragnet_1950-06-15_the_big_press.mp3&dl_series=Dragnet&dl_title=The Big Press&dl_date=1950.06.15&dl_size=6.68 MB
Dragnet,https://radioechoes.com/?page=series&genre=OTR-Crime&series=Dragnet,The Big Mink,1950.06.22,https://radioechoes.com/?page=play_download&mode=play&dl_mp3folder=D&dl_file=dragnet_1950-06-22_the_big_mink.mp3&dl_series=Dragnet&dl_title=The Big Mink&dl_date=1950.06.22&dl_size=6.7 MB
Dragnet,https://radioechoes.com/?page=series&genre=OTR-Crime&series=Dragnet,The Big Grab,1950.06.29,https://radioechoes.com/?page=play_download&mode=play&dl_mp3folder=D&dl_file=dragnet_1950-06-29_the_big_grab.mp3&dl_series=Dragnet&dl_title=The Big Grab&dl_date=1950.06.29&dl_size=6.54 MB
Dragnet,https://radioechoes.com/?page=series&genre=OTR-Crime&series=Dragnet,The Big Frame,1950.07.06,https://radioechoes.com/?page=play_download&mode=play&dl_mp3folder=D&dl_file=dragnet_1950-07-06_the_big_frame.mp3&dl_series=Dragnet&dl_title=The Big Frame&dl_date=1950.07.06&dl_size=6.82 MB
Dragnet,https://radioechoes.com/?page=series&genre=OTR-Crime&series=Dragnet,The Big Bomb,1950.07.13,https://radioechoes.com/?page=play_download&mode=play&dl_mp3folder=D&dl_file=dragnet_1950-07-13_the_big_bomb.mp3&dl_series=Dragnet&dl_title=The Big Bomb&dl_date=1950.07.13&dl_size=5.95 MB
Dragnet,https://radioechoes.com/?page=series&genre=OTR-Crime&series=Dragnet,Big Gent Pt 1,1950.07.20,https://radioechoes.com/?page=play_download&mode=play&dl_mp3folder=D&dl_file=dragnet_1950-07-20_big_gent_pt1.mp3&dl_series=Dragnet&dl_title=Big Gent Pt 1&dl_date=1950.07.20&dl_size=6.77 MB
Dragnet,https://radioechoes.com/?page=series&genre=OTR-Crime&series=Dragnet,Big Gent Pt 2,1950.07.27,https://radioechoes.com/?page=play_download&mode=play&dl_mp3folder=D&dl_file=dragnet_1950-07-27_big_gent_pt2.mp3&dl_series=Dragnet&dl_title=Big Gent Pt 2&dl_date=1950.07.27&dl_size=6.77 MB
Dragnet,https://radioechoes.com/?page=series&genre=OTR-Crime&series=Dragnet,The Big Dare,1950.08.03,https://radioechoes.com/?page=play_download&mode=play&dl_mp3folder=D&dl_file=dragnet_1950-08-03_the_big_dare.mp3&dl_series=Dragnet&dl_title=The Big Dare&dl_date=1950.08.03&dl_size=6.63 MB
Dragnet,https://radioechoes.com/?page=series&genre=OTR-Crime&series=Dragnet,The Big Actor,1950.08.10,https://radioechoes.com/?page=play_download&mode=play&dl_mp3folder=D&dl_file=dragnet_1950-08-10_the_big_actor.mp3&dl_series=Dragnet&dl_title=The Big Actor&dl_date=1950.08.10&dl_size=7.19 MB
Dragnet,https://radioechoes.com/?page=series&genre=OTR-Crime&series=Dragnet,The Big Youngster,1950.08.17,https://radioechoes.com/?page=play_download&mode=play&dl_mp3folder=D&dl_file=dragnet_1950-08-17_the_big_youngster.mp3&dl_series=Dragnet&dl_title=The Big Youngster&dl_date=1950.08.17&dl_size=6.53 MB
Dragnet,https://radioechoes.com/?page=series&genre=OTR-Crime&series=Dragnet,The Big Chance,1950.08.24,https://radioechoes.com/?page=play_download&mode=play&dl_mp3folder=D&dl_file=dragnet_1950-08-24_the_big_chance.mp3&dl_series=Dragnet&dl_title=The Big Chance&dl_date=1950.08.24&dl_size=6.47 MB
Dragnet,https://radioechoes.com/?page=series&genre=OTR-Crime&series=Dragnet,The Big Check,1950.08.31,https://radioechoes.com/?page=play_download&mode=play&dl_mp3folder=D&dl_file=dragnet_1950-08-31_the_big_check.mp3&dl_series=Dragnet&dl_title=The Big Check&dl_date=1950.08.31&dl_size=6.5 MB
Dragnet,https://radioechoes.com/?page=series&genre=OTR-Crime&series=Dragnet,The Big Poison,1950.09.07,https://radioechoes.com/?page=play_download&mode=play&dl_mp3folder=D&dl_file=dragnet_1950-09-07_the_big_poison.mp3&dl_series=Dragnet&dl_title=The Big Poison&dl_date=1950.09.07&dl_size=6.48 MB
Dragnet,https://radioechoes.com/?page=series&genre=OTR-Crime&series=Dragnet,The Big Make,1950.09.14,https://radioechoes.com/?page=play_download&mode=play&dl_mp3folder=D&dl_file=dragnet_1950-09-14_the_big_make.mp3&dl_series=Dragnet&dl_title=The Big Make&dl_date=1950.09.14&dl_size=6.44 MB
Dragnet,https://radioechoes.com/?page=series&genre=OTR-Crime&series=Dragnet,The Big Pair,1950.09.21,https://radioechoes.com/?page=play_download&mode=play&dl_mp3folder=D&dl_file=dragnet_1950-09-21_the_big_pair.mp3&dl_series=Dragnet&dl_title=The Big Pair&dl_date=1950.09.21&dl_size=6.35 MB
Dragnet,https://radioechoes.com/?page=series&genre=OTR-Crime&series=Dragnet,Big Death,1950.09.28,https://radioechoes.com/?page=play_download&mode=play&dl_mp3folder=D&dl_file=dragnet_1950-09-28_big_death.mp3&dl_series=Dragnet&dl_title=Big Death&dl_date=1950.09.28&dl_size=6.77 MB
Dragnet,https://radioechoes.com/?page=series&genre=OTR-Crime&series=Dragnet,The Big 38,1950.10.05,https://radioechoes.com/?page=play_download&mode=play&dl_mp3folder=D&dl_file=dragnet_1950-10-05_the_big_38.mp3&dl_series=Dragnet&dl_title=The Big 38&dl_date=1950.10.05&dl_size=6.7 MB
Dragnet,https://radioechoes.com/?page=series&genre=OTR-Crime&series=Dragnet,The Big Quack,1950.10.12,https://radioechoes.com/?page=play_download&mode=play&dl_mp3folder=D&dl_file=dragnet_1950-10-12_the_big_quack.mp3&dl_series=Dragnet&dl_title=The Big Quack&dl_date=1950.10.12&dl_size=6.64 MB
Dragnet,https://radioechoes.com/?page=series&genre=OTR-Crime&series=Dragnet,The Big Grandma,1950.10.19,https://radioechoes.com/?page=play_download&mode=play&dl_mp3folder=D&dl_file=dragnet_1950-10-19_the_big_grandma.mp3&dl_series=Dragnet&dl_title=The Big Grandma&dl_date=1950.10.19&dl_size=6.71 MB
Dragnet,https://radioechoes.com/?page=series&genre=OTR-Crime&series=Dragnet,The Big Meet,1950.10.26,https://radioechoes.com/?page=play_download&mode=play&dl_mp3folder=D&dl_file=dragnet_1950-10-26_the_big_meet.mp3&dl_series=Dragnet&dl_title=The Big Meet&dl_date=1950.10.26&dl_size=6.24 MB
Dragnet,https://radioechoes.com/?page=series&genre=OTR-Crime&series=Dragnet,The Big Church,1950.11.02,https://radioechoes.com/?page=play_download&mode=play&dl_mp3folder=D&dl_file=dragnet_1950-11-02_the_big_church.mp3&dl_series=Dragnet&dl_title=The Big Church&dl_date=1950.11.02&dl_size=6.69 MB
Dragnet,https://radioechoes.com/?page=series&genre=OTR-Crime&series=Dragnet,The Big Mother,1950.11.09,https://radioechoes.com/?page=play_download&mode=play&dl_mp3folder=D&dl_file=dragnet_1950-11-09_the_big_mother.mp3&dl_series=Dragnet&dl_title=The Big Mother&dl_date=1950.11.09&dl_size=6.43 MB
Dragnet,https://radioechoes.com/?page=series&genre=OTR-Crime&series=Dragnet,Big Quack,1950.11.12,https://radioechoes.com/?page=play_download&mode=play&dl_mp3folder=D&dl_file=dragnet_1950-11-12_big_quack.mp3&dl_series=Dragnet&dl_title=Big Quack&dl_date=1950.11.12&dl_size=6.09 MB
Dragnet,https://radioechoes.com/?page=series&genre=OTR-Crime&series=Dragnet,The Big Parrot,1950.11.16,https://radioechoes.com/?page=play_download&mode=play&dl_mp3folder=D&dl_file=dragnet_1950-11-16_the_big_parrot.mp3&dl_series=Dragnet&dl_title=The Big Parrot&dl_date=1950.11.16&dl_size=6.63 MB
Dragnet,https://radioechoes.com/?page=series&genre=OTR-Crime&series=Dragnet,Big Betty,1950.11.23,https://radioechoes.com/?page=play_download&mode=play&dl_mp3folder=D&dl_file=dragnet_1950-11-23_big_betty.mp3&dl_series=Dragnet&dl_title=Big Betty&dl_date=1950.11.23&dl_size=5.42 MB
Dragnet,https://radioechoes.com/?page=series&genre=OTR-Crime&series=Dragnet,The Big Car,1950.11.30,https://radioechoes.com/?page=play_download&mode=play&dl_mp3folder=D&dl_file=dragnet_1950-11-30_the_big_car.mp3&dl_series=Dragnet&dl_title=The Big Car&dl_date=1950.11.30&dl_size=6.75 MB
Dragnet,https://radioechoes.com/?page=series&genre=OTR-Crime&series=Dragnet,The Big Picture,1950.12.07,https://radioechoes.com/?page=play_download&mode=play&dl_mp3folder=D&dl_file=dragnet_1950-12-07_the_big_picture.mp3&dl_series=Dragnet&dl_title=The Big Picture&dl_date=1950.12.07&dl_size=6.59 MB
Dragnet,https://radioechoes.com/?page=series&genre=OTR-Crime&series=Dragnet,The Big Break,1950.12.14,https://radioechoes.com/?page=play_download&mode=play&dl_mp3folder=D&dl_file=dragnet_1950-12-14_the_big_break.mp3&dl_series=Dragnet&dl_title=The Big Break&dl_date=1950.12.14&dl_size=6.69 MB
Dragnet,https://radioechoes.com/?page=series&genre=OTR-Crime&series=Dragnet,Twenty-Two Rifle For Christmas 1950 Broadcast,1950.12.21,https://radioechoes.com/?page=play_download&mode=play&dl_mp3folder=D&dl_file=dragnet_1950-12-21_twenty-two_rifle_for_christmas_1950_broadcast.mp3&dl_series=Dragnet&dl_title=Twenty-Two Rifle For Christmas 1950 Broadcast&dl_date=1950.12.21&dl_size=6.59 MB
Dragnet,https://radioechoes.com/?page=series&genre=OTR-Crime&series=Dragnet,The Big Family,1950.12.28,https://radioechoes.com/?page=play_download&mode=play&dl_mp3folder=D&dl_file=dragnet_1950-12-28_the_big_family.mp3&dl_series=Dragnet&dl_title=The Big Family&dl_date=1950.12.28&dl_size=5.9 MB
Dragnet,https://radioechoes.com/?page=series&genre=OTR-Crime&series=Dragnet,The Big Holdup,1951.01.04,https://radioechoes.com/?page=play_download&mode=play&dl_mp3folder=D&dl_file=dragnet_1951-01-04_the_big_holdup.mp3&dl_series=Dragnet&dl_title=The Big Holdup&dl_date=1951.01.04&dl_size=6.74 MB
Dragnet,https://radioechoes.com/?page=series&genre=OTR-Crime&series=Dragnet,The Big Jump,1951.01.11,https://radioechoes.com/?page=play_download&mode=play&dl_mp3folder=D&dl_file=dragnet_1951-01-11_the_big_jump.mp3&dl_series=Dragnet&dl_title=The Big Jump&dl_date=1951.01.11&dl_size=6.6 MB
Dragnet,https://radioechoes.com/?page=series&genre=OTR-Crime&series=Dragnet,The Big Dance,1951.01.18,https://radioechoes.com/?page=play_download&mode=play&dl_mp3folder=D&dl_file=dragnet_1951-01-18_the_big_dance.mp3&dl_series=Dragnet&dl_title=The Big Dance&dl_date=1951.01.18&dl_size=6.7 MB
Dragnet,https://radioechoes.com/?page=series&genre=OTR-Crime&series=Dragnet,The Big Tomato,1951.01.25,https://radioechoes.com/?page=play_download&mode=play&dl_mp3folder=D&dl_file=dragnet_1951-01-25_the_big_tomato.mp3&dl_series=Dragnet&dl_title=The Big Tomato&dl_date=1951.01.25&dl_size=5.26 MB
Dragnet,https://radioechoes.com/?page=series&genre=OTR-Crime&series=Dragnet,The Big Children,1951.02.01,https://radioechoes.com/?page=play_download&mode=play&dl_mp3folder=D&dl_file=dragnet_1951-02-01_the_big_children.mp3&dl_series=Dragnet&dl_title=The Big Children&dl_date=1951.02.01&dl_size=6.77 MB
Dragnet,https://radioechoes.com/?page=series&genre=OTR-Crime&series=Dragnet,The Big Cast,1951.02.08,https://radioechoes.com/?page=play_download&mode=play&dl_mp3folder=D&dl_file=dragnet_1951-02-08_the_big_cast.mp3&dl_series=Dragnet&dl_title=The Big Cast&dl_date=1951.02.08&dl_size=6.7 MB
Dragnet,https://radioechoes.com/?page=series&genre=OTR-Crime&series=Dragnet,Big Crime,1951.02.15,https://radioechoes.com/?page=play_download&mode=play&dl_mp3folder=D&dl_file=dragnet_1951-02-15_big_crime.mp3&dl_series=Dragnet&dl_title=Big Crime&dl_date=1951.02.15&dl_size=6.7 MB
Dragnet,https://radioechoes.com/?page=series&genre=OTR-Crime&series=Dragnet,The Big Couple,1951.02.22,https://radioechoes.com/?page=play_download&mode=play&dl_mp3folder=D&dl_file=dragnet_1951-02-22_the_big_couple.mp3&dl_series=Dragnet&dl_title=The Big Couple&dl_date=1951.02.22&dl_size=6.73 MB
Dragnet,https://radioechoes.com/?page=series&genre=OTR-Crime&series=Dragnet,Big Partner,1951.03.01,https://radioechoes.com/?page=play_download&mode=play&dl_mp3folder=D&dl_file=dragnet_1951-03-01_big_partner.mp3&dl_series=Dragnet&dl_title=Big Partner&dl_date=1951.03.01&dl_size=6.12 MB
Dragnet,https://radioechoes.com/?page=series&genre=OTR-Crime&series=Dragnet,Big New Year's,1951.03.08,https://radioechoes.com/?page=play_download&mode=play&dl_mp3folder=D&dl_file=dragnet_1951-03-08_big_new_years.mp3&dl_series=Dragnet&dl_title=Big New Year's&dl_date=1951.03.08&dl_size=6.07 MB
Dragnet,https://radioechoes.com/?page=series&genre=OTR-Crime&series=Dragnet,Big Ben,1951.03.15,https://radioechoes.com/?page=play_download&mode=play&dl_mp3folder=D&dl_file=dragnet_1951-03-15_big_ben.mp3&dl_series=Dragnet&dl_title=Big Ben&dl_date=1951.03.15&dl_size=6.01 MB
Dragnet,https://radioechoes.com/?page=series&genre=OTR-Crime&series=Dragnet,Big Trunk,1951.03.22,https://radioechoes.com/?page=play_download&mode=play&dl_mp3folder=D&dl_file=dragnet_1951-03-22_big_trunk.mp3&dl_series=Dragnet&dl_title=Big Trunk&dl_date=1951.03.22&dl_size=5.74 MB
Dragnet,https://radioechoes.com/?page=series&genre=OTR-Crime&series=Dragnet,Big Lover,1951.03.29,https://radioechoes.com/?page=play_download&mode=play&dl_mp3folder=D&dl_file=dragnet_1951-03-29_big_lover.mp3&dl_series=Dragnet&dl_title=Big Lover&dl_date=1951.03.29&dl_size=5.77 MB
Dragnet,https://radioechoes.com/?page=series&genre=OTR-Crime&series=Dragnet,The Big Friend,1951.04.05,https://radioechoes.com/?page=play_download&mode=play&dl_mp3folder=D&dl_file=dragnet_1951-04-05_the_big_friend.mp3&dl_series=Dragnet&dl_title=The Big Friend&dl_date=1951.04.05&dl_size=6.72 MB
Dragnet,https://radioechoes.com/?page=series&genre=OTR-Crime&series=Dragnet,The Big Threat,1951.04.12,https://radioechoes.com/?page=play_download&mode=play&dl_mp3folder=D&dl_file=dragnet_1951-04-12_the_big_threat.mp3&dl_series=Dragnet&dl_title=The Big Threat&dl_date=1951.04.12&dl_size=6.62 MB
Dragnet,https://radioechoes.com/?page=series&genre=OTR-Crime&series=Dragnet,The Big Speech,1951.04.19,https://radioechoes.com/?page=play_download&mode=play&dl_mp3folder=D&dl_file=dragnet_1951-04-19_the_big_speech.mp3&dl_series=Dragnet&dl_title=The Big Speech&dl_date=1951.04.19&dl_size=6.61 MB
Dragnet,https://radioechoes.com/?page=series&genre=OTR-Crime&series=Dragnet,The Big Saint,1951.04.26,https://radioechoes.com/?page=play_download&mode=play&dl_mp3folder=D&dl_file=dragnet_1951-04-26_the_big_saint.mp3&dl_series=Dragnet&dl_title=The Big Saint&dl_date=1951.04.26&dl_size=6.99 MB
Dragnet,https://radioechoes.com/?page=series&genre=OTR-Crime&series=Dragnet,The Big Casting,1951.05.03,https://radioechoes.com/?page=play_download&mode=play&dl_mp3folder=D&dl_file=dragnet_1951-05-03_the_big_casting.mp3&dl_series=Dragnet&dl_title=The Big Casting&dl_date=1951.05.03&dl_size=6.6 MB
Dragnet,https://radioechoes.com/?page=series&genre=OTR-Crime&series=Dragnet,The Big Drills,1951.05.10,https://radioechoes.com/?page=play_download&mode=play&dl_mp3folder=D&dl_file=dragnet_1951-05-10_the_big_drills.mp3&dl_series=Dragnet&dl_title=The Big Drills&dl_date=1951.05.10&dl_size=6.1 MB
Dragnet,https://radioechoes.com/?page=series&genre=OTR-Crime&series=Dragnet,The Big Blast,1951.05.17,https://radioechoes.com/?page=play_download&mode=play&dl_mp3folder=D&dl_file=dragnet_1951-05-17_the_big_blast.mp3&dl_series=Dragnet&dl_title=The Big Blast&dl_date=1951.05.17&dl_size=6.62 MB
Dragnet,https://radioechoes.com/?page=series&genre=OTR-Crime&series=Dragnet,The Big Mailman,1951.05.24,https://radioechoes.com/?page=play_download&mode=play&dl_mp3folder=D&dl_file=dragnet_1951-05-24_the_big_mailman.mp3&dl_series=Dragnet&dl_title=The Big Mailman&dl_date=1951.05.24&dl_size=6.61 MB
Dragnet,https://radioechoes.com/?page=series&genre=OTR-Crime&series=Dragnet,The Big Bindle,1951.05.31,https://radioechoes.com/?page=play_download&mode=play&dl_mp3folder=D&dl_file=dragnet_1951-05-31_the_big_bindle.mp3&dl_series=Dragnet&dl_title=The Big Bindle&dl_date=1951.05.31&dl_size=7.02 MB
Dragnet,https://radioechoes.com/?page=series&genre=OTR-Crime&series=Dragnet,The Big Imposter,1951.06.07,https://radioechoes.com/?page=play_download&mode=play&dl_mp3folder=D&dl_file=dragnet_1951-06-07_the_big_imposter.mp3&dl_series=Dragnet&dl_title=The Big Imposter&dl_date=1951.06.07&dl_size=6.96 MB
Dragnet,https://radioechoes.com/?page=series&genre=OTR-Crime&series=Dragnet,The Big Building,1951.06.14,https://radioechoes.com/?page=play_download&mode=play&dl_mp3folder=D&dl_file=dragnet_1951-06-14_the_big_building.mp3&dl_series=Dragnet&dl_title=The Big Building&dl_date=1951.06.14&dl_size=6.78 MB
Dragnet,https://radioechoes.com/?page=series&genre=OTR-Crime&series=Dragnet,The Big Run,1951.06.21,https://radioechoes.com/?page=play_download&mode=play&dl_mp3folder=D&dl_file=dragnet_1951-06-21_the_big_run.mp3&dl_series=Dragnet&dl_title=The Big Run&dl_date=1951.06.21&dl_size=6.62 MB
Dragnet,https://radioechoes.com/?page=series&genre=OTR-Crime&series=Dragnet,The Big Cliff,1951.06.28,https://radioechoes.com/?page=play_download&mode=play&dl_mp3folder=D&dl_file=dragnet_1951-06-28_the_big_cliff.mp3&dl_series=Dragnet&dl_title=The Big Cliff&dl_date=1951.06.28&dl_size=6.74 MB
Dragnet,https://radioechoes.com/?page=series&genre=OTR-Crime&series=Dragnet,The Big Love,1951.07.05,https://radioechoes.com/?page=play_download&mode=play&dl_mp3folder=D&dl_file=dragnet_1951-07-05_the_big_love.mp3&dl_series=Dragnet&dl_title=The Big Love&dl_date=1951.07.05&dl_size=6.84 MB
Dragnet,https://radioechoes.com/?page=series&genre=OTR-Crime&series=Dragnet,The Big Set Up,1951.07.12,https://radioechoes.com/?page=play_download&mode=play&dl_mp3folder=D&dl_file=dragnet_1951-07-12_the_big_set_up.mp3&dl_series=Dragnet&dl_title=The Big Set Up&dl_date=1951.07.12&dl_size=6.84 MB
Dragnet,https://radioechoes.com/?page=series&genre=OTR-Crime&series=Dragnet,Big Sophomore,1951.07.19,https://radioechoes.com/?page=play_download&mode=play&dl_mp3folder=D&dl_file=dragnet_1951-07-19_big_sophomore.mp3&dl_series=Dragnet&dl_title=Big Sophomore&dl_date=1951.07.19&dl_size=6.06 MB
Dragnet,https://radioechoes.com/?page=series&genre=OTR-Crime&series=Dragnet,The Big Late Script,1951.07.26,https://radioechoes.com/?page=play_download&mode=play&dl_mp3folder=D&dl_file=dragnet_1951-07-26_the_big_late_script.mp3&dl_series=Dragnet&dl_title=The Big Late Script&dl_date=1951.07.26&dl_size=6.79 MB
Dragnet,https://radioechoes.com/?page=series&genre=OTR-Crime&series=Dragnet,The Big Cop,1951.08.02,https://radioechoes.com/?page=play_download&mode=play&dl_mp3folder=D&dl_file=dragnet_1951-08-02_the_big_cop.mp3&dl_series=Dragnet&dl_title=The Big Cop&dl_date=1951.08.02&dl_size=6.81 MB
Dragnet,https://radioechoes.com/?page=series&genre=OTR-Crime&series=Dragnet,The Big Screen,1951.08.09,https://radioechoes.com/?page=play_download&mode=play&dl_mp3folder=D&dl_file=dragnet_1951-08-09_the_big_screen.mp3&dl_series=Dragnet&dl_title=The Big Screen&dl_date=1951.08.09&dl_size=6.75 MB
Dragnet,https://radioechoes.com/?page=series&genre=OTR-Crime&series=Dragnet,Big Winchester,1951.08.16,https://radioechoes.com/?page=play_download&mode=play&dl_mp3folder=D&dl_file=dragnet_1951-08-16_big_winchester.mp3&dl_series=Dragnet&dl_title=Big Winchester&dl_date=1951.08.16&dl_size=6.57 MB
Dragnet,https://radioechoes.com/?page=series&genre=OTR-Crime&series=Dragnet,Big In Laws,1951.08.23,https://radioechoes.com/?page=play_download&mode=play&dl_mp3folder=D&dl_file=dragnet_1951-08-23_big_in_laws.mp3&dl_series=Dragnet&dl_title=Big In Laws&dl_date=1951.08.23&dl_size=6.51 MB
Dragnet,https://radioechoes.com/?page=series&genre=OTR-Crime&series=Dragnet,Big Crazy,1951.08.30,https://radioechoes.com/?page=play_download&mode=play&dl_mp3folder=D&dl_file=dragnet_1951-08-30_big_crazy.mp3&dl_series=Dragnet&dl_title=Big Crazy&dl_date=1951.08.30&dl_size=13.52 MB
Dragnet,https://radioechoes.com/?page=series&genre=OTR-Crime&series=Dragnet,The Big Seventeen,1951.09.06,https://radioechoes.com/?page=play_download&mode=play&dl_mp3folder=D&dl_file=dragnet_1951-09-06_the_big_seventeen.mp3&dl_series=Dragnet&dl_title=The Big Seventeen&dl_date=1951.09.06&dl_size=6.32 MB
Dragnet,https://radioechoes.com/?page=series&genre=OTR-Crime&series=Dragnet,The Big Waiter,1951.09.13,https://radioechoes.com/?page=play_download&mode=play&dl_mp3folder=D&dl_file=dragnet_1951-09-13_the_big_waiter.mp3&dl_series=Dragnet&dl_title=The Big Waiter&dl_date=1951.09.13&dl_size=6.33 MB
Dragnet,https://radioechoes.com/?page=series&genre=OTR-Crime&series=Dragnet,Big Sour,1951.09.20,https://radioechoes.com/?page=play_download&mode=play&dl_mp3folder=D&dl_file=dragnet_1951-09-20_big_sour.mp3&dl_series=Dragnet&dl_title=Big Sour&dl_date=1951.09.20&dl_size=6.88 MB
Dragnet,https://radioechoes.com/?page=series&genre=OTR-Crime&series=Dragnet,Big September Man,1951.09.27,https://radioechoes.com/?page=play_download&mode=play&dl_mp3folder=D&dl_file=dragnet_1951-09-27_big_september_man.mp3&dl_series=Dragnet&dl_title=Big September Man&dl_date=1951.09.27&dl_size=6.56 MB
Dragnet,https://radioechoes.com/?page=series&genre=OTR-Crime&series=Dragnet,Big Want Ad,1951.10.04,https://radioechoes.com/?page=play_download&mode=play&dl_mp3folder=D&dl_file=dragnet_1951-10-04_big_want_ad.mp3&dl_series=Dragnet&dl_title=Big Want Ad&dl_date=1951.10.04&dl_size=6.33 MB
Dragnet,https://radioechoes.com/?page=series&genre=OTR-Crime&series=Dragnet,The Big Shoplift,1951.10.11,https://radioechoes.com/?page=play_download&mode=play&dl_mp3folder=D&dl_file=dragnet_1951-10-11_the_big_shoplift.mp3&dl_series=Dragnet&dl_title=The Big Shoplift&dl_date=1951.10.11&dl_size=6.22 MB
Dragnet,https://radioechoes.com/?page=series&genre=OTR-Crime&series=Dragnet,Big Story Man,1951.10.18,https://radioechoes.com/?page=play_download&mode=play&dl_mp3folder=D&dl_file=dragnet_1951-10-18_big_story_man.mp3&dl_series=Dragnet&dl_title=Big Story Man&dl_date=1951.10.18&dl_size=11.86 MB
Dragnet,https://radioechoes.com/?page=series&genre=OTR-Crime&series=Dragnet,Big Market,1951.10.25,https://radioechoes.com/?page=play_download&mode=play&dl_mp3folder=D&dl_file=dragnet_1951-10-25_big_market.mp3&dl_series=Dragnet&dl_title=Big Market&dl_date=1951.10.25&dl_size=6.74 MB
Dragnet,https://radioechoes.com/?page=series&genre=OTR-Crime&series=Dragnet,The Big Lease,1951.11.01,https://radioechoes.com/?page=play_download&mode=play&dl_mp3folder=D&dl_file=dragnet_1951-11-01_the_big_lease.mp3&dl_series=Dragnet&dl_title=The Big Lease&dl_date=1951.11.01&dl_size=6.82 MB
Dragnet,https://radioechoes.com/?page=series&genre=OTR-Crime&series=Dragnet,Big Hit And Run Killer,1951.11.08,https://radioechoes.com/?page=play_download&mode=play&dl_mp3folder=D&dl_file=dragnet_1951-11-08_big_hit_and_run_killer.mp3&dl_series=Dragnet&dl_title=Big Hit And Run Killer&dl_date=1951.11.08&dl_size=6 MB
Dragnet,https://radioechoes.com/?page=series&genre=OTR-Crime&series=Dragnet,The Big Bungalow,1951.11.15,https://radioechoes.com/?page=play_download&mode=play&dl_mp3folder=D&dl_file=dragnet_1951-11-15_the_big_bungalow.mp3&dl_series=Dragnet&dl_title=The Big Bungalow&dl_date=1951.11.15&dl_size=6.77 MB
Dragnet,https://radioechoes.com/?page=series&genre=OTR-Crime&series=Dragnet,The Big Hands,1951.11.22,https://radioechoes.com/?page=play_download&mode=play&dl_mp3folder=D&dl_file=dragnet_1951-11-22_the_big_hands.mp3&dl_series=Dragnet&dl_title=The Big Hands&dl_date=1951.11.22&dl_size=6.76 MB
Dragnet,https://radioechoes.com/?page=series&genre=OTR-Crime&series=Dragnet,The Big Affair,1951.11.29,https://radioechoes.com/?page=play_download&mode=play&dl_mp3folder=D&dl_file=dragnet_1951-11-29_the_big_affair.mp3&dl_series=Dragnet&dl_title=The Big Affair&dl_date=1951.11.29&dl_size=6.75 MB
Dragnet,https://radioechoes.com/?page=series&genre=OTR-Crime&series=Dragnet,The Big Canaries,1951.12.06,https://radioechoes.com/?page=play_download&mode=play&dl_mp3folder=D&dl_file=dragnet_1951-12-06_the_big_canaries.mp3&dl_series=Dragnet&dl_title=The Big Canaries&dl_date=1951.12.06&dl_size=6.78 MB
Dragnet,https://radioechoes.com/?page=series&genre=OTR-Crime&series=Dragnet,The Big Overtime,1951.12.13,https://radioechoes.com/?page=play_download&mode=play&dl_mp3folder=D&dl_file=dragnet_1951-12-13_the_big_overtime.mp3&dl_series=Dragnet&dl_title=The Big Overtime&dl_date=1951.12.13&dl_size=6.69 MB
Dragnet,https://radioechoes.com/?page=series&genre=OTR-Crime&series=Dragnet,Twenty Two Rifle For Christmas 1951 Broadcast,1951.12.20,https://radioechoes.com/?page=play_download&mode=play&dl_mp3folder=D&dl_file=dragnet_1951-12-20_twenty_two_rifle_for_christmas_1951_broadcast.mp3&dl_series=Dragnet&dl_title=Twenty Two Rifle For Christmas 1951 Broadcast&dl_date=1951.12.20&dl_size=5.85 MB
Dragnet,https://radioechoes.com/?page=series&genre=OTR-Crime&series=Dragnet,The Big Sorrow,1951.12.27,https://radioechoes.com/?page=play_download&mode=play&dl_mp3folder=D&dl_file=dragnet_1951-12-27_the_big_sorrow.mp3&dl_series=Dragnet&dl_title=The Big Sorrow&dl_date=1951.12.27&dl_size=6.7 MB
Dragnet,https://radioechoes.com/?page=series&genre=OTR-Crime&series=Dragnet,Big Red Part 1 Of 2,1952.01.03,https://radioechoes.com/?page=play_download&mode=play&dl_mp3folder=D&dl_file=dragnet_1952-01-03_big_red_part_1_of_2.mp3&dl_series=Dragnet&dl_title=Big Red Part 1 Of 2&dl_date=1952.01.03&dl_size=6.71 MB
Dragnet,https://radioechoes.com/?page=series&genre=OTR-Crime&series=Dragnet,Big Red Part 2 Of 2,1952.01.10,https://radioechoes.com/?page=play_download&mode=play&dl_mp3folder=D&dl_file=dragnet_1952-01-10_big_red_part_2_of_2.mp3&dl_series=Dragnet&dl_title=Big Red Part 2 Of 2&dl_date=1952.01.10&dl_size=6.62 MB
Dragnet,https://radioechoes.com/?page=series&genre=OTR-Crime&series=Dragnet,Big Juvenile,1952.01.17,https://radioechoes.com/?page=play_download&mode=play&dl_mp3folder=D&dl_file=dragnet_1952-01-17_big_juvenile.mp3&dl_series=Dragnet&dl_title=Big Juvenile&dl_date=1952.01.17&dl_size=6.71 MB
Dragnet,https://radioechoes.com/?page=series&genre=OTR-Crime&series=Dragnet,Big Court,1952.01.24,https://radioechoes.com/?page=play_download&mode=play&dl_mp3folder=D&dl_file=dragnet_1952-01-24_big_court.mp3&dl_series=Dragnet&dl_title=Big Court&dl_date=1952.01.24&dl_size=6.76 MB
Dragnet,https://radioechoes.com/?page=series&genre=OTR-Crime&series=Dragnet,The Big Almost No Show,1952.01.31,https://radioechoes.com/?page=play_download&mode=play&dl_mp3folder=D&dl_file=dragnet_1952-01-31_the_big_almost_no_show.mp3&dl_series=Dragnet&dl_title=The Big Almost No Show&dl_date=1952.01.31&dl_size=6.75 MB
Dragnet,https://radioechoes.com/?page=series&genre=OTR-Crime&series=Dragnet,The Big Honeymoon,1952.02.07,https://radioechoes.com/?page=play_download&mode=play&dl_mp3folder=D&dl_file=dragnet_1952-02-07_the_big_honeymoon.mp3&dl_series=Dragnet&dl_title=The Big Honeymoon&dl_date=1952.02.07&dl_size=6.25 MB
Dragnet,https://radioechoes.com/?page=series&genre=OTR-Crime&series=Dragnet,The Big Phone Call,1952.02.14,https://radioechoes.com/?page=play_download&mode=play&dl_mp3folder=D&dl_file=dragnet_1952-02-14_the_big_phone_call.mp3&dl_series=Dragnet&dl_title=The Big Phone Call&dl_date=1952.02.14&dl_size=6 MB
Dragnet,https://radioechoes.com/?page=series&genre=OTR-Crime&series=Dragnet,The Big Producer,1952.02.21,https://radioechoes.com/?page=play_download&mode=play&dl_mp3folder=D&dl_file=dragnet_1952-02-21_the_big_producer.mp3&dl_series=Dragnet&dl_title=The Big Producer&dl_date=1952.02.21&dl_size=6.75 MB
Dragnet,https://radioechoes.com/?page=series&genre=OTR-Crime&series=Dragnet,The Big Plant,1952.02.28,https://radioechoes.com/?page=play_download&mode=play&dl_mp3folder=D&dl_file=dragnet_1952-02-28_the_big_plant.mp3&dl_series=Dragnet&dl_title=The Big Plant&dl_date=1952.02.28&dl_size=6.71 MB
Dragnet,https://radioechoes.com/?page=series&genre=OTR-Crime&series=Dragnet,The Big Evans,1952.03.06,https://radioechoes.com/?page=play_download&mode=play&dl_mp3folder=D&dl_file=dragnet_1952-03-06_the_big_evans.mp3&dl_series=Dragnet&dl_title=The Big Evans&dl_date=1952.03.06&dl_size=6.67 MB
Dragnet,https://radioechoes.com/?page=series&genre=OTR-Crime&series=Dragnet,The Big Fire,1952.03.13,https://radioechoes.com/?page=play_download&mode=play&dl_mp3folder=D&dl_file=dragnet_1952-03-13_the_big_fire.mp3&dl_series=Dragnet&dl_title=The Big Fire&dl_date=1952.03.13&dl_size=6.74 MB
Dragnet,https://radioechoes.com/?page=series&genre=OTR-Crime&series=Dragnet,Big Border,1952.03.20,https://radioechoes.com/?page=play_download&mode=play&dl_mp3folder=D&dl_file=dragnet_1952-03-20_big_border.mp3&dl_series=Dragnet&dl_title=Big Border&dl_date=1952.03.20&dl_size=6.84 MB
Dragnet,https://radioechoes.com/?page=series&genre=OTR-Crime&series=Dragnet,The Big Rose,1952.03.27,https://radioechoes.com/?page=play_download&mode=play&dl_mp3folder=D&dl_file=dragnet_1952-03-27_the_big_rose.mp3&dl_series=Dragnet&dl_title=The Big Rose&dl_date=1952.03.27&dl_size=6.68 MB
Dragnet,https://radioechoes.com/?page=series&genre=OTR-Crime&series=Dragnet,Big Streetcar,1952.04.03,https://radioechoes.com/?page=play_download&mode=play&dl_mp3folder=D&dl_file=dragnet_1952-04-03_big_streetcar.mp3&dl_series=Dragnet&dl_title=Big Streetcar&dl_date=1952.04.03&dl_size=6.67 MB
Dragnet,https://radioechoes.com/?page=series&genre=OTR-Crime&series=Dragnet,Big Show,1952.04.10,https://radioechoes.com/?page=play_download&mode=play&dl_mp3folder=D&dl_file=dragnet_1952-04-10_big_show.mp3&dl_series=Dragnet&dl_title=Big Show&dl_date=1952.04.10&dl_size=6.75 MB
Dragnet,https://radioechoes.com/?page=series&genre=OTR-Crime&series=Dragnet,The Big Bunco,1952.04.17,https://radioechoes.com/?page=play_download&mode=play&dl_mp3folder=D&dl_file=dragnet_1952-04-17_the_big_bunco.mp3&dl_series=Dragnet&dl_title=The Big Bunco&dl_date=1952.04.17&dl_size=13.67 MB
Dragnet,https://radioechoes.com/?page=series&genre=OTR-Crime&series=Dragnet,The Big Elevator,1952.04.24,https://radioechoes.com/?page=play_download&mode=play&dl_mp3folder=D&dl_file=dragnet_1952-04-24_the_big_elevator.mp3&dl_series=Dragnet&dl_title=The Big Elevator&dl_date=1952.04.24&dl_size=13.51 MB
Dragnet,https://radioechoes.com/?page=series&genre=OTR-Crime&series=Dragnet,The Big Safe,1952.05.01,https://radioechoes.com/?page=play_download&mode=play&dl_mp3folder=D&dl_file=dragnet_1952-05-01_the_big_safe.mp3&dl_series=Dragnet&dl_title=The Big Safe&dl_date=1952.05.01&dl_size=6.74 MB
Dragnet,https://radioechoes.com/?page=series&genre=OTR-Crime&series=Dragnet,Big Gamble,1952.05.08,https://radioechoes.com/?page=play_download&mode=play&dl_mp3folder=D&dl_file=dragnet_1952-05-08_big_gamble.mp3&dl_series=Dragnet&dl_title=Big Gamble&dl_date=1952.05.08&dl_size=6.81 MB
Dragnet,https://radioechoes.com/?page=series&genre=OTR-Crime&series=Dragnet,Big Mail,1952.05.15,https://radioechoes.com/?page=play_download&mode=play&dl_mp3folder=D&dl_file=dragnet_1952-05-15_big_mail.mp3&dl_series=Dragnet&dl_title=Big Mail&dl_date=1952.05.15&dl_size=6.81 MB
Dragnet,https://radioechoes.com/?page=series&genre=OTR-Crime&series=Dragnet,Big Shakedown,1952.05.22,https://radioechoes.com/?page=play_download&mode=play&dl_mp3folder=D&dl_file=dragnet_1952-05-22_big_shakedown.mp3&dl_series=Dragnet&dl_title=Big Shakedown&dl_date=1952.05.22&dl_size=6.75 MB
Dragnet,https://radioechoes.com/?page=series&genre=OTR-Crime&series=Dragnet,The Big Forth,1952.05.29,https://radioechoes.com/?page=play_download&mode=play&dl_mp3folder=D&dl_file=dragnet_1952-05-29_the_big_forth.mp3&dl_series=Dragnet&dl_title=The Big Forth&dl_date=1952.05.29&dl_size=6.74 MB
Dragnet,https://radioechoes.com/?page=series&genre=OTR-Crime&series=Dragnet,The Big Whiff,1952.06.05,https://radioechoes.com/?page=play_download&mode=play&dl_mp3folder=D&dl_file=dragnet_1952-06-05_the_big_whiff.mp3&dl_series=Dragnet&dl_title=The Big Whiff&dl_date=1952.06.05&dl_size=8.38 MB
Dragnet,https://radioechoes.com/?page=series&genre=OTR-Crime&series=Dragnet,The Big Donation,1952.06.12,https://radioechoes.com/?page=play_download&mode=play&dl_mp3folder=D&dl_file=dragnet_1952-06-12_the_big_donation.mp3&dl_series=Dragnet&dl_title=The Big Donation&dl_date=1952.06.12&dl_size=6.73 MB
Dragnet,https://radioechoes.com/?page=series&genre=OTR-Crime&series=Dragnet,Big Jules,1952.06.19,https://radioechoes.com/?page=play_download&mode=play&dl_mp3folder=D&dl_file=dragnet_1952-06-19_big_jules.mp3&dl_series=Dragnet&dl_title=Big Jules&dl_date=1952.06.19&dl_size=6.27 MB
Dragnet,https://radioechoes.com/?page=series&genre=OTR-Crime&series=Dragnet,Big Roll,1952.06.26,https://radioechoes.com/?page=play_download&mode=play&dl_mp3folder=D&dl_file=dragnet_1952-06-26_big_roll.mp3&dl_series=Dragnet&dl_title=Big Roll&dl_date=1952.06.26&dl_size=6.92 MB
Dragnet,https://radioechoes.com/?page=series&genre=OTR-Crime&series=Dragnet,Big Trio,1952.07.03,https://radioechoes.com/?page=play_download&mode=play&dl_mp3folder=D&dl_file=dragnet_1952-07-03_big_trio.mp3&dl_series=Dragnet&dl_title=Big Trio&dl_date=1952.07.03&dl_size=6.66 MB
Dragnet,https://radioechoes.com/?page=series&genre=OTR-Crime&series=Dragnet,The Big Hate,1952.07.10,https://radioechoes.com/?page=play_download&mode=play&dl_mp3folder=D&dl_file=dragnet_1952-07-10_the_big_hate.mp3&dl_series=Dragnet&dl_title=The Big Hate&dl_date=1952.07.10&dl_size=6.03 MB
Dragnet,https://radioechoes.com/?page=series&genre=OTR-Crime&series=Dragnet,Big Signet,1952.07.31,https://radioechoes.com/?page=play_download&mode=play&dl_mp3folder=D&dl_file=dragnet_1952-07-31_big_signet.mp3&dl_series=Dragnet&dl_title=Big Signet&dl_date=1952.07.31&dl_size=6.79 MB
Dragnet,https://radioechoes.com/?page=series&genre=OTR-Crime&series=Dragnet,Big Impression,1952.08.07,https://radioechoes.com/?page=play_download&mode=play&dl_mp3folder=D&dl_file=dragnet_1952-08-07_big_impression.mp3&dl_series=Dragnet&dl_title=Big Impression&dl_date=1952.08.07&dl_size=6.64 MB
Dragnet,https://radioechoes.com/?page=series&genre=OTR-Crime&series=Dragnet,Big Drive,1952.08.14,https://radioechoes.com/?page=play_download&mode=play&dl_mp3folder=D&dl_file=dragnet_1952-08-14_big_drive.mp3&dl_series=Dragnet&dl_title=Big Drive&dl_date=1952.08.14&dl_size=6.73 MB
Dragnet,https://radioechoes.com/?page=series&genre=OTR-Crime&series=Dragnet,Big Paper,1952.08.21,https://radioechoes.com/?page=play_download&mode=play&dl_mp3folder=D&dl_file=dragnet_1952-08-21_big_paper.mp3&dl_series=Dragnet&dl_title=Big Paper&dl_date=1952.08.21&dl_size=6.72 MB
Dragnet,https://radioechoes.com/?page=series&genre=OTR-Crime&series=Dragnet,Big Test,1952.08.28,https://radioechoes.com/?page=play_download&mode=play&dl_mp3folder=D&dl_file=dragnet_1952-08-28_big_test.mp3&dl_series=Dragnet&dl_title=Big Test&dl_date=1952.08.28&dl_size=6.61 MB
Dragnet,https://radioechoes.com/?page=series&genre=OTR-Crime&series=Dragnet,Big Ray,1952.09.04,https://radioechoes.com/?page=play_download&mode=play&dl_mp3folder=D&dl_file=dragnet_1952-09-04_big_ray.mp3&dl_series=Dragnet&dl_title=Big Ray&dl_date=1952.09.04&dl_size=6.6 MB
Dragnet,https://radioechoes.com/?page=series&genre=OTR-Crime&series=Dragnet,Big Tear,1952.09.11,https://radioechoes.com/?page=play_download&mode=play&dl_mp3folder=D&dl_file=dragnet_1952-09-11_big_tear.mp3&dl_series=Dragnet&dl_title=Big Tear&dl_date=1952.09.11&dl_size=6.32 MB
Dragnet,https://radioechoes.com/?page=series&genre=OTR-Crime&series=Dragnet,The Big Bull,1952.09.14,https://radioechoes.com/?page=play_download&mode=play&dl_mp3folder=D&dl_file=dragnet_1952-09-14_the_big_bull.mp3&dl_series=Dragnet&dl_title=The Big Bull&dl_date=1952.09.14&dl_size=13.56 MB
Dragnet,https://radioechoes.com/?page=series&genre=OTR-Crime&series=Dragnet,The Big Shot,1952.09.21,https://radioechoes.com/?page=play_download&mode=play&dl_mp3folder=D&dl_file=dragnet_1952-09-21_the_big_shot.mp3&dl_series=Dragnet&dl_title=The Big Shot&dl_date=1952.09.21&dl_size=13.5 MB
Dragnet,https://radioechoes.com/?page=series&genre=OTR-Crime&series=Dragnet,Big Brain,1952.09.28,https://radioechoes.com/?page=play_download&mode=play&dl_mp3folder=D&dl_file=dragnet_1952-09-28_big_brain.mp3&dl_series=Dragnet&dl_title=Big Brain&dl_date=1952.09.28&dl_size=5.77 MB
Dragnet,https://radioechoes.com/?page=series&genre=OTR-Crime&series=Dragnet,The Big Jolt,1952.10.05,https://radioechoes.com/?page=play_download&mode=play&dl_mp3folder=D&dl_file=dragnet_1952-10-05_the_big_jolt.mp3&dl_series=Dragnet&dl_title=The Big Jolt&dl_date=1952.10.05&dl_size=13.4 MB
Dragnet,https://radioechoes.com/?page=series&genre=OTR-Crime&series=Dragnet,Big Lie,1952.10.12,https://radioechoes.com/?page=play_download&mode=play&dl_mp3folder=D&dl_file=dragnet_1952-10-12_big_lie.mp3&dl_series=Dragnet&dl_title=Big Lie&dl_date=1952.10.12&dl_size=6.75 MB
Dragnet,https://radioechoes.com/?page=series&genre=OTR-Crime&series=Dragnet,The Big Pill,1952.10.19,https://radioechoes.com/?page=play_download&mode=play&dl_mp3folder=D&dl_file=dragnet_1952-10-19_the_big_pill.mp3&dl_series=Dragnet&dl_title=The Big Pill&dl_date=1952.10.19&dl_size=13.54 MB
Dragnet,https://radioechoes.com/?page=series&genre=OTR-Crime&series=Dragnet,The Big Number,1952.10.26,https://radioechoes.com/?page=play_download&mode=play&dl_mp3folder=D&dl_file=dragnet_1952-10-26_the_big_number.mp3&dl_series=Dragnet&dl_title=The Big Number&dl_date=1952.10.26&dl_size=13.49 MB
Dragnet,https://radioechoes.com/?page=series&genre=OTR-Crime&series=Dragnet,The Big Light,1952.11.02,https://radioechoes.com/?page=play_download&mode=play&dl_mp3folder=D&dl_file=dragnet_1952-11-02_the_big_light.mp3&dl_series=Dragnet&dl_title=The Big Light&dl_date=1952.11.02&dl_size=13.55 MB
Dragnet,https://radioechoes.com/?page=series&genre=OTR-Crime&series=Dragnet,The Big Dive,1952.11.09,https://radioechoes.com/?page=play_download&mode=play&dl_mp3folder=D&dl_file=dragnet_1952-11-09_the_big_dive.mp3&dl_series=Dragnet&dl_title=The Big Dive&dl_date=1952.11.09&dl_size=13.5 MB
Dragnet,https://radioechoes.com/?page=series&genre=OTR-Crime&series=Dragnet,The Big Walk,1952.11.16,https://radioechoes.com/?page=play_download&mode=play&dl_mp3folder=D&dl_file=dragnet_1952-11-16_the_big_walk.mp3&dl_series=Dragnet&dl_title=The Big Walk&dl_date=1952.11.16&dl_size=13.47 MB
Dragnet,https://radioechoes.com/?page=series&genre=OTR-Crime&series=Dragnet,The Big Guilt,1952.11.23,https://radioechoes.com/?page=play_download&mode=play&dl_mp3folder=D&dl_file=dragnet_1952-11-23_the_big_guilt.mp3&dl_series=Dragnet&dl_title=The Big Guilt&dl_date=1952.11.23&dl_size=13.51 MB
Dragnet,https://radioechoes.com/?page=series&genre=OTR-Crime&series=Dragnet,The Big Shirt,1952.11.30,https://radioechoes.com/?page=play_download&mode=play&dl_mp3folder=D&dl_file=dragnet_1952-11-30_the_big_shirt.mp3&dl_series=Dragnet&dl_title=The Big Shirt&dl_date=1952.11.30&dl_size=13.51 MB
Dragnet,https://radioechoes.com/?page=series&genre=OTR-Crime&series=Dragnet,The Big Mole,1952.12.07,https://radioechoes.com/?page=play_download&mode=play&dl_mp3folder=D&dl_file=dragnet_1952-12-07_the_big_mole.mp3&dl_series=Dragnet&dl_title=The Big Mole&dl_date=1952.12.07&dl_size=13.55 MB
Dragnet,https://radioechoes.com/?page=series&genre=OTR-Crime&series=Dragnet,The Big Eavesdrop,1952.12.14,https://radioechoes.com/?page=play_download&mode=play&dl_mp3folder=D&dl_file=dragnet_1952-12-14_the_big_eavesdrop.mp3&dl_series=Dragnet&dl_title=The Big Eavesdrop&dl_date=1952.12.14&dl_size=13.35 MB
Dragnet,https://radioechoes.com/?page=series&genre=OTR-Crime&series=Dragnet,Twenty Two Rifle For Christmas 1952 Broadcast,1952.12.21,https://radioechoes.com/?page=play_download&mode=play&dl_mp3folder=D&dl_file=dragnet_1952-12-21_twenty_two_rifle_for_christmas_1952_broadcast.mp3&dl_series=Dragnet&dl_title=Twenty Two Rifle For Christmas 1952 Broadcast&dl_date=1952.12.21&dl_size=6.12 MB
Dragnet,https://radioechoes.com/?page=series&genre=OTR-Crime&series=Dragnet,Big Mask Part 1 Of 2,1952.12.28,https://radioechoes.com/?page=play_download&mode=play&dl_mp3folder=D&dl_file=dragnet_1952-12-28_big_mask_part_1_of_2.mp3&dl_series=Dragnet&dl_title=Big Mask Part 1 Of 2&dl_date=1952.12.28&dl_size=6.83 MB
Dragnet,https://radioechoes.com/?page=series&genre=OTR-Crime&series=Dragnet,Big Mask Part 2 Of 2,1953.01.04,https://radioechoes.com/?page=play_download&mode=play&dl_mp3folder=D&dl_file=dragnet_1953-01-04_big_mask_part_2_of_2.mp3&dl_series=Dragnet&dl_title=Big Mask Part 2 Of 2&dl_date=1953.01.04&dl_size=6.48 MB
Dragnet,https://radioechoes.com/?page=series&genre=OTR-Crime&series=Dragnet,The Big Small,1953.01.11,https://radioechoes.com/?page=play_download&mode=play&dl_mp3folder=D&dl_file=dragnet_1953-01-11_the_big_small.mp3&dl_series=Dragnet&dl_title=The Big Small&dl_date=1953.01.11&dl_size=13.58 MB
Dragnet,https://radioechoes.com/?page=series&genre=OTR-Crime&series=Dragnet,The Big String,1953.01.18,https://radioechoes.com/?page=play_download&mode=play&dl_mp3folder=D&dl_file=dragnet_1953-01-18_the_big_string.mp3&dl_series=Dragnet&dl_title=The Big String&dl_date=1953.01.18&dl_size=13.54 MB
Dragnet,https://radioechoes.com/?page=series&genre=OTR-Crime&series=Dragnet,The Big Layout,1953.01.25,https://radioechoes.com/?page=play_download&mode=play&dl_mp3folder=D&dl_file=dragnet_1953-01-25_the_big_layout.mp3&dl_series=Dragnet&dl_title=The Big Layout&dl_date=1953.01.25&dl_size=13.57 MB
Dragnet,https://radioechoes.com/?page=series&genre=OTR-Crime&series=Dragnet,The Big Strip,1953.02.01,https://radioechoes.com/?page=play_download&mode=play&dl_mp3folder=D&dl_file=dragnet_1953-02-01_the_big_strip.mp3&dl_series=Dragnet&dl_title=The Big Strip&dl_date=1953.02.01&dl_size=5.8 MB
Dragnet,https://radioechoes.com/?page=series&genre=OTR-Crime&series=Dragnet,The Big Press,1953.02.08,https://radioechoes.com/?page=play_download&mode=play&dl_mp3folder=D&dl_file=dragnet_1953-02-08_the_big_press.mp3&dl_series=Dragnet&dl_title=The Big Press&dl_date=1953.02.08&dl_size=13.48 MB
Dragnet,https://radioechoes.com/?page=series&genre=OTR-Crime&series=Dragnet,The Big Tooth,1953.02.15,https://radioechoes.com/?page=play_download&mode=play&dl_mp3folder=D&dl_file=dragnet_1953-02-15_the_big_tooth.mp3&dl_series=Dragnet&dl_title=The Big Tooth&dl_date=1953.02.15&dl_size=13.52 MB
Dragnet,https://radioechoes.com/?page=series&genre=OTR-Crime&series=Dragnet,The Big Smoke,1953.02.22,https://radioechoes.com/?page=play_download&mode=play&dl_mp3folder=D&dl_file=dragnet_1953-02-22_the_big_smoke.mp3&dl_series=Dragnet&dl_title=The Big Smoke&dl_date=1953.02.22&dl_size=6.02 MB
Dragnet,https://radioechoes.com/?page=series&genre=OTR-Crime&series=Dragnet,The Big Want,1953.03.01,https://radioechoes.com/?page=play_download&mode=play&dl_mp3folder=D&dl_file=dragnet_1953-03-01_the_big_want.mp3&dl_series=Dragnet&dl_title=The Big Want&dl_date=1953.03.01&dl_size=13.49 MB
Dragnet,https://radioechoes.com/?page=series&genre=OTR-Crime&series=Dragnet,The Big Laugh,1953.03.08,https://radioechoes.com/?page=play_download&mode=play&dl_mp3folder=D&dl_file=dragnet_1953-03-08_the_big_laugh.mp3&dl_series=Dragnet&dl_title=The Big Laugh&dl_date=1953.03.08&dl_size=13.59 MB
Dragnet,https://radioechoes.com/?page=series&genre=OTR-Crime&series=Dragnet,The Big Impossible,1953.03.15,https://radioechoes.com/?page=play_download&mode=play&dl_mp3folder=D&dl_file=dragnet_1953-03-15_the_big_impossible.mp3&dl_series=Dragnet&dl_title=The Big Impossible&dl_date=1953.03.15&dl_size=13.37 MB
Dragnet,https://radioechoes.com/?page=series&genre=OTR-Crime&series=Dragnet,The Big Informant,1953.03.22,https://radioechoes.com/?page=play_download&mode=play&dl_mp3folder=D&dl_file=dragnet_1953-03-22_the_big_informant.mp3&dl_series=Dragnet&dl_title=The Big Informant&dl_date=1953.03.22&dl_size=13.51 MB
Dragnet,https://radioechoes.com/?page=series&genre=OTR-Crime&series=Dragnet,The Big Dream,1953.03.29,https://radioechoes.com/?page=play_download&mode=play&dl_mp3folder=D&dl_file=dragnet_1953-03-29_the_big_dream.mp3&dl_series=Dragnet&dl_title=The Big Dream&dl_date=1953.03.29&dl_size=13.51 MB
Dragnet,https://radioechoes.com/?page=series&genre=OTR-Crime&series=Dragnet,The Big Chet,1953.04.05,https://radioechoes.com/?page=play_download&mode=play&dl_mp3folder=D&dl_file=dragnet_1953-04-05_the_big_chet.mp3&dl_series=Dragnet&dl_title=The Big Chet&dl_date=1953.04.05&dl_size=13.03 MB
Dragnet,https://radioechoes.com/?page=series&genre=OTR-Crime&series=Dragnet,The Big Compulsion,1953.04.12,https://radioechoes.com/?page=play_download&mode=play&dl_mp3folder=D&dl_file=dragnet_1953-04-12_the_big_compulsion.mp3&dl_series=Dragnet&dl_title=The Big Compulsion&dl_date=1953.04.12&dl_size=13.43 MB
Dragnet,https://radioechoes.com/?page=series&genre=OTR-Crime&series=Dragnet,The Big Rip,1953.04.19,https://radioechoes.com/?page=play_download&mode=play&dl_mp3folder=D&dl_file=dragnet_1953-04-19_the_big_rip.mp3&dl_series=Dragnet&dl_title=The Big Rip&dl_date=1953.04.19&dl_size=13.28 MB
Dragnet,https://radioechoes.com/?page=series&genre=OTR-Crime&series=Dragnet,The Big Scrapbook,1953.04.26,https://radioechoes.com/?page=play_download&mode=play&dl_mp3folder=D&dl_file=dragnet_1953-04-26_the_big_scrapbook.mp3&dl_series=Dragnet&dl_title=The Big Scrapbook&dl_date=1953.04.26&dl_size=13.15 MB
Dragnet,https://radioechoes.com/?page=series&genre=OTR-Crime&series=Dragnet,The Big Carney,1953.05.03,https://radioechoes.com/?page=play_download&mode=play&dl_mp3folder=D&dl_file=dragnet_1953-05-03_the_big_carney.mp3&dl_series=Dragnet&dl_title=The Big Carney&dl_date=1953.05.03&dl_size=13.49 MB
Dragnet,https://radioechoes.com/?page=series&genre=OTR-Crime&series=Dragnet,The Big Joke,1953.05.10,https://radioechoes.com/?page=play_download&mode=play&dl_mp3folder=D&dl_file=dragnet_1953-05-10_the_big_joke.mp3&dl_series=Dragnet&dl_title=The Big Joke&dl_date=1953.05.10&dl_size=13.48 MB
Dragnet,https://radioechoes.com/?page=series&genre=OTR-Crime&series=Dragnet,The Big False Make,1953.05.17,https://radioechoes.com/?page=play_download&mode=play&dl_mp3folder=D&dl_file=dragnet_1953-05-17_the_big_false_make.mp3&dl_series=Dragnet&dl_title=The Big False Make&dl_date=1953.05.17&dl_size=13.62 MB
Dragnet,https://radioechoes.com/?page=series&genre=OTR-Crime&series=Dragnet,Big Gun Part 1 Of 2,1953.05.24,https://radioechoes.com/?page=play_download&mode=play&dl_mp3folder=D&dl_file=dragnet_1953-05-24_big_gun_part_1_of_2.mp3&dl_series=Dragnet&dl_title=Big Gun Part 1 Of 2&dl_date=1953.05.24&dl_size=7.1 MB
Dragnet,https://radioechoes.com/?page=series&genre=OTR-Crime&series=Dragnet,Big Gun Part 2 Of 2,1953.05.31,https://radioechoes.com/?page=play_download&mode=play&dl_mp3folder=D&dl_file=dragnet_1953-05-31_big_gun_part_2_of_2.mp3&dl_series=Dragnet&dl_title=Big Gun Part 2 Of 2&dl_date=1953.05.31&dl_size=6.63 MB
Dragnet,https://radioechoes.com/?page=series&genre=OTR-Crime&series=Dragnet,The Big Will,1953.06.07,https://radioechoes.com/?page=play_download&mode=play&dl_mp3folder=D&dl_file=dragnet_1953-06-07_the_big_will.mp3&dl_series=Dragnet&dl_title=The Big Will&dl_date=1953.06.07&dl_size=13.55 MB
Dragnet,https://radioechoes.com/?page=series&genre=OTR-Crime&series=Dragnet,The Big Lily,1953.06.14,https://radioechoes.com/?page=play_download&mode=play&dl_mp3folder=D&dl_file=dragnet_1953-06-14_the_big_lily.mp3&dl_series=Dragnet&dl_title=The Big Lily&dl_date=1953.06.14&dl_size=13.43 MB
Dragnet,https://radioechoes.com/?page=series&genre=OTR-Crime&series=Dragnet,The Big Revolt,1953.06.21,https://radioechoes.com/?page=play_download&mode=play&dl_mp3folder=D&dl_file=dragnet_1953-06-21_the_big_revolt.mp3&dl_series=Dragnet&dl_title=The Big Revolt&dl_date=1953.06.21&dl_size=13.55 MB
Dragnet,https://radioechoes.com/?page=series&genre=OTR-Crime&series=Dragnet,The Big Ham,1953.06.28,https://radioechoes.com/?page=play_download&mode=play&dl_mp3folder=D&dl_file=dragnet_1953-06-28_the_big_ham.mp3&dl_series=Dragnet&dl_title=The Big Ham&dl_date=1953.06.28&dl_size=13.52 MB
Dragnet,https://radioechoes.com/?page=series&genre=OTR-Crime&series=Dragnet,The Big Bop,1953.09.01,https://radioechoes.com/?page=play_download&mode=play&dl_mp3folder=D&dl_file=dragnet_1953-09-01_the_big_bop.mp3&dl_series=Dragnet&dl_title=The Big Bop&dl_date=1953.09.01&dl_size=13.5 MB
Dragnet,https://radioechoes.com/?page=series&genre=OTR-Crime&series=Dragnet,The Big Lift,1953.09.08,https://radioechoes.com/?page=play_download&mode=play&dl_mp3folder=D&dl_file=dragnet_1953-09-08_the_big_lift.mp3&dl_series=Dragnet&dl_title=The Big Lift&dl_date=1953.09.08&dl_size=13.57 MB
Dragnet,https://radioechoes.com/?page=series&genre=OTR-Crime&series=Dragnet,The Big Cab,1953.09.15,https://radioechoes.com/?page=play_download&mode=play&dl_mp3folder=D&dl_file=dragnet_1953-09-15_the_big_cab.mp3&dl_series=Dragnet&dl_title=The Big Cab&dl_date=1953.09.15&dl_size=13.62 MB
Dragnet,https://radioechoes.com/?page=series&genre=OTR-Crime&series=Dragnet,The Big Slip,1953.09.22,https://radioechoes.com/?page=play_download&mode=play&dl_mp3folder=D&dl_file=dragnet_1953-09-22_the_big_slip.mp3&dl_series=Dragnet&dl_title=The Big Slip&dl_date=1953.09.22&dl_size=13.59 MB
Dragnet,https://radioechoes.com/?page=series&genre=OTR-Crime&series=Dragnet,Big Try,1953.09.29,https://radioechoes.com/?page=play_download&mode=play&dl_mp3folder=D&dl_file=dragnet_1953-09-29_big_try.mp3&dl_series=Dragnet&dl_title=Big Try&dl_date=1953.09.29&dl_size=6.75 MB
Dragnet,https://radioechoes.com/?page=series&genre=OTR-Crime&series=Dragnet,Big Little Mother,1953.10.06,https://radioechoes.com/?page=play_download&mode=play&dl_mp3folder=D&dl_file=dragnet_1953-10-06_big_little_mother.mp3&dl_series=Dragnet&dl_title=Big Little Mother&dl_date=1953.10.06&dl_size=6.59 MB
Dragnet,https://radioechoes.com/?page=series&genre=OTR-Crime&series=Dragnet,Big Plea,1953.10.13,https://radioechoes.com/?page=play_download&mode=play&dl_mp3folder=D&dl_file=dragnet_1953-10-13_big_plea.mp3&dl_series=Dragnet&dl_title=Big Plea&dl_date=1953.10.13&dl_size=5.85 MB
Dragnet,https://radioechoes.com/?page=series&genre=OTR-Crime&series=Dragnet,The Big Paint,1953.10.20,https://radioechoes.com/?page=play_download&mode=play&dl_mp3folder=D&dl_file=dragnet_1953-10-20_the_big_paint.mp3&dl_series=Dragnet&dl_title=The Big Paint&dl_date=1953.10.20&dl_size=6.63 MB
Dragnet,https://radioechoes.com/?page=series&genre=OTR-Crime&series=Dragnet,Big Fraud,1953.10.27,https://radioechoes.com/?page=play_download&mode=play&dl_mp3folder=D&dl_file=dragnet_1953-10-27_big_fraud.mp3&dl_series=Dragnet&dl_title=Big Fraud&dl_date=1953.10.27&dl_size=6.71 MB
Dragnet,https://radioechoes.com/?page=series&genre=OTR-Crime&series=Dragnet,Big Rain,1953.11.03,https://radioechoes.com/?page=play_download&mode=play&dl_mp3folder=D&dl_file=dragnet_1953-11-03_big_rain.mp3&dl_series=Dragnet&dl_title=Big Rain&dl_date=1953.11.03&dl_size=6.68 MB
Dragnet,https://radioechoes.com/?page=series&genre=OTR-Crime&series=Dragnet,The Big Kid,1953.11.10,https://radioechoes.com/?page=play_download&mode=play&dl_mp3folder=D&dl_file=dragnet_1953-11-10_the_big_kid.mp3&dl_series=Dragnet&dl_title=The Big Kid&dl_date=1953.11.10&dl_size=5.78 MB
Dragnet,https://radioechoes.com/?page=series&genre=OTR-Crime&series=Dragnet,Big Flight,1953.11.17,https://radioechoes.com/?page=play_download&mode=play&dl_mp3folder=D&dl_file=dragnet_1953-11-17_big_flight.mp3&dl_series=Dragnet&dl_title=Big Flight&dl_date=1953.11.17&dl_size=5.92 MB
Dragnet,https://radioechoes.com/?page=series&genre=OTR-Crime&series=Dragnet,The Big Present,1953.11.24,https://radioechoes.com/?page=play_download&mode=play&dl_mp3folder=D&dl_file=dragnet_1953-11-24_the_big_present.mp3&dl_series=Dragnet&dl_title=The Big Present&dl_date=1953.11.24&dl_size=13.45 MB
Dragnet,https://radioechoes.com/?page=series&genre=OTR-Crime&series=Dragnet,The Big Odd,1953.12.01,https://radioechoes.com/?page=play_download&mode=play&dl_mp3folder=D&dl_file=dragnet_1953-12-01_the_big_odd.mp3&dl_series=Dragnet&dl_title=The Big Odd&dl_date=1953.12.01&dl_size=13.5 MB
Dragnet,https://radioechoes.com/?page=series&genre=OTR-Crime&series=Dragnet,The Big Pick,1953.12.08,https://radioechoes.com/?page=play_download&mode=play&dl_mp3folder=D&dl_file=dragnet_1953-12-08_the_big_pick.mp3&dl_series=Dragnet&dl_title=The Big Pick&dl_date=1953.12.08&dl_size=13.07 MB
Dragnet,https://radioechoes.com/?page=series&genre=OTR-Crime&series=Dragnet,The Big Brink,1953.12.15,https://radioechoes.com/?page=play_download&mode=play&dl_mp3folder=D&dl_file=dragnet_1953-12-15_the_big_brink.mp3&dl_series=Dragnet&dl_title=The Big Brink&dl_date=1953.12.15&dl_size=13.38 MB
Dragnet,https://radioechoes.com/?page=series&genre=OTR-Crime&series=Dragnet,Big Little Jesus,1953.12.22,https://radioechoes.com/?page=play_download&mode=play&dl_mp3folder=D&dl_file=dragnet_1953-12-22_big_little_jesus.mp3&dl_series=Dragnet&dl_title=Big Little Jesus&dl_date=1953.12.22&dl_size=6.17 MB
Dragnet,https://radioechoes.com/?page=series&genre=OTR-Crime&series=Dragnet,The Big Steal,1953.12.29,https://radioechoes.com/?page=play_download&mode=play&dl_mp3folder=D&dl_file=dragnet_1953-12-29_the_big_steal.mp3&dl_series=Dragnet&dl_title=The Big Steal&dl_date=1953.12.29&dl_size=13.33 MB
Dragnet,https://radioechoes.com/?page=series&genre=OTR-Crime&series=Dragnet,Big Listen,1954.01.05,https://radioechoes.com/?page=play_download&mode=play&dl_mp3folder=D&dl_file=dragnet_1954-01-05_big_listen.mp3&dl_series=Dragnet&dl_title=Big Listen&dl_date=1954.01.05&dl_size=13.51 MB
Dragnet,https://radioechoes.com/?page=series&genre=OTR-Crime&series=Dragnet,The Big Switch,1954.01.12,https://radioechoes.com/?page=play_download&mode=play&dl_mp3folder=D&dl_file=dragnet_1954-01-12_the_big_switch.mp3&dl_series=Dragnet&dl_title=The Big Switch&dl_date=1954.01.12&dl_size=13.31 MB
Dragnet,https://radioechoes.com/?page=series&genre=OTR-Crime&series=Dragnet,Big Bill,1954.01.19,https://radioechoes.com/?page=play_download&mode=play&dl_mp3folder=D&dl_file=dragnet_1954-01-19_big_bill.mp3&dl_series=Dragnet&dl_title=Big Bill&dl_date=1954.01.19&dl_size=5.67 MB
Dragnet,https://radioechoes.com/?page=series&genre=OTR-Crime&series=Dragnet,Big Bid,1954.01.26,https://radioechoes.com/?page=play_download&mode=play&dl_mp3folder=D&dl_file=dragnet_1954-01-26_big_bid.mp3&dl_series=Dragnet&dl_title=Big Bid&dl_date=1954.01.26&dl_size=13.36 MB
Dragnet,https://radioechoes.com/?page=series&genre=OTR-Crime&series=Dragnet,Big Filth,1954.02.02,https://radioechoes.com/?page=play_download&mode=play&dl_mp3folder=D&dl_file=dragnet_1954-02-02_big_filth.mp3&dl_series=Dragnet&dl_title=Big Filth&dl_date=1954.02.02&dl_size=13.4 MB
Dragnet,https://radioechoes.com/?page=series&genre=OTR-Crime&series=Dragnet,Big Broad,1954.02.09,https://radioechoes.com/?page=play_download&mode=play&dl_mp3folder=D&dl_file=dragnet_1954-02-09_big_broad.mp3&dl_series=Dragnet&dl_title=Big Broad&dl_date=1954.02.09&dl_size=13.49 MB
Dragnet,https://radioechoes.com/?page=series&genre=OTR-Crime&series=Dragnet,Big Sucker,1954.02.16,https://radioechoes.com/?page=play_download&mode=play&dl_mp3folder=D&dl_file=dragnet_1954-02-16_big_sucker.mp3&dl_series=Dragnet&dl_title=Big Sucker&dl_date=1954.02.16&dl_size=13.49 MB
Dragnet,https://radioechoes.com/?page=series&genre=OTR-Crime&series=Dragnet,Big Pipe,1954.02.23,https://radioechoes.com/?page=play_download&mode=play&dl_mp3folder=D&dl_file=dragnet_1954-02-23_big_pipe.mp3&dl_series=Dragnet&dl_title=Big Pipe&dl_date=1954.02.23&dl_size=13.67 MB
Dragnet,https://radioechoes.com/?page=series&genre=OTR-Crime&series=Dragnet,The Big TV,1954.03.02,https://radioechoes.com/?page=play_download&mode=play&dl_mp3folder=D&dl_file=dragnet_1954-03-02_the_big_tv.mp3&dl_series=Dragnet&dl_title=The Big TV&dl_date=1954.03.02&dl_size=5.7 MB
Dragnet,https://radioechoes.com/?page=series&genre=OTR-Crime&series=Dragnet,The Big Cup,1954.03.09,https://radioechoes.com/?page=play_download&mode=play&dl_mp3folder=D&dl_file=dragnet_1954-03-09_the_big_cup.mp3&dl_series=Dragnet&dl_title=The Big Cup&dl_date=1954.03.09&dl_size=13.4 MB
Dragnet,https://radioechoes.com/?page=series&genre=OTR-Crime&series=Dragnet,Big Rod,1954.03.16,https://radioechoes.com/?page=play_download&mode=play&dl_mp3folder=D&dl_file=dragnet_1954-03-16_big_rod.mp3&dl_series=Dragnet&dl_title=Big Rod&dl_date=1954.03.16&dl_size=13.67 MB
Dragnet,https://radioechoes.com/?page=series&genre=OTR-Crime&series=Dragnet,The Big Mustache,1954.03.23,https://radioechoes.com/?page=play_download&mode=play&dl_mp3folder=D&dl_file=dragnet_1954-03-23_the_big_mustache.mp3&dl_series=Dragnet&dl_title=The Big Mustache&dl_date=1954.03.23&dl_size=13.56 MB
Dragnet,https://radioechoes.com/?page=series&genre=OTR-Crime&series=Dragnet,Big Confession,1954.03.30,https://radioechoes.com/?page=play_download&mode=play&dl_mp3folder=D&dl_file=dragnet_1954-03-30_big_confession.mp3&dl_series=Dragnet&dl_title=Big Confession&dl_date=1954.03.30&dl_size=5.81 MB
Dragnet,https://radioechoes.com/?page=series&genre=OTR-Crime&series=Dragnet,The Big Saw,1954.04.06,https://radioechoes.com/?page=play_download&mode=play&dl_mp3folder=D&dl_file=dragnet_1954-04-06_the_big_saw.mp3&dl_series=Dragnet&dl_title=The Big Saw&dl_date=1954.04.06&dl_size=13.41 MB
Dragnet,https://radioechoes.com/?page=series&genre=OTR-Crime&series=Dragnet,The Big Note,1954.04.13,https://radioechoes.com/?page=play_download&mode=play&dl_mp3folder=D&dl_file=dragnet_1954-04-13_the_big_note.mp3&dl_series=Dragnet&dl_title=The Big Note&dl_date=1954.04.13&dl_size=13.41 MB
Dragnet,https://radioechoes.com/?page=series&genre=OTR-Crime&series=Dragnet,Big Net,1954.04.20,https://radioechoes.com/?page=play_download&mode=play&dl_mp3folder=D&dl_file=dragnet_1954-04-20_big_net.mp3&dl_series=Dragnet&dl_title=Big Net&dl_date=1954.04.20&dl_size=13.43 MB
Dragnet,https://radioechoes.com/?page=series&genre=OTR-Crime&series=Dragnet,Big Lift,1954.04.27,https://radioechoes.com/?page=play_download&mode=play&dl_mp3folder=D&dl_file=dragnet_1954-04-27_big_lift.mp3&dl_series=Dragnet&dl_title=Big Lift&dl_date=1954.04.27&dl_size=13.35 MB
Dragnet,https://radioechoes.com/?page=series&genre=OTR-Crime&series=Dragnet,Big Stop,1954.05.04,https://radioechoes.com/?page=play_download&mode=play&dl_mp3folder=D&dl_file=dragnet_1954-05-04_big_stop.mp3&dl_series=Dragnet&dl_title=Big Stop&dl_date=1954.05.04&dl_size=5.97 MB
Dragnet,https://radioechoes.com/?page=series&genre=OTR-Crime&series=Dragnet,Big Look,1954.05.11,https://radioechoes.com/?page=play_download&mode=play&dl_mp3folder=D&dl_file=dragnet_1954-05-11_big_look.mp3&dl_series=Dragnet&dl_title=Big Look&dl_date=1954.05.11&dl_size=13.23 MB
Dragnet,https://radioechoes.com/?page=series&genre=OTR-Crime&series=Dragnet,Big Help,1954.05.18,https://radioechoes.com/?page=play_download&mode=play&dl_mp3folder=D&dl_file=dragnet_1954-05-18_big_help.mp3&dl_series=Dragnet&dl_title=Big Help&dl_date=1954.05.18&dl_size=6 MB
Dragnet,https://radioechoes.com/?page=series&genre=OTR-Crime&series=Dragnet,Big Watch,1954.05.25,https://radioechoes.com/?page=play_download&mode=play&dl_mp3folder=D&dl_file=dragnet_1954-05-25_big_watch.mp3&dl_series=Dragnet&dl_title=Big Watch&dl_date=1954.05.25&dl_size=6.02 MB
Dragnet,https://radioechoes.com/?page=series&genre=OTR-Crime&series=Dragnet,Big Cowboy,1954.06.01,https://radioechoes.com/?page=play_download&mode=play&dl_mp3folder=D&dl_file=dragnet_1954-06-01_big_cowboy.mp3&dl_series=Dragnet&dl_title=Big Cowboy&dl_date=1954.06.01&dl_size=5.69 MB
Dragnet,https://radioechoes.com/?page=series&genre=OTR-Crime&series=Dragnet,Big Student,1954.06.08,https://radioechoes.com/?page=play_download&mode=play&dl_mp3folder=D&dl_file=dragnet_1954-06-08_big_student.mp3&dl_series=Dragnet&dl_title=Big Student&dl_date=1954.06.08&dl_size=5.93 MB
Dragnet,https://radioechoes.com/?page=series&genre=OTR-Crime&series=Dragnet,Big Cat,1954.06.15,https://radioechoes.com/?page=play_download&mode=play&dl_mp3folder=D&dl_file=dragnet_1954-06-15_big_cat.mp3&dl_series=Dragnet&dl_title=Big Cat&dl_date=1954.06.15&dl_size=5.99 MB
Dragnet,https://radioechoes.com/?page=series&genre=OTR-Crime&series=Dragnet,Big Customer,1954.06.22,https://radioechoes.com/?page=play_download&mode=play&dl_mp3folder=D&dl_file=dragnet_1954-06-22_big_customer.mp3&dl_series=Dragnet&dl_title=Big Customer&dl_date=1954.06.22&dl_size=5.93 MB
Dragnet,https://radioechoes.com/?page=series&genre=OTR-Crime&series=Dragnet,Big Chick,1954.06.29,https://radioechoes.com/?page=play_download&mode=play&dl_mp3folder=D&dl_file=dragnet_1954-06-29_big_chick.mp3&dl_series=Dragnet&dl_title=Big Chick&dl_date=1954.06.29&dl_size=5.97 MB
Dragnet,https://radioechoes.com/?page=series&genre=OTR-Crime&series=Dragnet,Big Search,1954.07.06,https://radioechoes.com/?page=play_download&mode=play&dl_mp3folder=D&dl_file=dragnet_1954-07-06_big_search.mp3&dl_series=Dragnet&dl_title=Big Search&dl_date=1954.07.06&dl_size=5.92 MB
Dragnet,https://radioechoes.com/?page=series&genre=OTR-Crime&series=Dragnet,Big Rescue,1954.07.13,https://radioechoes.com/?page=play_download&mode=play&dl_mp3folder=D&dl_file=dragnet_1954-07-13_big_rescue.mp3&dl_series=Dragnet&dl_title=Big Rescue&dl_date=1954.07.13&dl_size=5.97 MB
Dragnet,https://radioechoes.com/?page=series&genre=OTR-Crime&series=Dragnet,Big Heel,1954.07.20,https://radioechoes.com/?page=play_download&mode=play&dl_mp3folder=D&dl_file=dragnet_1954-07-20_big_heel.mp3&dl_series=Dragnet&dl_title=Big Heel&dl_date=1954.07.20&dl_size=5.93 MB
Dragnet,https://radioechoes.com/?page=series&genre=OTR-Crime&series=Dragnet,Big Match,1954.07.27,https://radioechoes.com/?page=play_download&mode=play&dl_mp3folder=D&dl_file=dragnet_1954-07-27_big_match.mp3&dl_series=Dragnet&dl_title=Big Match&dl_date=1954.07.27&dl_size=5.96 MB
Dragnet,https://radioechoes.com/?page=series&genre=OTR-Crime&series=Dragnet,Big Stand,1954.08.03,https://radioechoes.com/?page=play_download&mode=play&dl_mp3folder=D&dl_file=dragnet_1954-08-03_big_stand.mp3&dl_series=Dragnet&dl_title=Big Stand&dl_date=1954.08.03&dl_size=5.89 MB
Dragnet,https://radioechoes.com/?page=series&genre=OTR-Crime&series=Dragnet,Big Wish,1954.08.10,https://radioechoes.com/?page=play_download&mode=play&dl_mp3folder=D&dl_file=dragnet_1954-08-10_big_wish.mp3&dl_series=Dragnet&dl_title=Big Wish&dl_date=1954.08.10&dl_size=5.97 MB
Dragnet,https://radioechoes.com/?page=series&genre=OTR-Crime&series=Dragnet,Big Cad,1954.08.17,https://radioechoes.com/?page=play_download&mode=play&dl_mp3folder=D&dl_file=dragnet_1954-08-17_big_cad.mp3&dl_series=Dragnet&dl_title=Big Cad&dl_date=1954.08.17&dl_size=6.02 MB
Dragnet,https://radioechoes.com/?page=series&genre=OTR-Crime&series=Dragnet,Big Shock,1954.08.24,https://radioechoes.com/?page=play_download&mode=play&dl_mp3folder=D&dl_file=dragnet_1954-08-24_big_shock.mp3&dl_series=Dragnet&dl_title=Big Shock&dl_date=1954.08.24&dl_size=5.94 MB
Dragnet,https://radioechoes.com/?page=series&genre=OTR-Crime&series=Dragnet,Big Office,1954.08.31,https://radioechoes.com/?page=play_download&mode=play&dl_mp3folder=D&dl_file=dragnet_1954-08-31_big_office.mp3&dl_series=Dragnet&dl_title=Big Office&dl_date=1954.08.31&dl_size=5.88 MB
Dragnet,https://radioechoes.com/?page=series&genre=OTR-Crime&series=Dragnet,Big Trunk,1954.09.07,https://radioechoes.com/?page=play_download&mode=play&dl_mp3folder=D&dl_file=dragnet_1954-09-07_big_trunk.mp3&dl_series=Dragnet&dl_title=Big Trunk&dl_date=1954.09.07&dl_size=5.83 MB
Dragnet,https://radioechoes.com/?page=series&genre=OTR-Crime&series=Dragnet,Big Cut,1954.09.14,https://radioechoes.com/?page=play_download&mode=play&dl_mp3folder=D&dl_file=dragnet_1954-09-14_big_cut.mp3&dl_series=Dragnet&dl_title=Big Cut&dl_date=1954.09.14&dl_size=5.78 MB
Dragnet,https://radioechoes.com/?page=series&genre=OTR-Crime&series=Dragnet,Big Try,1954.09.21,https://radioechoes.com/?page=play_download&mode=play&dl_mp3folder=D&dl_file=dragnet_1954-09-21_big_try.mp3&dl_series=Dragnet&dl_title=Big Try&dl_date=1954.09.21&dl_size=5.92 MB
Dragnet,https://radioechoes.com/?page=series&genre=OTR-Crime&series=Dragnet,Big Bible,1954.09.28,https://radioechoes.com/?page=play_download&mode=play&dl_mp3folder=D&dl_file=dragnet_1954-09-28_big_bible.mp3&dl_series=Dragnet&dl_title=Big Bible&dl_date=1954.09.28&dl_size=5.98 MB
Dragnet,https://radioechoes.com/?page=series&genre=OTR-Crime&series=Dragnet,Big Handsome Bandit,1954.10.05,https://radioechoes.com/?page=play_download&mode=play&dl_mp3folder=D&dl_file=dragnet_1954-10-05_big_handsome_bandit.mp3&dl_series=Dragnet&dl_title=Big Handsome Bandit&dl_date=1954.10.05&dl_size=5.95 MB
Dragnet,https://radioechoes.com/?page=series&genre=OTR-Crime&series=Dragnet,Big Tar Baby,1954.10.12,https://radioechoes.com/?page=play_download&mode=play&dl_mp3folder=D&dl_file=dragnet_1954-10-12_big_tar_baby.mp3&dl_series=Dragnet&dl_title=Big Tar Baby&dl_date=1954.10.12&dl_size=6.04 MB
Dragnet,https://radioechoes.com/?page=series&genre=OTR-Crime&series=Dragnet,Big Manikin,1954.10.19,https://radioechoes.com/?page=play_download&mode=play&dl_mp3folder=D&dl_file=dragnet_1954-10-19_big_manikin.mp3&dl_series=Dragnet&dl_title=Big Manikin&dl_date=1954.10.19&dl_size=5.77 MB
Dragnet,https://radioechoes.com/?page=series&genre=OTR-Crime&series=Dragnet,Big Key,1954.10.26,https://radioechoes.com/?page=play_download&mode=play&dl_mp3folder=D&dl_file=dragnet_1954-10-26_big_key.mp3&dl_series=Dragnet&dl_title=Big Key&dl_date=1954.10.26&dl_size=6.02 MB
Dragnet,https://radioechoes.com/?page=series&genre=OTR-Crime&series=Dragnet,Big Locker,1954.11.02,https://radioechoes.com/?page=play_download&mode=play&dl_mp3folder=D&dl_file=dragnet_1954-11-02_big_locker.mp3&dl_series=Dragnet&dl_title=Big Locker&dl_date=1954.11.02&dl_size=5.62 MB
Dragnet,https://radioechoes.com/?page=series&genre=OTR-Crime&series=Dragnet,Big Coins,1954.11.09,https://radioechoes.com/?page=play_download&mode=play&dl_mp3folder=D&dl_file=dragnet_1954-11-09_big_coins.mp3&dl_series=Dragnet&dl_title=Big Coins&dl_date=1954.11.09&dl_size=5.96 MB
Dragnet,https://radioechoes.com/?page=series&genre=OTR-Crime&series=Dragnet,Big Dog,1954.11.16,https://radioechoes.com/?page=play_download&mode=play&dl_mp3folder=D&dl_file=dragnet_1954-11-16_big_dog.mp3&dl_series=Dragnet&dl_title=Big Dog&dl_date=1954.11.16&dl_size=5.94 MB
Dragnet,https://radioechoes.com/?page=series&genre=OTR-Crime&series=Dragnet,Big Switch,1954.11.23,https://radioechoes.com/?page=play_download&mode=play&dl_mp3folder=D&dl_file=dragnet_1954-11-23_big_switch.mp3&dl_series=Dragnet&dl_title=Big Switch&dl_date=1954.11.23&dl_size=5.91 MB
Dragnet,https://radioechoes.com/?page=series&genre=OTR-Crime&series=Dragnet,Big Gone,1954.11.30,https://radioechoes.com/?page=play_download&mode=play&dl_mp3folder=D&dl_file=dragnet_1954-11-30_big_gone.mp3&dl_series=Dragnet&dl_title=Big Gone&dl_date=1954.11.30&dl_size=5.96 MB
Dragnet,https://radioechoes.com/?page=series&genre=OTR-Crime&series=Dragnet,The Big Dig,1954.12.07,https://radioechoes.com/?page=play_download&mode=play&dl_mp3folder=D&dl_file=dragnet_1954-12-07_the_big_dig.mp3&dl_series=Dragnet&dl_title=The Big Dig&dl_date=1954.12.07&dl_size=5.93 MB
Dragnet,https://radioechoes.com/?page=series&genre=OTR-Crime&series=Dragnet,The Big Lens,1954.12.14,https://radioechoes.com/?page=play_download&mode=play&dl_mp3folder=D&dl_file=dragnet_1954-12-14_the_big_lens.mp3&dl_series=Dragnet&dl_title=The Big Lens&dl_date=1954.12.14&dl_size=6.04 MB
Dragnet,https://radioechoes.com/?page=series&genre=OTR-Crime&series=Dragnet,Big Little Jesus,1954.12.21,https://radioechoes.com/?page=play_download&mode=play&dl_mp3folder=D&dl_file=dragnet_1954-12-21_big_little_jesus.mp3&dl_series=Dragnet&dl_title=Big Little Jesus&dl_date=1954.12.21&dl_size=6.13 MB
Dragnet,https://radioechoes.com/?page=series&genre=OTR-Crime&series=Dragnet,Big Underground,1954.12.28,https://radioechoes.com/?page=play_download&mode=play&dl_mp3folder=D&dl_file=dragnet_1954-12-28_big_underground.mp3&dl_series=Dragnet&dl_title=Big Underground&dl_date=1954.12.28&dl_size=6 MB
Dragnet,https://radioechoes.com/?page=series&genre=OTR-Crime&series=Dragnet,Big Mug,1955.01.04,https://radioechoes.com/?page=play_download&mode=play&dl_mp3folder=D&dl_file=dragnet_1955-01-04_big_mug.mp3&dl_series=Dragnet&dl_title=Big Mug&dl_date=1955.01.04&dl_size=6.06 MB
Dragnet,https://radioechoes.com/?page=series&genre=OTR-Crime&series=Dragnet,Big Complex,1955.01.11,https://radioechoes.com/?page=play_download&mode=play&dl_mp3folder=D&dl_file=dragnet_1955-01-11_big_complex.mp3&dl_series=Dragnet&dl_title=Big Complex&dl_date=1955.01.11&dl_size=5.68 MB
Dragnet,https://radioechoes.com/?page=series&genre=OTR-Crime&series=Dragnet,Big Token,1955.01.18,https://radioechoes.com/?page=play_download&mode=play&dl_mp3folder=D&dl_file=dragnet_1955-01-18_big_token.mp3&dl_series=Dragnet&dl_title=Big Token&dl_date=1955.01.18&dl_size=6.04 MB
Dragnet,https://radioechoes.com/?page=series&genre=OTR-Crime&series=Dragnet,Big Bounce,1955.01.25,https://radioechoes.com/?page=play_download&mode=play&dl_mp3folder=D&dl_file=dragnet_1955-01-25_big_bounce.mp3&dl_series=Dragnet&dl_title=Big Bounce&dl_date=1955.01.25&dl_size=5.79 MB
Dragnet,https://radioechoes.com/?page=series&genre=OTR-Crime&series=Dragnet,Big Bird,1955.02.01,https://radioechoes.com/?page=play_download&mode=play&dl_mp3folder=D&dl_file=dragnet_1955-02-01_big_bird.mp3&dl_series=Dragnet&dl_title=Big Bird&dl_date=1955.02.01&dl_size=5.77 MB
Dragnet,https://radioechoes.com/?page=series&genre=OTR-Crime&series=Dragnet,Big Gap,1955.02.08,https://radioechoes.com/?page=play_download&mode=play&dl_mp3folder=D&dl_file=dragnet_1955-02-08_big_gap.mp3&dl_series=Dragnet&dl_title=Big Gap&dl_date=1955.02.08&dl_size=5.84 MB
Dragnet,https://radioechoes.com/?page=series&genre=OTR-Crime&series=Dragnet,Big Hat,1955.02.15,https://radioechoes.com/?page=play_download&mode=play&dl_mp3folder=D&dl_file=dragnet_1955-02-15_big_hat.mp3&dl_series=Dragnet&dl_title=Big Hat&dl_date=1955.02.15&dl_size=5.76 MB
Dragnet,https://radioechoes.com/?page=series&genre=OTR-Crime&series=Dragnet,Big Slug,1955.02.22,https://radioechoes.com/?page=play_download&mode=play&dl_mp3folder=D&dl_file=dragnet_1955-02-22_big_slug.mp3&dl_series=Dragnet&dl_title=Big Slug&dl_date=1955.02.22&dl_size=5.7 MB
Dragnet,https://radioechoes.com/?page=series&genre=OTR-Crime&series=Dragnet,Big Set Up,1955.03.01,https://radioechoes.com/?page=play_download&mode=play&dl_mp3folder=D&dl_file=dragnet_1955-03-01_big_set_up.mp3&dl_series=Dragnet&dl_title=Big Set Up&dl_date=1955.03.01&dl_size=5.91 MB
Dragnet,https://radioechoes.com/?page=series&genre=OTR-Crime&series=Dragnet,Big Father,1955.03.08,https://radioechoes.com/?page=play_download&mode=play&dl_mp3folder=D&dl_file=dragnet_1955-03-08_big_father.mp3&dl_series=Dragnet&dl_title=Big Father&dl_date=1955.03.08&dl_size=5.63 MB
Dragnet,https://radioechoes.com/?page=series&genre=OTR-Crime&series=Dragnet,Big Set,1955.03.15,https://radioechoes.com/?page=play_download&mode=play&dl_mp3folder=D&dl_file=dragnet_1955-03-15_big_set.mp3&dl_series=Dragnet&dl_title=Big Set&dl_date=1955.03.15&dl_size=5.96 MB
Dragnet,https://radioechoes.com/?page=series&genre=OTR-Crime&series=Dragnet,Big Talk,1955.03.22,https://radioechoes.com/?page=play_download&mode=play&dl_mp3folder=D&dl_file=dragnet_1955-03-22_big_talk.mp3&dl_series=Dragnet&dl_title=Big Talk&dl_date=1955.03.22&dl_size=5.77 MB
Dragnet,https://radioechoes.com/?page=series&genre=OTR-Crime&series=Dragnet,Big Death,1955.03.29,https://radioechoes.com/?page=play_download&mode=play&dl_mp3folder=D&dl_file=dragnet_1955-03-29_big_death.mp3&dl_series=Dragnet&dl_title=Big Death&dl_date=1955.03.29&dl_size=6.35 MB
Dragnet,https://radioechoes.com/?page=series&genre=OTR-Crime&series=Dragnet,Big No Tooth,1955.04.05,https://radioechoes.com/?page=play_download&mode=play&dl_mp3folder=D&dl_file=dragnet_1955-04-05_big_no_tooth.mp3&dl_series=Dragnet&dl_title=Big No Tooth&dl_date=1955.04.05&dl_size=5.5 MB
Dragnet,https://radioechoes.com/?page=series&genre=OTR-Crime&series=Dragnet,The Big Tie,1955.04.12,https://radioechoes.com/?page=play_download&mode=play&dl_mp3folder=D&dl_file=dragnet_1955-04-12_the_big_tie.mp3&dl_series=Dragnet&dl_title=The Big Tie&dl_date=1955.04.12&dl_size=5.69 MB
Dragnet,https://radioechoes.com/?page=series&genre=OTR-Crime&series=Dragnet,Big Deal,1955.04.19,https://radioechoes.com/?page=play_download&mode=play&dl_mp3folder=D&dl_file=dragnet_1955-04-19_big_deal.mp3&dl_series=Dragnet&dl_title=Big Deal&dl_date=1955.04.19&dl_size=5.61 MB
Dragnet,https://radioechoes.com/?page=series&genre=OTR-Crime&series=Dragnet,The Big Child,1955.04.26,https://radioechoes.com/?page=play_download&mode=play&dl_mp3folder=D&dl_file=dragnet_1955-04-26_the_big_child.mp3&dl_series=Dragnet&dl_title=The Big Child&dl_date=1955.04.26&dl_size=5.82 MB
Dragnet,https://radioechoes.com/?page=series&genre=OTR-Crime&series=Dragnet,Big Momma,1955.05.03,https://radioechoes.com/?page=play_download&mode=play&dl_mp3folder=D&dl_file=dragnet_1955-05-03_big_momma.mp3&dl_series=Dragnet&dl_title=Big Momma&dl_date=1955.05.03&dl_size=5.81 MB
Dragnet,https://radioechoes.com/?page=series&genre=OTR-Crime&series=Dragnet,Big Revision,1955.05.10,https://radioechoes.com/?page=play_download&mode=play&dl_mp3folder=D&dl_file=dragnet_1955-05-10_big_revision.mp3&dl_series=Dragnet&dl_title=Big Revision&dl_date=1955.05.10&dl_size=5.97 MB
Dragnet,https://radioechoes.com/?page=series&genre=OTR-Crime&series=Dragnet,Big Squealer,1955.05.17,https://radioechoes.com/?page=play_download&mode=play&dl_mp3folder=D&dl_file=dragnet_1955-05-17_big_squealer.mp3&dl_series=Dragnet&dl_title=Big Squealer&dl_date=1955.05.17&dl_size=5.94 MB
Dragnet,https://radioechoes.com/?page=series&genre=OTR-Crime&series=Dragnet,Big Siege,1955.05.24,https://radioechoes.com/?page=play_download&mode=play&dl_mp3folder=D&dl_file=dragnet_1955-05-24_big_siege.mp3&dl_series=Dragnet&dl_title=Big Siege&dl_date=1955.05.24&dl_size=6.02 MB
Dragnet,https://radioechoes.com/?page=series&genre=OTR-Crime&series=Dragnet,The Big Sisters,1955.05.31,https://radioechoes.com/?page=play_download&mode=play&dl_mp3folder=D&dl_file=dragnet_1955-05-31_the_big_sisters.mp3&dl_series=Dragnet&dl_title=The Big Sisters&dl_date=1955.05.31&dl_size=5.82 MB
Dragnet,https://radioechoes.com/?page=series&genre=OTR-Crime&series=Dragnet,The Big Limp,1955.06.07,https://radioechoes.com/?page=play_download&mode=play&dl_mp3folder=D&dl_file=dragnet_1955-06-07_the_big_limp.mp3&dl_series=Dragnet&dl_title=The Big Limp&dl_date=1955.06.07&dl_size=5.67 MB
Dragnet,https://radioechoes.com/?page=series&genre=OTR-Crime&series=Dragnet,Big Fall Guy,1955.06.14,https://radioechoes.com/?page=play_download&mode=play&dl_mp3folder=D&dl_file=dragnet_1955-06-14_big_fall_guy.mp3&dl_series=Dragnet&dl_title=Big Fall Guy&dl_date=1955.06.14&dl_size=13.47 MB
Dragnet,https://radioechoes.com/?page=series&genre=OTR-Crime&series=Dragnet,Big Grab,1955.06.21,https://radioechoes.com/?page=play_download&mode=play&dl_mp3folder=D&dl_file=dragnet_1955-06-21_big_grab.mp3&dl_series=Dragnet&dl_title=Big Grab&dl_date=1955.06.21&dl_size=5.86 MB
Dragnet,https://radioechoes.com/?page=series&genre=OTR-Crime&series=Dragnet,Big Convertible,1955.06.28,https://radioechoes.com/?page=play_download&mode=play&dl_mp3folder=D&dl_file=dragnet_1955-06-28_big_convertible.mp3&dl_series=Dragnet&dl_title=Big Convertible&dl_date=1955.06.28&dl_size=5.74 MB
Dragnet,https://radioechoes.com/?page=series&genre=OTR-Crime&series=Dragnet,Big Rush,1955.07.05,https://radioechoes.com/?page=play_download&mode=play&dl_mp3folder=D&dl_file=dragnet_1955-07-05_big_rush.mp3&dl_series=Dragnet&dl_title=Big Rush&dl_date=1955.07.05&dl_size=5.74 MB
Dragnet,https://radioechoes.com/?page=series&genre=OTR-Crime&series=Dragnet,Big Genius,1955.07.12,https://radioechoes.com/?page=play_download&mode=play&dl_mp3folder=D&dl_file=dragnet_1955-07-12_big_genius.mp3&dl_series=Dragnet&dl_title=Big Genius&dl_date=1955.07.12&dl_size=5.83 MB
Dragnet,https://radioechoes.com/?page=series&genre=OTR-Crime&series=Dragnet,Big Bobo,1955.07.19,https://radioechoes.com/?page=play_download&mode=play&dl_mp3folder=D&dl_file=dragnet_1955-07-19_big_bobo.mp3&dl_series=Dragnet&dl_title=Big Bobo&dl_date=1955.07.19&dl_size=5.89 MB
Dragnet,https://radioechoes.com/?page=series&genre=OTR-Crime&series=Dragnet,Big Housemaid,1955.07.26,https://radioechoes.com/?page=play_download&mode=play&dl_mp3folder=D&dl_file=dragnet_1955-07-26_big_housemaid.mp3&dl_series=Dragnet&dl_title=Big Housemaid&dl_date=1955.07.26&dl_size=5.89 MB
Dragnet,https://radioechoes.com/?page=series&genre=OTR-Crime&series=Dragnet,Big Sheet,1955.08.02,https://radioechoes.com/?page=play_download&mode=play&dl_mp3folder=D&dl_file=dragnet_1955-08-02_big_sheet.mp3&dl_series=Dragnet&dl_title=Big Sheet&dl_date=1955.08.02&dl_size=5.71 MB
Dragnet,https://radioechoes.com/?page=series&genre=OTR-Crime&series=Dragnet,Big Missus,1955.08.09,https://radioechoes.com/?page=play_download&mode=play&dl_mp3folder=D&dl_file=dragnet_1955-08-09_big_missus.mp3&dl_series=Dragnet&dl_title=Big Missus&dl_date=1955.08.09&dl_size=5.95 MB
Dragnet,https://radioechoes.com/?page=series&genre=OTR-Crime&series=Dragnet,Big Beer,1955.08.16,https://radioechoes.com/?page=play_download&mode=play&dl_mp3folder=D&dl_file=dragnet_1955-08-16_big_beer.mp3&dl_series=Dragnet&dl_title=Big Beer&dl_date=1955.08.16&dl_size=5.74 MB
Dragnet,https://radioechoes.com/?page=series&genre=OTR-Crime&series=Dragnet,The Big Blonde,1955.08.23,https://radioechoes.com/?page=play_download&mode=play&dl_mp3folder=D&dl_file=dragnet_1955-08-23_the_big_blonde.mp3&dl_series=Dragnet&dl_title=The Big Blonde&dl_date=1955.08.23&dl_size=11.35 MB
Dragnet,https://radioechoes.com/?page=series&genre=OTR-Crime&series=Dragnet,Big Fellow,1955.08.30,https://radioechoes.com/?page=play_download&mode=play&dl_mp3folder=D&dl_file=dragnet_1955-08-30_big_fellow.mp3&dl_series=Dragnet&dl_title=Big Fellow&dl_date=1955.08.30&dl_size=5.54 MB
Dragnet,https://radioechoes.com/?page=series&genre=OTR-Crime&series=Dragnet,Big Ruling,1955.09.06,https://radioechoes.com/?page=play_download&mode=play&dl_mp3folder=D&dl_file=dragnet_1955-09-06_big_ruling.mp3&dl_series=Dragnet&dl_title=Big Ruling&dl_date=1955.09.06&dl_size=13.36 MB
Dragnet,https://radioechoes.com/?page=series&genre=OTR-Crime&series=Dragnet,Big Daughter,1955.09.13,https://radioechoes.com/?page=play_download&mode=play&dl_mp3folder=D&dl_file=dragnet_1955-09-13_big_daughter.mp3&dl_series=Dragnet&dl_title=Big Daughter&dl_date=1955.09.13&dl_size=5.76 MB
Dragnet,https://radioechoes.com/?page=series&genre=OTR-Crime&series=Dragnet,The Big Close,1955.09.20,https://radioechoes.com/?page=play_download&mode=play&dl_mp3folder=D&dl_file=dragnet_1955-09-20_the_big_close.mp3&dl_series=Dragnet&dl_title=The Big Close&dl_date=1955.09.20&dl_size=5.96 MB
Dragnet,https://radioechoes.com/?page=series&genre=OTR-Crime&series=Dragnet,The Big Mole,1955.12.13,https://radioechoes.com/?page=play_download&mode=play&dl_mp3folder=D&dl_file=dragnet_1955-12-13_the_big_mole.mp3&dl_series=Dragnet&dl_title=The Big Mole&dl_date=1955.12.13&dl_size=6.63 MB
Dragnet,https://radioechoes.com/?page=series&genre=OTR-Crime&series=Dragnet,Rifle For Christmas,1955.12.20,https://radioechoes.com/?page=play_download&mode=play&dl_mp3folder=D&dl_file=dragnet_1955-12-20_rifle_for_christmas.mp3&dl_series=Dragnet&dl_title=Rifle For Christmas&dl_date=1955.12.20&dl_size=5.75 MB
Dragnet,https://radioechoes.com/?page=series&genre=OTR-Crime&series=Dragnet,Big Mask Part 1 Of 2,1955.12.27,https://radioechoes.com/?page=play_download&mode=play&dl_mp3folder=D&dl_file=dragnet_1955-12-27_big_mask_part_1_of_2.mp3&dl_series=Dragnet&dl_title=Big Mask Part 1 Of 2&dl_date=1955.12.27&dl_size=6.72 MB
Dragnet,https://radioechoes.com/?page=series&genre=OTR-Crime&series=Dragnet,Big Mask Part 2 Of 2,1956.01.03,https://radioechoes.com/?page=play_download&mode=play&dl_mp3folder=D&dl_file=dragnet_1956-01-03_big_mask_part_2_of_2.mp3&dl_series=Dragnet&dl_title=Big Mask Part 2 Of 2&dl_date=1956.01.03&dl_size=9.67 MB
Dragnet,https://radioechoes.com/?page=series&genre=OTR-Crime&series=Dragnet,The Big Small,1956.01.10,https://radioechoes.com/?page=play_download&mode=play&dl_mp3folder=D&dl_file=dragnet_1956-01-10_the_big_small.mp3&dl_series=Dragnet&dl_title=The Big Small&dl_date=1956.01.10&dl_size=9.72 MB
Dragnet,https://radioechoes.com/?page=series&genre=OTR-Crime&series=Dragnet,The Big String,1956.01.17,https://radioechoes.com/?page=play_download&mode=play&dl_mp3folder=D&dl_file=dragnet_1956-01-17_the_big_string.mp3&dl_series=Dragnet&dl_title=The Big String&dl_date=1956.01.17&dl_size=7.84 MB
Dragnet,https://radioechoes.com/?page=series&genre=OTR-Crime&series=Dragnet,The Big Lay Out,1956.01.24,https://radioechoes.com/?page=play_download&mode=play&dl_mp3folder=D&dl_file=dragnet_1956-01-24_the_big_lay_out.mp3&dl_series=Dragnet&dl_title=The Big Lay Out&dl_date=1956.01.24&dl_size=6.91 MB
Dragnet,https://radioechoes.com/?page=series&genre=OTR-Crime&series=Dragnet,The Big Strip,1956.01.31,https://radioechoes.com/?page=play_download&mode=play&dl_mp3folder=D&dl_file=dragnet_1956-01-31_the_big_strip.mp3&dl_series=Dragnet&dl_title=The Big Strip&dl_date=1956.01.31&dl_size=6.69 MB
Dragnet,https://radioechoes.com/?page=series&genre=OTR-Crime&series=Dragnet,The Big Press,1956.02.07,https://radioechoes.com/?page=play_download&mode=play&dl_mp3folder=D&dl_file=dragnet_1956-02-07_the_big_press.mp3&dl_series=Dragnet&dl_title=The Big Press&dl_date=1956.02.07&dl_size=10.07 MB
Dragnet,https://radioechoes.com/?page=series&genre=OTR-Crime&series=Dragnet,The Big Tooth,1956.02.14,https://radioechoes.com/?page=play_download&mode=play&dl_mp3folder=D&dl_file=dragnet_1956-02-14_the_big_tooth.mp3&dl_series=Dragnet&dl_title=The Big Tooth&dl_date=1956.02.14&dl_size=9.93 MB
Dragnet,https://radioechoes.com/?page=series&genre=OTR-Crime&series=Dragnet,Big Smoke,1956.02.21,https://radioechoes.com/?page=play_download&mode=play&dl_mp3folder=D&dl_file=dragnet_1956-02-21_big_smoke.mp3&dl_series=Dragnet&dl_title=Big Smoke&dl_date=1956.02.21&dl_size=10.16 MB
Dragnet,https://radioechoes.com/?page=series&genre=OTR-Crime&series=Dragnet,The Big Want,1956.02.28,https://radioechoes.com/?page=play_download&mode=play&dl_mp3folder=D&dl_file=dragnet_1956-02-28_the_big_want.mp3&dl_series=Dragnet&dl_title=The Big Want&dl_date=1956.02.28&dl_size=8.84 MB
Dragnet,https://radioechoes.com/?page=series&genre=OTR-Crime&series=Dragnet,The Big Laugh,1956.03.06,https://radioechoes.com/?page=play_download&mode=play&dl_mp3folder=D&dl_file=dragnet_1956-03-06_the_big_laugh.mp3&dl_series=Dragnet&dl_title=The Big Laugh&dl_date=1956.03.06&dl_size=6.81 MB
Dragnet,https://radioechoes.com/?page=series&genre=OTR-Crime&series=Dragnet,The Big Impossible,1956.03.13,https://radioechoes.com/?page=play_download&mode=play&dl_mp3folder=D&dl_file=dragnet_1956-03-13_the_big_impossible.mp3&dl_series=Dragnet&dl_title=The Big Impossible&dl_date=1956.03.13&dl_size=6.87 MB
Dragnet,https://radioechoes.com/?page=series&genre=OTR-Crime&series=Dragnet,.22 Rifle For Christmas,1956.03.20,https://radioechoes.com/?page=play_download&mode=play&dl_mp3folder=D&dl_file=dragnet_1956-03-20_22_rifle_for_christmas.mp3&dl_series=Dragnet&dl_title=.22 Rifle For Christmas&dl_date=1956.03.20&dl_size=5.77 MB
Dragnet,https://radioechoes.com/?page=series&genre=OTR-Crime&series=Dragnet,The Big Informant,1956.03.27,https://radioechoes.com/?page=play_download&mode=play&dl_mp3folder=D&dl_file=dragnet_1956-03-27_the_big_informant.mp3&dl_series=Dragnet&dl_title=The Big Informant&dl_date=1956.03.27&dl_size=6.89 MB
Dragnet,https://radioechoes.com/?page=series&genre=OTR-Crime&series=Dragnet,The Big Dream,1956.04.03,https://radioechoes.com/?page=play_download&mode=play&dl_mp3folder=D&dl_file=dragnet_1956-04-03_the_big_dream.mp3&dl_series=Dragnet&dl_title=The Big Dream&dl_date=1956.04.03&dl_size=6.03 MB
Dragnet,https://radioechoes.com/?page=series&genre=OTR-Crime&series=Dragnet,The Big Chet,1956.04.10,https://radioechoes.com/?page=play_download&mode=play&dl_mp3folder=D&dl_file=dragnet_1956-04-10_the_big_chet.mp3&dl_series=Dragnet&dl_title=The Big Chet&dl_date=1956.04.10&dl_size=6.82 MB
Dragnet,https://radioechoes.com/?page=series&genre=OTR-Crime&series=Dragnet,The Big Compulsion,1956.04.17,https://radioechoes.com/?page=play_download&mode=play&dl_mp3folder=D&dl_file=dragnet_1956-04-17_the_big_compulsion.mp3&dl_series=Dragnet&dl_title=The Big Compulsion&dl_date=1956.04.17&dl_size=6.08 MB
Dragnet,https://radioechoes.com/?page=series&genre=OTR-Crime&series=Dragnet,The Big Rip,1956.04.24,https://radioechoes.com/?page=play_download&mode=play&dl_mp3folder=D&dl_file=dragnet_1956-04-24_the_big_rip.mp3&dl_series=Dragnet&dl_title=The Big Rip&dl_date=1956.04.24&dl_size=5.58 MB
Dragnet,https://radioechoes.com/?page=series&genre=OTR-Crime&series=Dragnet,The Big Scrapbook,1956.05.01,https://radioechoes.com/?page=play_download&mode=play&dl_mp3folder=D&dl_file=dragnet_1956-05-01_the_big_scrapbook.mp3&dl_series=Dragnet&dl_title=The Big Scrapbook&dl_date=1956.05.01&dl_size=5.87 MB
Dragnet,https://radioechoes.com/?page=series&genre=OTR-Crime&series=Dragnet,The Big Carney,1956.05.08,https://radioechoes.com/?page=play_download&mode=play&dl_mp3folder=D&dl_file=dragnet_1956-05-08_the_big_carney.mp3&dl_series=Dragnet&dl_title=The Big Carney&dl_date=1956.05.08&dl_size=6.84 MB
Dragnet,https://radioechoes.com/?page=series&genre=OTR-Crime&series=Dragnet,The Big Joke,1956.05.15,https://radioechoes.com/?page=play_download&mode=play&dl_mp3folder=D&dl_file=dragnet_1956-05-15_the_big_joke.mp3&dl_series=Dragnet&dl_title=The Big Joke&dl_date=1956.05.15&dl_size=6.87 MB
Dragnet,https://radioechoes.com/?page=series&genre=OTR-Crime&series=Dragnet,The Big False Move,1956.05.22,https://radioechoes.com/?page=play_download&mode=play&dl_mp3folder=D&dl_file=dragnet_1956-05-22_the_big_false_move.mp3&dl_series=Dragnet&dl_title=The Big False Move&dl_date=1956.05.22&dl_size=6.84 MB
Dragnet,https://radioechoes.com/?page=series&genre=OTR-Crime&series=Dragnet,Big Gun Part 1,1956.05.29,https://radioechoes.com/?page=play_download&mode=play&dl_mp3folder=D&dl_file=dragnet_1956-05-29_big_gun_part_1.mp3&dl_series=Dragnet&dl_title=Big Gun Part 1&dl_date=1956.05.29&dl_size=7.03 MB
Dragnet,https://radioechoes.com/?page=series&genre=OTR-Crime&series=Dragnet,Big Gun Part 2,1956.06.05,https://radioechoes.com/?page=play_download&mode=play&dl_mp3folder=D&dl_file=dragnet_1956-06-05_big_gun_part_2.mp3&dl_series=Dragnet&dl_title=Big Gun Part 2&dl_date=1956.06.05&dl_size=6.62 MB
Dragnet,https://radioechoes.com/?page=series&genre=OTR-Crime&series=Dragnet,The Big Will,1956.06.12,https://radioechoes.com/?page=play_download&mode=play&dl_mp3folder=D&dl_file=dragnet_1956-06-12_the_big_will.mp3&dl_series=Dragnet&dl_title=The Big Will&dl_date=1956.06.12&dl_size=6.75 MB
Dragnet,https://radioechoes.com/?page=series&genre=OTR-Crime&series=Dragnet,The Big Lilly,1956.06.19,https://radioechoes.com/?page=play_download&mode=play&dl_mp3folder=D&dl_file=dragnet_1956-06-19_the_big_lilly.mp3&dl_series=Dragnet&dl_title=The Big Lilly&dl_date=1956.06.19&dl_size=6.97 MB
Dragnet,https://radioechoes.com/?page=series&genre=OTR-Crime&series=Dragnet,The Big Revolt,1956.06.26,https://radioechoes.com/?page=play_download&mode=play&dl_mp3folder=D&dl_file=dragnet_1956-06-26_the_big_revolt.mp3&dl_series=Dragnet&dl_title=The Big Revolt&dl_date=1956.06.26&dl_size=6.71 MB
Dragnet,https://radioechoes.com/?page=series&genre=OTR-Crime&series=Dragnet,The Big Ham,1956.09.18,https://radioechoes.com/?page=play_download&mode=play&dl_mp3folder=D&dl_file=dragnet_1956-09-18_the_big_ham.mp3&dl_series=Dragnet&dl_title=The Big Ham&dl_date=1956.09.18&dl_size=6.41 MB
Dragnet,https://radioechoes.com/?page=series&genre=OTR-Crime&series=Dragnet,The Big Bop,1956.09.25,https://radioechoes.com/?page=play_download&mode=play&dl_mp3folder=D&dl_file=dragnet_1956-09-25_the_big_bop.mp3&dl_series=Dragnet&dl_title=The Big Bop&dl_date=1956.09.25&dl_size=6.13 MB
Dragnet,https://radioechoes.com/?page=series&genre=OTR-Crime&series=Dragnet,The Big Lift,1956.10.02,https://radioechoes.com/?page=play_download&mode=play&dl_mp3folder=D&dl_file=dragnet_1956-10-02_the_big_lift.mp3&dl_series=Dragnet&dl_title=The Big Lift&dl_date=1956.10.02&dl_size=5.55 MB
Dragnet,https://radioechoes.com/?page=series&genre=OTR-Crime&series=Dragnet,The Big Cab,1956.10.09,https://radioechoes.com/?page=play_download&mode=play&dl_mp3folder=D&dl_file=dragnet_1956-10-09_the_big_cab.mp3&dl_series=Dragnet&dl_title=The Big Cab&dl_date=1956.10.09&dl_size=6.71 MB
Dragnet,https://radioechoes.com/?page=series&genre=OTR-Crime&series=Dragnet,The Big Slip,1956.10.16,https://radioechoes.com/?page=play_download&mode=play&dl_mp3folder=D&dl_file=dragnet_1956-10-16_the_big_slip.mp3&dl_series=Dragnet&dl_title=The Big Slip&dl_date=1956.10.16&dl_size=6.14 MB
Dragnet,https://radioechoes.com/?page=series&genre=OTR-Crime&series=Dragnet,The Big Flight,1956.10.23,https://radioechoes.com/?page=play_download&mode=play&dl_mp3folder=D&dl_file=dragnet_1956-10-23_the_big_flight.mp3&dl_series=Dragnet&dl_title=The Big Flight&dl_date=1956.10.23&dl_size=5.88 MB
Dragnet,https://radioechoes.com/?page=series&genre=OTR-Crime&series=Dragnet,The Big Present,1956.10.30,https://radioechoes.com/?page=play_download&mode=play&dl_mp3folder=D&dl_file=dragnet_1956-10-30_the_big_present.mp3&dl_series=Dragnet&dl_title=The Big Present&dl_date=1956.10.30&dl_size=5.88 MB
Dragnet,https://radioechoes.com/?page=series&genre=OTR-Crime&series=Dragnet,The Big Odd,1956.11.06,https://radioechoes.com/?page=play_download&mode=play&dl_mp3folder=D&dl_file=dragnet_1956-11-06_the_big_odd.mp3&dl_series=Dragnet&dl_title=The Big Odd&dl_date=1956.11.06&dl_size=5.84 MB
Dragnet,https://radioechoes.com/?page=series&genre=OTR-Crime&series=Dragnet,The Big Pick,1956.11.13,https://radioechoes.com/?page=play_download&mode=play&dl_mp3folder=D&dl_file=dragnet_1956-11-13_the_big_pick.mp3&dl_series=Dragnet&dl_title=The Big Pick&dl_date=1956.11.13&dl_size=5.84 MB
Dragnet,https://radioechoes.com/?page=series&genre=OTR-Crime&series=Dragnet,The Big Brink,1956.11.20,https://radioechoes.com/?page=play_download&mode=play&dl_mp3folder=D&dl_file=dragnet_1956-11-20_the_big_brink.mp3&dl_series=Dragnet&dl_title=The Big Brink&dl_date=1956.11.20&dl_size=5.73 MB
Dragnet,https://radioechoes.com/?page=series&genre=OTR-Crime&series=Dragnet,The Big Steal,1956.11.27,https://radioechoes.com/?page=play_download&mode=play&dl_mp3folder=D&dl_file=dragnet_1956-11-27_the_big_steal.mp3&dl_series=Dragnet&dl_title=The Big Steal&dl_date=1956.11.27&dl_size=5.92 MB
Dragnet,https://radioechoes.com/?page=series&genre=OTR-Crime&series=Dragnet,The Big Listen,1956.12.04,https://radioechoes.com/?page=play_download&mode=play&dl_mp3folder=D&dl_file=dragnet_1956-12-04_the_big_listen.mp3&dl_series=Dragnet&dl_title=The Big Listen&dl_date=1956.12.04&dl_size=5.69 MB
Dragnet,https://radioechoes.com/?page=series&genre=OTR-Crime&series=Dragnet,The Big Switch,1956.12.11,https://radioechoes.com/?page=play_download&mode=play&dl_mp3folder=D&dl_file=dragnet_1956-12-11_the_big_switch.mp3&dl_series=Dragnet&dl_title=The Big Switch&dl_date=1956.12.11&dl_size=5.83 MB
Dragnet,https://radioechoes.com/?page=series&genre=OTR-Crime&series=Dragnet,The Big Bill,1956.12.18,https://radioechoes.com/?page=play_download&mode=play&dl_mp3folder=D&dl_file=dragnet_1956-12-18_the_big_bill.mp3&dl_series=Dragnet&dl_title=The Big Bill&dl_date=1956.12.18&dl_size=5.87 MB
Dragnet,https://radioechoes.com/?page=series&genre=OTR-Crime&series=Dragnet,The Big Little Jesus,1956.12.25,https://radioechoes.com/?page=play_download&mode=play&dl_mp3folder=D&dl_file=dragnet_1956-12-25_the_big_little_jesus.mp3&dl_series=Dragnet&dl_title=The Big Little Jesus&dl_date=1956.12.25&dl_size=6.04 MB
Dragnet,https://radioechoes.com/?page=series&genre=OTR-Crime&series=Dragnet,Big Bid,1957.01.01,https://radioechoes.com/?page=play_download&mode=play&dl_mp3folder=D&dl_file=dragnet_1957-01-01_big_bid.mp3&dl_series=Dragnet&dl_title=Big Bid&dl_date=1957.01.01&dl_size=5.55 MB
Dragnet,https://radioechoes.com/?page=series&genre=OTR-Crime&series=Dragnet,The Big Filth,1957.01.08,https://radioechoes.com/?page=play_download&mode=play&dl_mp3folder=D&dl_file=dragnet_1957-01-08_the_big_filth.mp3&dl_series=Dragnet&dl_title=The Big Filth&dl_date=1957.01.08&dl_size=5.85 MB
Dragnet,https://radioechoes.com/?page=series&genre=OTR-Crime&series=Dragnet,The Big Broad,1957.01.15,https://radioechoes.com/?page=play_download&mode=play&dl_mp3folder=D&dl_file=dragnet_1957-01-15_the_big_broad.mp3&dl_series=Dragnet&dl_title=The Big Broad&dl_date=1957.01.15&dl_size=5.71 MB
Dragnet,https://radioechoes.com/?page=series&genre=OTR-Crime&series=Dragnet,The Big Sucker,1957.01.22,https://radioechoes.com/?page=play_download&mode=play&dl_mp3folder=D&dl_file=dragnet_1957-01-22_the_big_sucker.mp3&dl_series=Dragnet&dl_title=The Big Sucker&dl_date=1957.01.22&dl_size=5.97 MB
Dragnet,https://radioechoes.com/?page=series&genre=OTR-Crime&series=Dragnet,The Big Pipe,1957.01.29,https://radioechoes.com/?page=play_download&mode=play&dl_mp3folder=D&dl_file=dragnet_1957-01-29_the_big_pipe.mp3&dl_series=Dragnet&dl_title=The Big Pipe&dl_date=1957.01.29&dl_size=5.8 MB
Dragnet,https://radioechoes.com/?page=series&genre=OTR-Crime&series=Dragnet,The Big TV,1957.02.05,https://radioechoes.com/?page=play_download&mode=play&dl_mp3folder=D&dl_file=dragnet_1957-02-05_the_big_tv.mp3&dl_series=Dragnet&dl_title=The Big TV&dl_date=1957.02.05&dl_size=5.46 MB
Dragnet,https://radioechoes.com/?page=series&genre=OTR-Crime&series=Dragnet,The Big Cup,1957.02.12,https://radioechoes.com/?page=play_download&mode=play&dl_mp3folder=D&dl_file=dragnet_1957-02-12_the_big_cup.mp3&dl_series=Dragnet&dl_title=The Big Cup&dl_date=1957.02.12&dl_size=5.43 MB
Dragnet,https://radioechoes.com/?page=series&genre=OTR-Crime&series=Dragnet,The Big Rod,1957.02.19,https://radioechoes.com/?page=play_download&mode=play&dl_mp3folder=D&dl_file=dragnet_1957-02-19_the_big_rod.mp3&dl_series=Dragnet&dl_title=The Big Rod&dl_date=1957.02.19&dl_size=5.51 MB
Dragnet,https://radioechoes.com/?page=series&genre=OTR-Crime&series=Dragnet,The Big Mustache,1957.02.26,https://radioechoes.com/?page=play_download&mode=play&dl_mp3folder=D&dl_file=dragnet_1957-02-26_the_big_mustache.mp3&dl_series=Dragnet&dl_title=The Big Mustache&dl_date=1957.02.26&dl_size=5.71 MB
Dragnet,https://radioechoes.com/?page=series&genre=OTR-Crime&series=Dragnet,Attempted City Hall Bombing,19xx.xx.xx,https://radioechoes.com/?page=play_download&mode=play&dl_mp3folder=D&dl_file=dragnet_19xx-xx-xx_attempted_city_hall_bombing.mp3&dl_series=Dragnet&dl_title=Attempted City Hall Bombing&dl_date=19xx.xx.xx&dl_size=6.68 MB
Dragnet,https://radioechoes.com/?page=series&genre=OTR-Crime&series=Dragnet,Big Mama,19xx.xx.xx,https://radioechoes.com/?page=play_download&mode=play&dl_mp3folder=D&dl_file=dragnet_19xx-xx-xx_big_mama.mp3&dl_series=Dragnet&dl_title=Big Mama&dl_date=19xx.xx.xx&dl_size=5.84 MB
Dragnet,https://radioechoes.com/?page=series&genre=OTR-Crime&series=Dragnet,Tom Laval,19xx.xx.xx,https://radioechoes.com/?page=play_download&mode=play&dl_mp3folder=D&dl_file=dragnet_19xx-xx-xx_tom_laval.mp3&dl_series=Dragnet&dl_title=Tom Laval&dl_date=19xx.xx.xx&dl_size=6.81 MB
Boston Blackie,https://radioechoes.com/?page=series&genre=OTR-Detective&series=Boston%20Blackie,The Rockwell Diamond,1944.06.23,https://radioechoes.com/?page=play_download&mode=play&dl_mp3folder=B&dl_file=boston_blackie_1944-06-23_the_rockwell_diamond.mp3&dl_series=Boston Blackie&dl_title=The Rockwell Diamond&dl_date=1944.06.23&dl_size=6.76 MB
Boston Blackie,https://radioechoes.com/?page=series&genre=OTR-Detective&series=Boston%20Blackie,Fifty Hunter Street,1944.06.30,https://radioechoes.com/?page=play_download&mode=play&dl_mp3folder=B&dl_file=boston_blackie_1944-06-30_fifty_hunter_street.mp3&dl_series=Boston Blackie&dl_title=Fifty Hunter Street&dl_date=1944.06.30&dl_size=6.93 MB
Boston Blackie,https://radioechoes.com/?page=series&genre=OTR-Detective&series=Boston%20Blackie,Star Of The Nile,1944.07.14,https://radioechoes.com/?page=play_download&mode=play&dl_mp3folder=B&dl_file=boston_blackie_1944-07-14_star_of_the_nile.mp3&dl_series=Boston Blackie&dl_title=Star Of The Nile&dl_date=1944.07.14&dl_size=6.75 MB
Boston Blackie,https://radioechoes.com/?page=series&genre=OTR-Detective&series=Boston%20Blackie,Black Market,1944.07.21,https://radioechoes.com/?page=play_download&mode=play&dl_mp3folder=B&dl_file=boston_blackie_1944-07-21_black_market.mp3&dl_series=Boston Blackie&dl_title=Black Market&dl_date=1944.07.21&dl_size=6.78 MB
Boston Blackie,https://radioechoes.com/?page=series&genre=OTR-Detective&series=Boston%20Blackie,Caretaker Of Devon Estate,1944.07.28,https://radioechoes.com/?page=play_download&mode=play&dl_mp3folder=B&dl_file=boston_blackie_1944-07-28_caretaker_of_devon_estate.mp3&dl_series=Boston Blackie&dl_title=Caretaker Of Devon Estate&dl_date=1944.07.28&dl_size=6.79 MB
Boston Blackie,https://radioechoes.com/?page=series&genre=OTR-Detective&series=Boston%20Blackie,Alice Mainweather Dead Or Alive,1944.08.04,https://radioechoes.com/?page=play_download&mode=play&dl_mp3folder=B&dl_file=boston_blackie_1944-08-04_alice_mainweather_dead_or_alive.mp3&dl_series=Boston Blackie&dl_title=Alice Mainweather Dead Or Alive&dl_date=1944.08.04&dl_size=6.86 MB
Boston Blackie,https://radioechoes.com/?page=series&genre=OTR-Detective&series=Boston%20Blackie,Missing String Of Pearls,1944.08.11,https://radioechoes.com/?page=play_download&mode=play&dl_mp3folder=B&dl_file=boston_blackie_1944-08-11_missing_string_of_pearls.mp3&dl_series=Boston Blackie&dl_title=Missing String Of Pearls&dl_date=1944.08.11&dl_size=6.57 MB
Boston Blackie,https://radioechoes.com/?page=series&genre=OTR-Detective&series=Boston%20Blackie,The Wentworth Diamonds,1945.04.25,https://radioechoes.com/?page=play_download&mode=play&dl_mp3folder=B&dl_file=boston_blackie_1945-04-25_the_wentworth_diamonds.mp3&dl_series=Boston Blackie&dl_title=The Wentworth Diamonds&dl_date=1945.04.25&dl_size=6.12 MB
Boston Blackie,https://radioechoes.com/?page=series&genre=OTR-Detective&series=Boston%20Blackie,The Case Of The Unused Shoes,1945.05.02,https://radioechoes.com/?page=play_download&mode=play&dl_mp3folder=B&dl_file=boston_blackie_1945-05-02_the_case_of_the_unused_shoes.mp3&dl_series=Boston Blackie&dl_title=The Case Of The Unused Shoes&dl_date=1945.05.02&dl_size=5.59 MB
Boston Blackie,https://radioechoes.com/?page=series&genre=OTR-Detective&series=Boston%20Blackie,Cover Up For Mary,1945.05.09,https://radioechoes.com/?page=play_download&mode=play&dl_mp3folder=B&dl_file=boston_blackie_1945-05-09_cover_up_for_mary.mp3&dl_series=Boston Blackie&dl_title=Cover Up For Mary&dl_date=1945.05.09&dl_size=6.18 MB
Boston Blackie,https://radioechoes.com/?page=series&genre=OTR-Detective&series=Boston%20Blackie,William Blaine Case,1945.05.16,https://radioechoes.com/?page=play_download&mode=play&dl_mp3folder=B&dl_file=boston_blackie_1945-05-16_william_blaine_case.mp3&dl_series=Boston Blackie&dl_title=William Blaine Case&dl_date=1945.05.16&dl_size=6.13 MB
Boston Blackie,https://radioechoes.com/?page=series&genre=OTR-Detective&series=Boston%20Blackie,Mrs. Boston Blackie,1945.06.06,https://radioechoes.com/?page=play_download&mode=play&dl_mp3folder=B&dl_file=boston_blackie_1945-06-06_mrs_boston_blackie.mp3&dl_series=Boston Blackie&dl_title=Mrs. Boston Blackie&dl_date=1945.06.06&dl_size=6.22 MB
Boston Blackie,https://radioechoes.com/?page=series&genre=OTR-Detective&series=Boston%20Blackie,The Oscar Wolfe Case,1945.06.13,https://radioechoes.com/?page=play_download&mode=play&dl_mp3folder=B&dl_file=boston_blackie_1945-06-13_the_oscar_wolfe_case.mp3&dl_series=Boston Blackie&dl_title=The Oscar Wolfe Case&dl_date=1945.06.13&dl_size=6.13 MB
Boston Blackie,https://radioechoes.com/?page=series&genre=OTR-Detective&series=Boston%20Blackie,The Sam Bellows Case,1945.06.18,https://radioechoes.com/?page=play_download&mode=play&dl_mp3folder=B&dl_file=boston_blackie_1945-06-18_the_sam_bellows_case.mp3&dl_series=Boston Blackie&dl_title=The Sam Bellows Case&dl_date=1945.06.18&dl_size=6.14 MB
Boston Blackie,https://radioechoes.com/?page=series&genre=OTR-Detective&series=Boston%20Blackie,Larry Brown Case,1945.06.25,https://radioechoes.com/?page=play_download&mode=play&dl_mp3folder=B&dl_file=boston_blackie_1945-06-25_larry_brown_case.mp3&dl_series=Boston Blackie&dl_title=Larry Brown Case&dl_date=1945.06.25&dl_size=6.22 MB
Boston Blackie,https://radioechoes.com/?page=series&genre=OTR-Detective&series=Boston%20Blackie,Blackie Jilts Mary,1945.07.02,https://radioechoes.com/?page=play_download&mode=play&dl_mp3folder=B&dl_file=boston_blackie_1945-07-02_blackie_jilts_mary.mp3&dl_series=Boston Blackie&dl_title=Blackie Jilts Mary&dl_date=1945.07.02&dl_size=6.24 MB
Boston Blackie,https://radioechoes.com/?page=series&genre=OTR-Detective&series=Boston%20Blackie,The Worthington Pearls,1945.07.09,https://radioechoes.com/?page=play_download&mode=play&dl_mp3folder=B&dl_file=boston_blackie_1945-07-09_the_worthington_pearls.mp3&dl_series=Boston Blackie&dl_title=The Worthington Pearls&dl_date=1945.07.09&dl_size=6.05 MB
Boston Blackie,https://radioechoes.com/?page=series&genre=OTR-Detective&series=Boston%20Blackie,Blackie's Car Kills Woman,1945.07.16,https://radioechoes.com/?page=play_download&mode=play&dl_mp3folder=B&dl_file=boston_blackie_1945-07-16_blackies_car_kills_woman.mp3&dl_series=Boston Blackie&dl_title=Blackie's Car Kills Woman&dl_date=1945.07.16&dl_size=6.09 MB
Boston Blackie,https://radioechoes.com/?page=series&genre=OTR-Detective&series=Boston%20Blackie,Blackie's Three Way Split,1945.07.23,https://radioechoes.com/?page=play_download&mode=play&dl_mp3folder=B&dl_file=boston_blackie_1945-07-23_blackies_three_way_split.mp3&dl_series=Boston Blackie&dl_title=Blackie's Three Way Split&dl_date=1945.07.23&dl_size=5.92 MB
Boston Blackie,https://radioechoes.com/?page=series&genre=OTR-Detective&series=Boston%20Blackie,The Mary At Sea,1945.07.30,https://radioechoes.com/?page=play_download&mode=play&dl_mp3folder=B&dl_file=boston_blackie_1945-07-30_the_mary_at_sea.mp3&dl_series=Boston Blackie&dl_title=The Mary At Sea&dl_date=1945.07.30&dl_size=5.89 MB
Boston Blackie,https://radioechoes.com/?page=series&genre=OTR-Detective&series=Boston%20Blackie,Hypnotic Murder,1945.08.06,https://radioechoes.com/?page=play_download&mode=play&dl_mp3folder=B&dl_file=boston_blackie_1945-08-06_hypnotic_murder.mp3&dl_series=Boston Blackie&dl_title=Hypnotic Murder&dl_date=1945.08.06&dl_size=6.16 MB
Boston Blackie,https://radioechoes.com/?page=series&genre=OTR-Detective&series=Boston%20Blackie,Evelyn Jones Murdered,1945.08.13,https://radioechoes.com/?page=play_download&mode=play&dl_mp3folder=B&dl_file=boston_blackie_1945-08-13_evelyn_jones_murdered.mp3&dl_series=Boston Blackie&dl_title=Evelyn Jones Murdered&dl_date=1945.08.13&dl_size=6.06 MB
Boston Blackie,https://radioechoes.com/?page=series&genre=OTR-Detective&series=Boston%20Blackie,Society Charity Bizarre Racket,1945.08.20,https://radioechoes.com/?page=play_download&mode=play&dl_mp3folder=B&dl_file=boston_blackie_1945-08-20_society_charity_bizarre_racket.mp3&dl_series=Boston Blackie&dl_title=Society Charity Bizarre Racket&dl_date=1945.08.20&dl_size=5.95 MB
Boston Blackie,https://radioechoes.com/?page=series&genre=OTR-Detective&series=Boston%20Blackie,Bill Cranes Attorney,1945.09.13,https://radioechoes.com/?page=play_download&mode=play&dl_mp3folder=B&dl_file=boston_blackie_1945-09-13_bill_cranes_attorney.mp3&dl_series=Boston Blackie&dl_title=Bill Cranes Attorney&dl_date=1945.09.13&dl_size=6.05 MB
Boston Blackie,https://radioechoes.com/?page=series&genre=OTR-Detective&series=Boston%20Blackie,Fred Arlen Murder,1945.09.20,https://radioechoes.com/?page=play_download&mode=play&dl_mp3folder=B&dl_file=boston_blackie_1945-09-20_fred_arlen_murder.mp3&dl_series=Boston Blackie&dl_title=Fred Arlen Murder&dl_date=1945.09.20&dl_size=6.31 MB
Boston Blackie,https://radioechoes.com/?page=series&genre=OTR-Detective&series=Boston%20Blackie,Westfield Diamonds,1945.10.04,https://radioechoes.com/?page=play_download&mode=play&dl_mp3folder=B&dl_file=boston_blackie_1945-10-04_westfield_diamonds.mp3&dl_series=Boston Blackie&dl_title=Westfield Diamonds&dl_date=1945.10.04&dl_size=6.07 MB
Boston Blackie,https://radioechoes.com/?page=series&genre=OTR-Detective&series=Boston%20Blackie,Copy Of Diamond Bracelet,1945.10.11,https://radioechoes.com/?page=play_download&mode=play&dl_mp3folder=B&dl_file=boston_blackie_1945-10-11_copy_of_diamond_bracelet.mp3&dl_series=Boston Blackie&dl_title=Copy Of Diamond Bracelet&dl_date=1945.10.11&dl_size=5.89 MB
Boston Blackie,https://radioechoes.com/?page=series&genre=OTR-Detective&series=Boston%20Blackie,Boxer's Murder Case,1945.10.18,https://radioechoes.com/?page=play_download&mode=play&dl_mp3folder=B&dl_file=boston_blackie_1945-10-18_boxers_murder_case.mp3&dl_series=Boston Blackie&dl_title=Boxer's Murder Case&dl_date=1945.10.18&dl_size=6.15 MB
Boston Blackie,https://radioechoes.com/?page=series&genre=OTR-Detective&series=Boston%20Blackie,Richard's Diamond,1945.10.25,https://radioechoes.com/?page=play_download&mode=play&dl_mp3folder=B&dl_file=boston_blackie_1945-10-25_richards_diamond.mp3&dl_series=Boston Blackie&dl_title=Richard's Diamond&dl_date=1945.10.25&dl_size=5.9 MB
Boston Blackie,https://radioechoes.com/?page=series&genre=OTR-Detective&series=Boston%20Blackie,Mary Disappears,1945.11.01,https://radioechoes.com/?page=play_download&mode=play&dl_mp3folder=B&dl_file=boston_blackie_1945-11-01_mary_disappears.mp3&dl_series=Boston Blackie&dl_title=Mary Disappears&dl_date=1945.11.01&dl_size=6.41 MB
Boston Blackie,https://radioechoes.com/?page=series&genre=OTR-Detective&series=Boston%20Blackie,Amnesia Victim,1945.11.08,https://radioechoes.com/?page=play_download&mode=play&dl_mp3folder=B&dl_file=boston_blackie_1945-11-08_amnesia_victim.mp3&dl_series=Boston Blackie&dl_title=Amnesia Victim&dl_date=1945.11.08&dl_size=6.12 MB
Boston Blackie,https://radioechoes.com/?page=series&genre=OTR-Detective&series=Boston%20Blackie,Murder In Music Room,1945.11.15,https://radioechoes.com/?page=play_download&mode=play&dl_mp3folder=B&dl_file=boston_blackie_1945-11-15_murder_in_music_room.mp3&dl_series=Boston Blackie&dl_title=Murder In Music Room&dl_date=1945.11.15&dl_size=5.94 MB
Boston Blackie,https://radioechoes.com/?page=series&genre=OTR-Detective&series=Boston%20Blackie,Blackie Kidnapped,1945.11.22,https://radioechoes.com/?page=play_download&mode=play&dl_mp3folder=B&dl_file=boston_blackie_1945-11-22_blackie_kidnapped.mp3&dl_series=Boston Blackie&dl_title=Blackie Kidnapped&dl_date=1945.11.22&dl_size=6.07 MB
Boston Blackie,https://radioechoes.com/?page=series&genre=OTR-Detective&series=Boston%20Blackie,Simmons Construction Murder,1945.11.29,https://radioechoes.com/?page=play_download&mode=play&dl_mp3folder=B&dl_file=boston_blackie_1945-11-29_simmons_construction_murder.mp3&dl_series=Boston Blackie&dl_title=Simmons Construction Murder&dl_date=1945.11.29&dl_size=6.65 MB
Boston Blackie,https://radioechoes.com/?page=series&genre=OTR-Detective&series=Boston%20Blackie,Missing Pearl Necklace,1945.12.06,https://radioechoes.com/?page=play_download&mode=play&dl_mp3folder=B&dl_file=boston_blackie_1945-12-06_missing_pearl_necklace.mp3&dl_series=Boston Blackie&dl_title=Missing Pearl Necklace&dl_date=1945.12.06&dl_size=6.41 MB
Boston Blackie,https://radioechoes.com/?page=series&genre=OTR-Detective&series=Boston%20Blackie,Murder At The Movies,1945.12.13,https://radioechoes.com/?page=play_download&mode=play&dl_mp3folder=B&dl_file=boston_blackie_1945-12-13_murder_at_the_movies.mp3&dl_series=Boston Blackie&dl_title=Murder At The Movies&dl_date=1945.12.13&dl_size=6.15 MB
Boston Blackie,https://radioechoes.com/?page=series&genre=OTR-Detective&series=Boston%20Blackie,The TV Poisoning,1945.12.20,https://radioechoes.com/?page=play_download&mode=play&dl_mp3folder=B&dl_file=boston_blackie_1945-12-20_the_tv_poisoning.mp3&dl_series=Boston Blackie&dl_title=The TV Poisoning&dl_date=1945.12.20&dl_size=6.04 MB
Boston Blackie,https://radioechoes.com/?page=series&genre=OTR-Detective&series=Boston%20Blackie,The Masters Diamond,1945.12.27,https://radioechoes.com/?page=play_download&mode=play&dl_mp3folder=B&dl_file=boston_blackie_1945-12-27_the_masters_diamond.mp3&dl_series=Boston Blackie&dl_title=The Masters Diamond&dl_date=1945.12.27&dl_size=5.53 MB
Boston Blackie,https://radioechoes.com/?page=series&genre=OTR-Detective&series=Boston%20Blackie,The Carnival Killings,1946.01.03,https://radioechoes.com/?page=play_download&mode=play&dl_mp3folder=B&dl_file=boston_blackie_1946-01-03_the_carnival_killings.mp3&dl_series=Boston Blackie&dl_title=The Carnival Killings&dl_date=1946.01.03&dl_size=5.33 MB
Boston Blackie,https://radioechoes.com/?page=series&genre=OTR-Detective&series=Boston%20Blackie,Returning The Harper Diamond,1946.01.15,https://radioechoes.com/?page=play_download&mode=play&dl_mp3folder=B&dl_file=boston_blackie_1946-01-15_returning_the_harper_diamond.mp3&dl_series=Boston Blackie&dl_title=Returning The Harper Diamond&dl_date=1946.01.15&dl_size=12.29 MB
Boston Blackie,https://radioechoes.com/?page=series&genre=OTR-Detective&series=Boston%20Blackie,Disappearing Body,1946.01.22,https://radioechoes.com/?page=play_download&mode=play&dl_mp3folder=B&dl_file=boston_blackie_1946-01-22_disappearing_body.mp3&dl_series=Boston Blackie&dl_title=Disappearing Body&dl_date=1946.01.22&dl_size=5.49 MB
Boston Blackie,https://radioechoes.com/?page=series&genre=OTR-Detective&series=Boston%20Blackie,John Williams Case,1946.01.29,https://radioechoes.com/?page=play_download&mode=play&dl_mp3folder=B&dl_file=boston_blackie_1946-01-29_john_williams_case.mp3&dl_series=Boston Blackie&dl_title=John Williams Case&dl_date=1946.01.29&dl_size=5.59 MB
Boston Blackie,https://radioechoes.com/?page=series&genre=OTR-Detective&series=Boston%20Blackie,The Brandon Jewel Robbery,1946.02.05,https://radioechoes.com/?page=play_download&mode=play&dl_mp3folder=B&dl_file=boston_blackie_1946-02-05_the_brandon_jewel_robbery.mp3&dl_series=Boston Blackie&dl_title=The Brandon Jewel Robbery&dl_date=1946.02.05&dl_size=5.53 MB
Boston Blackie,https://radioechoes.com/?page=series&genre=OTR-Detective&series=Boston%20Blackie,The Marjorie Conden Kidnapping,1946.02.12,https://radioechoes.com/?page=play_download&mode=play&dl_mp3folder=B&dl_file=boston_blackie_1946-02-12_the_marjorie_conden_kidnapping.mp3&dl_series=Boston Blackie&dl_title=The Marjorie Conden Kidnapping&dl_date=1946.02.12&dl_size=5.42 MB
Boston Blackie,https://radioechoes.com/?page=series&genre=OTR-Detective&series=Boston%20Blackie,Harry Benson's Wife,1946.02.19,https://radioechoes.com/?page=play_download&mode=play&dl_mp3folder=B&dl_file=boston_blackie_1946-02-19_harry_bensons_wife.mp3&dl_series=Boston Blackie&dl_title=Harry Benson's Wife&dl_date=1946.02.19&dl_size=6.23 MB
Boston Blackie,https://radioechoes.com/?page=series&genre=OTR-Detective&series=Boston%20Blackie,Vase Leads To Murder,1946.02.26,https://radioechoes.com/?page=play_download&mode=play&dl_mp3folder=B&dl_file=boston_blackie_1946-02-26_vase_leads_to_murder.mp3&dl_series=Boston Blackie&dl_title=Vase Leads To Murder&dl_date=1946.02.26&dl_size=6.16 MB
Boston Blackie,https://radioechoes.com/?page=series&genre=OTR-Detective&series=Boston%20Blackie,Murder With An Alibi,1946.03.05,https://radioechoes.com/?page=play_download&mode=play&dl_mp3folder=B&dl_file=boston_blackie_1946-03-05_murder_with_an_alibi.mp3&dl_series=Boston Blackie&dl_title=Murder With An Alibi&dl_date=1946.03.05&dl_size=6.2 MB
Boston Blackie,https://radioechoes.com/?page=series&genre=OTR-Detective&series=Boston%20Blackie,Color Blind Accomplice,1946.03.12,https://radioechoes.com/?page=play_download&mode=play&dl_mp3folder=B&dl_file=boston_blackie_1946-03-12_color_blind_accomplice.mp3&dl_series=Boston Blackie&dl_title=Color Blind Accomplice&dl_date=1946.03.12&dl_size=6.12 MB
Boston Blackie,https://radioechoes.com/?page=series&genre=OTR-Detective&series=Boston%20Blackie,The Worthington Ghost,1946.03.19,https://radioechoes.com/?page=play_download&mode=play&dl_mp3folder=B&dl_file=boston_blackie_1946-03-19_the_worthington_ghost.mp3&dl_series=Boston Blackie&dl_title=The Worthington Ghost&dl_date=1946.03.19&dl_size=6.08 MB
Boston Blackie,https://radioechoes.com/?page=series&genre=OTR-Detective&series=Boston%20Blackie,Pierre The Designer,1946.03.26,https://radioechoes.com/?page=play_download&mode=play&dl_mp3folder=B&dl_file=boston_blackie_1946-03-26_pierre_the_designer.mp3&dl_series=Boston Blackie&dl_title=Pierre The Designer&dl_date=1946.03.26&dl_size=5.91 MB
Boston Blackie,https://radioechoes.com/?page=series&genre=OTR-Detective&series=Boston%20Blackie,Murder On The Trapeze,1946.04.02,https://radioechoes.com/?page=play_download&mode=play&dl_mp3folder=B&dl_file=boston_blackie_1946-04-02_murder_on_the_trapeze.mp3&dl_series=Boston Blackie&dl_title=Murder On The Trapeze&dl_date=1946.04.02&dl_size=6.3 MB
Boston Blackie,https://radioechoes.com/?page=series&genre=OTR-Detective&series=Boston%20Blackie,Murder On Cedar Street,1946.04.09,https://radioechoes.com/?page=play_download&mode=play&dl_mp3folder=B&dl_file=boston_blackie_1946-04-09_murder_on_cedar_street.mp3&dl_series=Boston Blackie&dl_title=Murder On Cedar Street&dl_date=1946.04.09&dl_size=6 MB
Boston Blackie,https://radioechoes.com/?page=series&genre=OTR-Detective&series=Boston%20Blackie,Baseball Player Shot,1946.04.16,https://radioechoes.com/?page=play_download&mode=play&dl_mp3folder=B&dl_file=boston_blackie_1946-04-16_baseball_player_shot.mp3&dl_series=Boston Blackie&dl_title=Baseball Player Shot&dl_date=1946.04.16&dl_size=6.31 MB
Boston Blackie,https://radioechoes.com/?page=series&genre=OTR-Detective&series=Boston%20Blackie,Stolen Car Ring,1946.04.23,https://radioechoes.com/?page=play_download&mode=play&dl_mp3folder=B&dl_file=boston_blackie_1946-04-23_stolen_car_ring.mp3&dl_series=Boston Blackie&dl_title=Stolen Car Ring&dl_date=1946.04.23&dl_size=6.14 MB
Boston Blackie,https://radioechoes.com/?page=series&genre=OTR-Detective&series=Boston%20Blackie,Frances Fielding Murder,1946.04.30,https://radioechoes.com/?page=play_download&mode=play&dl_mp3folder=B&dl_file=boston_blackie_1946-04-30_frances_fielding_murder.mp3&dl_series=Boston Blackie&dl_title=Frances Fielding Murder&dl_date=1946.04.30&dl_size=6.22 MB
Boston Blackie,https://radioechoes.com/?page=series&genre=OTR-Detective&series=Boston%20Blackie,Winthrope Jewel Robbery,1946.05.07,https://radioechoes.com/?page=play_download&mode=play&dl_mp3folder=B&dl_file=boston_blackie_1946-05-07_winthrope_jewel_robbery.mp3&dl_series=Boston Blackie&dl_title=Winthrope Jewel Robbery&dl_date=1946.05.07&dl_size=6 MB
Boston Blackie,https://radioechoes.com/?page=series&genre=OTR-Detective&series=Boston%20Blackie,Merry Go Round Murder,1946.05.14,https://radioechoes.com/?page=play_download&mode=play&dl_mp3folder=B&dl_file=boston_blackie_1946-05-14_merry_go_round_murder.mp3&dl_series=Boston Blackie&dl_title=Merry Go Round Murder&dl_date=1946.05.14&dl_size=6.09 MB
Boston Blackie,https://radioechoes.com/?page=series&genre=OTR-Detective&series=Boston%20Blackie,Blaine Brothers Pawn Shop,1946.05.21,https://radioechoes.com/?page=play_download&mode=play&dl_mp3folder=B&dl_file=boston_blackie_1946-05-21_blaine_brothers_pawn_shop.mp3&dl_series=Boston Blackie&dl_title=Blaine Brothers Pawn Shop&dl_date=1946.05.21&dl_size=6.59 MB
Boston Blackie,https://radioechoes.com/?page=series&genre=OTR-Detective&series=Boston%20Blackie,The Escaped Prisoner,1946.05.28,https://radioechoes.com/?page=play_download&mode=play&dl_mp3folder=B&dl_file=boston_blackie_1946-05-28_the_escaped_prisoner.mp3&dl_series=Boston Blackie&dl_title=The Escaped Prisoner&dl_date=1946.05.28&dl_size=6.53 MB
Boston Blackie,https://radioechoes.com/?page=series&genre=OTR-Detective&series=Boston%20Blackie,Three Witnesses Killed,1946.06.04,https://radioechoes.com/?page=play_download&mode=play&dl_mp3folder=B&dl_file=boston_blackie_1946-06-04_three_witnesses_killed.mp3&dl_series=Boston Blackie&dl_title=Three Witnesses Killed&dl_date=1946.06.04&dl_size=6.2 MB
Boston Blackie,https://radioechoes.com/?page=series&genre=OTR-Detective&series=Boston%20Blackie,Disappearing Airplane,1946.06.11,https://radioechoes.com/?page=play_download&mode=play&dl_mp3folder=B&dl_file=boston_blackie_1946-06-11_disappearing_airplane.mp3&dl_series=Boston Blackie&dl_title=Disappearing Airplane&dl_date=1946.06.11&dl_size=5.84 MB
Boston Blackie,https://radioechoes.com/?page=series&genre=OTR-Detective&series=Boston%20Blackie,The Hooded Gang,1946.06.18,https://radioechoes.com/?page=play_download&mode=play&dl_mp3folder=B&dl_file=boston_blackie_1946-06-18_the_hooded_gang.mp3&dl_series=Boston Blackie&dl_title=The Hooded Gang&dl_date=1946.06.18&dl_size=6.35 MB
Boston Blackie,https://radioechoes.com/?page=series&genre=OTR-Detective&series=Boston%20Blackie,Gambler Joe Garland Killed,1946.06.25,https://radioechoes.com/?page=play_download&mode=play&dl_mp3folder=B&dl_file=boston_blackie_1946-06-25_gambler_joe_garland_killed.mp3&dl_series=Boston Blackie&dl_title=Gambler Joe Garland Killed&dl_date=1946.06.25&dl_size=6.04 MB
Boston Blackie,https://radioechoes.com/?page=series&genre=OTR-Detective&series=Boston%20Blackie,Uncle Frank Murdered,1946.07.02,https://radioechoes.com/?page=play_download&mode=play&dl_mp3folder=B&dl_file=boston_blackie_1946-07-02_uncle_frank_murdered.mp3&dl_series=Boston Blackie&dl_title=Uncle Frank Murdered&dl_date=1946.07.02&dl_size=6.13 MB
Boston Blackie,https://radioechoes.com/?page=series&genre=OTR-Detective&series=Boston%20Blackie,Skating Rink Murders,1946.07.09,https://radioechoes.com/?page=play_download&mode=play&dl_mp3folder=B&dl_file=boston_blackie_1946-07-09_skating_rink_murders.mp3&dl_series=Boston Blackie&dl_title=Skating Rink Murders&dl_date=1946.07.09&dl_size=6.83 MB
Boston Blackie,https://radioechoes.com/?page=series&genre=OTR-Detective&series=Boston%20Blackie,Murdered Truck Driver,1946.07.16,https://radioechoes.com/?page=play_download&mode=play&dl_mp3folder=B&dl_file=boston_blackie_1946-07-16_murdered_truck_driver.mp3&dl_series=Boston Blackie&dl_title=Murdered Truck Driver&dl_date=1946.07.16&dl_size=6.89 MB
Boston Blackie,https://radioechoes.com/?page=series&genre=OTR-Detective&series=Boston%20Blackie,Murdering Coocoo Clock,1946.07.23,https://radioechoes.com/?page=play_download&mode=play&dl_mp3folder=B&dl_file=boston_blackie_1946-07-23_murdering_coocoo_clock.mp3&dl_series=Boston Blackie&dl_title=Murdering Coocoo Clock&dl_date=1946.07.23&dl_size=6.03 MB
Boston Blackie,https://radioechoes.com/?page=series&genre=OTR-Detective&series=Boston%20Blackie,Freighter Crew Plans Mutiny,1946.07.30,https://radioechoes.com/?page=play_download&mode=play&dl_mp3folder=B&dl_file=boston_blackie_1946-07-30_freighter_crew_plans_mutiny.mp3&dl_series=Boston Blackie&dl_title=Freighter Crew Plans Mutiny&dl_date=1946.07.30&dl_size=5.65 MB
Boston Blackie,https://radioechoes.com/?page=series&genre=OTR-Detective&series=Boston%20Blackie,The Gardenia Case,1946.08.06,https://radioechoes.com/?page=play_download&mode=play&dl_mp3folder=B&dl_file=boston_blackie_1946-08-06_the_gardenia_case.mp3&dl_series=Boston Blackie&dl_title=The Gardenia Case&dl_date=1946.08.06&dl_size=6.11 MB
Boston Blackie,https://radioechoes.com/?page=series&genre=OTR-Detective&series=Boston%20Blackie,Diamond Smugglers,1946.08.13,https://radioechoes.com/?page=play_download&mode=play&dl_mp3folder=B&dl_file=boston_blackie_1946-08-13_diamond_smugglers.mp3&dl_series=Boston Blackie&dl_title=Diamond Smugglers&dl_date=1946.08.13&dl_size=6.31 MB
Boston Blackie,https://radioechoes.com/?page=series&genre=OTR-Detective&series=Boston%20Blackie,Jealous Partners And Arson,1946.08.20,https://radioechoes.com/?page=play_download&mode=play&dl_mp3folder=B&dl_file=boston_blackie_1946-08-20_jealous_partners_and_arson.mp3&dl_series=Boston Blackie&dl_title=Jealous Partners And Arson&dl_date=1946.08.20&dl_size=6.41 MB
Boston Blackie,https://radioechoes.com/?page=series&genre=OTR-Detective&series=Boston%20Blackie,Rockwell Diamond,1946.08.27,https://radioechoes.com/?page=play_download&mode=play&dl_mp3folder=B&dl_file=boston_blackie_1946-08-27_rockwell_diamond.mp3&dl_series=Boston Blackie&dl_title=Rockwell Diamond&dl_date=1946.08.27&dl_size=6.05 MB
Boston Blackie,https://radioechoes.com/?page=series&genre=OTR-Detective&series=Boston%20Blackie,Stolen Rare Book,1946.09.03,https://radioechoes.com/?page=play_download&mode=play&dl_mp3folder=B&dl_file=boston_blackie_1946-09-03_stolen_rare_book.mp3&dl_series=Boston Blackie&dl_title=Stolen Rare Book&dl_date=1946.09.03&dl_size=6.16 MB
Boston Blackie,https://radioechoes.com/?page=series&genre=OTR-Detective&series=Boston%20Blackie,The Backstage Murder,1946.09.10,https://radioechoes.com/?page=play_download&mode=play&dl_mp3folder=B&dl_file=boston_blackie_1946-09-10_the_backstage_murder.mp3&dl_series=Boston Blackie&dl_title=The Backstage Murder&dl_date=1946.09.10&dl_size=6.38 MB
Boston Blackie,https://radioechoes.com/?page=series&genre=OTR-Detective&series=Boston%20Blackie,The Apartment Swindler,1946.09.17,https://radioechoes.com/?page=play_download&mode=play&dl_mp3folder=B&dl_file=boston_blackie_1946-09-17_the_apartment_swindler.mp3&dl_series=Boston Blackie&dl_title=The Apartment Swindler&dl_date=1946.09.17&dl_size=6.49 MB
Boston Blackie,https://radioechoes.com/?page=series&genre=OTR-Detective&series=Boston%20Blackie,The Abbott Painting,1946.09.24,https://radioechoes.com/?page=play_download&mode=play&dl_mp3folder=B&dl_file=boston_blackie_1946-09-24_the_abbott_painting.mp3&dl_series=Boston Blackie&dl_title=The Abbott Painting&dl_date=1946.09.24&dl_size=6.26 MB
Boston Blackie,https://radioechoes.com/?page=series&genre=OTR-Detective&series=Boston%20Blackie,The Undersea Murder,1946.10.01,https://radioechoes.com/?page=play_download&mode=play&dl_mp3folder=B&dl_file=boston_blackie_1946-10-01_the_undersea_murder.mp3&dl_series=Boston Blackie&dl_title=The Undersea Murder&dl_date=1946.10.01&dl_size=6.38 MB
Boston Blackie,https://radioechoes.com/?page=series&genre=OTR-Detective&series=Boston%20Blackie,Murdered Show Dog Owner,1946.10.08,https://radioechoes.com/?page=play_download&mode=play&dl_mp3folder=B&dl_file=boston_blackie_1946-10-08_murdered_show_dog_owner.mp3&dl_series=Boston Blackie&dl_title=Murdered Show Dog Owner&dl_date=1946.10.08&dl_size=6.29 MB
Boston Blackie,https://radioechoes.com/?page=series&genre=OTR-Detective&series=Boston%20Blackie,Murder At The Rodeo,1946.10.15,https://radioechoes.com/?page=play_download&mode=play&dl_mp3folder=B&dl_file=boston_blackie_1946-10-15_murder_at_the_rodeo.mp3&dl_series=Boston Blackie&dl_title=Murder At The Rodeo&dl_date=1946.10.15&dl_size=6.34 MB
Boston Blackie,https://radioechoes.com/?page=series&genre=OTR-Detective&series=Boston%20Blackie,Faraday Shot By Bill Thayer Mob,1946.10.22,https://radioechoes.com/?page=play_download&mode=play&dl_mp3folder=B&dl_file=boston_blackie_1946-10-22_faraday_shot_by_bill_thayer_mob.mp3&dl_series=Boston Blackie&dl_title=Faraday Shot By Bill Thayer Mob&dl_date=1946.10.22&dl_size=6.16 MB
Boston Blackie,https://radioechoes.com/?page=series&genre=OTR-Detective&series=Boston%20Blackie,Granny's Witchcraft,1946.10.29,https://radioechoes.com/?page=play_download&mode=play&dl_mp3folder=B&dl_file=boston_blackie_1946-10-29_grannys_witchcraft.mp3&dl_series=Boston Blackie&dl_title=Granny's Witchcraft&dl_date=1946.10.29&dl_size=6 MB
Boston Blackie,https://radioechoes.com/?page=series&genre=OTR-Detective&series=Boston%20Blackie,New Face For Joe Harvey,1946.11.05,https://radioechoes.com/?page=play_download&mode=play&dl_mp3folder=B&dl_file=boston_blackie_1946-11-05_new_face_for_joe_harvey.mp3&dl_series=Boston Blackie&dl_title=New Face For Joe Harvey&dl_date=1946.11.05&dl_size=5.86 MB
Boston Blackie,https://radioechoes.com/?page=series&genre=OTR-Detective&series=Boston%20Blackie,Only One Way Out,1946.11.12,https://radioechoes.com/?page=play_download&mode=play&dl_mp3folder=B&dl_file=boston_blackie_1946-11-12_only_one_way_out.mp3&dl_series=Boston Blackie&dl_title=Only One Way Out&dl_date=1946.11.12&dl_size=6.46 MB
Boston Blackie,https://radioechoes.com/?page=series&genre=OTR-Detective&series=Boston%20Blackie,Fifty G Necklace,1946.11.19,https://radioechoes.com/?page=play_download&mode=play&dl_mp3folder=B&dl_file=boston_blackie_1946-11-19_fifty_g_necklace.mp3&dl_series=Boston Blackie&dl_title=Fifty G Necklace&dl_date=1946.11.19&dl_size=6.12 MB
Boston Blackie,https://radioechoes.com/?page=series&genre=OTR-Detective&series=Boston%20Blackie,The Lenny Powell Murder,1946.11.26,https://radioechoes.com/?page=play_download&mode=play&dl_mp3folder=B&dl_file=boston_blackie_1946-11-26_the_lenny_powell_murder.mp3&dl_series=Boston Blackie&dl_title=The Lenny Powell Murder&dl_date=1946.11.26&dl_size=6.32 MB
Boston Blackie,https://radioechoes.com/?page=series&genre=OTR-Detective&series=Boston%20Blackie,Blackie In Prison,1946.12.03,https://radioechoes.com/?page=play_download&mode=play&dl_mp3folder=B&dl_file=boston_blackie_1946-12-03_blackie_in_prison.mp3&dl_series=Boston Blackie&dl_title=Blackie In Prison&dl_date=1946.12.03&dl_size=6.24 MB
Boston Blackie,https://radioechoes.com/?page=series&genre=OTR-Detective&series=Boston%20Blackie,Mary Registered Nurse,1946.12.10,https://radioechoes.com/?page=play_download&mode=play&dl_mp3folder=B&dl_file=boston_blackie_1946-12-10_mary_registered_nurse.mp3&dl_series=Boston Blackie&dl_title=Mary Registered Nurse&dl_date=1946.12.10&dl_size=5.92 MB
Boston Blackie,https://radioechoes.com/?page=series&genre=OTR-Detective&series=Boston%20Blackie,Police Impersonator,1946.12.17,https://radioechoes.com/?page=play_download&mode=play&dl_mp3folder=B&dl_file=boston_blackie_1946-12-17_police_impersonator.mp3&dl_series=Boston Blackie&dl_title=Police Impersonator&dl_date=1946.12.17&dl_size=6.19 MB
Boston Blackie,https://radioechoes.com/?page=series&genre=OTR-Detective&series=Boston%20Blackie,On The Wrong Track,1946.12.24,https://radioechoes.com/?page=play_download&mode=play&dl_mp3folder=B&dl_file=boston_blackie_1946-12-24_on_the_wrong_track.mp3&dl_series=Boston Blackie&dl_title=On The Wrong Track&dl_date=1946.12.24&dl_size=5.97 MB
Boston Blackie,https://radioechoes.com/?page=series&genre=OTR-Detective&series=Boston%20Blackie,Carl Browning's Shop,1946.12.31,https://radioechoes.com/?page=play_download&mode=play&dl_mp3folder=B&dl_file=boston_blackie_1946-12-31_carl_brownings_shop.mp3&dl_series=Boston Blackie&dl_title=Carl Browning's Shop&dl_date=1946.12.31&dl_size=6.39 MB
Boston Blackie,https://radioechoes.com/?page=series&genre=OTR-Detective&series=Boston%20Blackie,Jack Small's Alias,1947.01.07,https://radioechoes.com/?page=play_download&mode=play&dl_mp3folder=B&dl_file=boston_blackie_1947-01-07_jack_smalls_alias.mp3&dl_series=Boston Blackie&dl_title=Jack Small's Alias&dl_date=1947.01.07&dl_size=6.09 MB
Boston Blackie,https://radioechoes.com/?page=series&genre=OTR-Detective&series=Boston%20Blackie,Blackie And The Fur Thefts,1947.01.14,https://radioechoes.com/?page=play_download&mode=play&dl_mp3folder=B&dl_file=boston_blackie_1947-01-14_blackie_and_the_fur_thefts.mp3&dl_series=Boston Blackie&dl_title=Blackie And The Fur Thefts&dl_date=1947.01.14&dl_size=5.45 MB
Boston Blackie,https://radioechoes.com/?page=series&genre=OTR-Detective&series=Boston%20Blackie,Jim Gary Is Wanted,1947.01.21,https://radioechoes.com/?page=play_download&mode=play&dl_mp3folder=B&dl_file=boston_blackie_1947-01-21_jim_gary_is_wanted.mp3&dl_series=Boston Blackie&dl_title=Jim Gary Is Wanted&dl_date=1947.01.21&dl_size=5.54 MB
Boston Blackie,https://radioechoes.com/?page=series&genre=OTR-Detective&series=Boston%20Blackie,The Willabrandt Diamonds,1947.01.28,https://radioechoes.com/?page=play_download&mode=play&dl_mp3folder=B&dl_file=boston_blackie_1947-01-28_the_willabrandt_diamonds.mp3&dl_series=Boston Blackie&dl_title=The Willabrandt Diamonds&dl_date=1947.01.28&dl_size=6.36 MB
Boston Blackie,https://radioechoes.com/?page=series&genre=OTR-Detective&series=Boston%20Blackie,The Peters Mixup,1947.02.04,https://radioechoes.com/?page=play_download&mode=play&dl_mp3folder=B&dl_file=boston_blackie_1947-02-04_the_peters_mixup.mp3&dl_series=Boston Blackie&dl_title=The Peters Mixup&dl_date=1947.02.04&dl_size=6.48 MB
Boston Blackie,https://radioechoes.com/?page=series&genre=OTR-Detective&series=Boston%20Blackie,The Love Song Mystery,1947.02.11,https://radioechoes.com/?page=play_download&mode=play&dl_mp3folder=B&dl_file=boston_blackie_1947-02-11_the_love_song_mystery.mp3&dl_series=Boston Blackie&dl_title=The Love Song Mystery&dl_date=1947.02.11&dl_size=5.65 MB
Boston Blackie,https://radioechoes.com/?page=series&genre=OTR-Detective&series=Boston%20Blackie,Years Bad Luck,1947.02.18,https://radioechoes.com/?page=play_download&mode=play&dl_mp3folder=B&dl_file=boston_blackie_1947-02-18_years_bad_luck.mp3&dl_series=Boston Blackie&dl_title=Years Bad Luck&dl_date=1947.02.18&dl_size=6.18 MB
Boston Blackie,https://radioechoes.com/?page=series&genre=OTR-Detective&series=Boston%20Blackie,Joe Delivers The Goods,1947.02.25,https://radioechoes.com/?page=play_download&mode=play&dl_mp3folder=B&dl_file=boston_blackie_1947-02-25_joe_delivers_the_goods.mp3&dl_series=Boston Blackie&dl_title=Joe Delivers The Goods&dl_date=1947.02.25&dl_size=6.29 MB
Boston Blackie,https://radioechoes.com/?page=series&genre=OTR-Detective&series=Boston%20Blackie,Larry The Kid Vs Savinni,1947.03.04,https://radioechoes.com/?page=play_download&mode=play&dl_mp3folder=B&dl_file=boston_blackie_1947-03-04_larry_the_kid_vs_savinni.mp3&dl_series=Boston Blackie&dl_title=Larry The Kid Vs Savinni&dl_date=1947.03.04&dl_size=6.23 MB
Boston Blackie,https://radioechoes.com/?page=series&genre=OTR-Detective&series=Boston%20Blackie,10th Street Gym And The Stolen Car Ring,1947.03.11,https://radioechoes.com/?page=play_download&mode=play&dl_mp3folder=B&dl_file=boston_blackie_1947-03-11_10th_street_gym_and_the_stolen_car_ring.mp3&dl_series=Boston Blackie&dl_title=10th Street Gym And The Stolen Car Ring&dl_date=1947.03.11&dl_size=6.26 MB
Boston Blackie,https://radioechoes.com/?page=series&genre=OTR-Detective&series=Boston%20Blackie,Sam Fisher's Past,1947.03.18,https://radioechoes.com/?page=play_download&mode=play&dl_mp3folder=B&dl_file=boston_blackie_1947-03-18_sam_fishers_past.mp3&dl_series=Boston Blackie&dl_title=Sam Fisher's Past&dl_date=1947.03.18&dl_size=6.23 MB
Boston Blackie,https://radioechoes.com/?page=series&genre=OTR-Detective&series=Boston%20Blackie,The Horseroom Thefts,1947.03.25,https://radioechoes.com/?page=play_download&mode=play&dl_mp3folder=B&dl_file=boston_blackie_1947-03-25_the_horseroom_thefts.mp3&dl_series=Boston Blackie&dl_title=The Horseroom Thefts&dl_date=1947.03.25&dl_size=6.39 MB
Boston Blackie,https://radioechoes.com/?page=series&genre=OTR-Detective&series=Boston%20Blackie,Bus To Valley Junction,1947.04.01,https://radioechoes.com/?page=play_download&mode=play&dl_mp3folder=B&dl_file=boston_blackie_1947-04-01_bus_to_valley_junction.mp3&dl_series=Boston Blackie&dl_title=Bus To Valley Junction&dl_date=1947.04.01&dl_size=6.42 MB
Boston Blackie,https://radioechoes.com/?page=series&genre=OTR-Detective&series=Boston%20Blackie,Aggie Rogers Murder,1947.04.08,https://radioechoes.com/?page=play_download&mode=play&dl_mp3folder=B&dl_file=boston_blackie_1947-04-08_aggie_rogers_murder.mp3&dl_series=Boston Blackie&dl_title=Aggie Rogers Murder&dl_date=1947.04.08&dl_size=6.41 MB
Boston Blackie,https://radioechoes.com/?page=series&genre=OTR-Detective&series=Boston%20Blackie,The Phonograph Murders,1947.04.15,https://radioechoes.com/?page=play_download&mode=play&dl_mp3folder=B&dl_file=boston_blackie_1947-04-15_the_phonograph_murders.mp3&dl_series=Boston Blackie&dl_title=The Phonograph Murders&dl_date=1947.04.15&dl_size=5.57 MB
Boston Blackie,https://radioechoes.com/?page=series&genre=OTR-Detective&series=Boston%20Blackie,Millie Bromley Kidnapped,1947.04.22,https://radioechoes.com/?page=play_download&mode=play&dl_mp3folder=B&dl_file=boston_blackie_1947-04-22_millie_bromley_kidnapped.mp3&dl_series=Boston Blackie&dl_title=Millie Bromley Kidnapped&dl_date=1947.04.22&dl_size=6.33 MB
Boston Blackie,https://radioechoes.com/?page=series&genre=OTR-Detective&series=Boston%20Blackie,Baseball And Gambling,1947.04.29,https://radioechoes.com/?page=play_download&mode=play&dl_mp3folder=B&dl_file=boston_blackie_1947-04-29_baseball_and_gambling.mp3&dl_series=Boston Blackie&dl_title=Baseball And Gambling&dl_date=1947.04.29&dl_size=6.36 MB
Boston Blackie,https://radioechoes.com/?page=series&genre=OTR-Detective&series=Boston%20Blackie,Mrs. Peterson's Insurance,1947.05.07,https://radioechoes.com/?page=play_download&mode=play&dl_mp3folder=B&dl_file=boston_blackie_1947-05-07_mrs_petersons_insurance.mp3&dl_series=Boston Blackie&dl_title=Mrs. Peterson's Insurance&dl_date=1947.05.07&dl_size=6.09 MB
Boston Blackie,https://radioechoes.com/?page=series&genre=OTR-Detective&series=Boston%20Blackie,Joe Adams Drowned,1947.05.14,https://radioechoes.com/?page=play_download&mode=play&dl_mp3folder=B&dl_file=boston_blackie_1947-05-14_joe_adams_drowned.mp3&dl_series=Boston Blackie&dl_title=Joe Adams Drowned&dl_date=1947.05.14&dl_size=6.18 MB
Boston Blackie,https://radioechoes.com/?page=series&genre=OTR-Detective&series=Boston%20Blackie,Blackie Breaks Into Prison,1947.05.21,https://radioechoes.com/?page=play_download&mode=play&dl_mp3folder=B&dl_file=boston_blackie_1947-05-21_blackie_breaks_into_prison.mp3&dl_series=Boston Blackie&dl_title=Blackie Breaks Into Prison&dl_date=1947.05.21&dl_size=6.15 MB
Boston Blackie,https://radioechoes.com/?page=series&genre=OTR-Detective&series=Boston%20Blackie,Ghost Of Flo Newton,1947.05.28,https://radioechoes.com/?page=play_download&mode=play&dl_mp3folder=B&dl_file=boston_blackie_1947-05-28_ghost_of_flo_newton.mp3&dl_series=Boston Blackie&dl_title=Ghost Of Flo Newton&dl_date=1947.05.28&dl_size=6.45 MB
Boston Blackie,https://radioechoes.com/?page=series&genre=OTR-Detective&series=Boston%20Blackie,Man Following Eva,1947.06.04,https://radioechoes.com/?page=play_download&mode=play&dl_mp3folder=B&dl_file=boston_blackie_1947-06-04_man_following_eva.mp3&dl_series=Boston Blackie&dl_title=Man Following Eva&dl_date=1947.06.04&dl_size=6.03 MB
Boston Blackie,https://radioechoes.com/?page=series&genre=OTR-Detective&series=Boston%20Blackie,Fredrick's Gang,1947.06.11,https://radioechoes.com/?page=play_download&mode=play&dl_mp3folder=B&dl_file=boston_blackie_1947-06-11_fredricks_gang.mp3&dl_series=Boston Blackie&dl_title=Fredrick's Gang&dl_date=1947.06.11&dl_size=5.77 MB
Boston Blackie,https://radioechoes.com/?page=series&genre=OTR-Detective&series=Boston%20Blackie,Crooked Carter Brother,1947.06.18,https://radioechoes.com/?page=play_download&mode=play&dl_mp3folder=B&dl_file=boston_blackie_1947-06-18_crooked_carter_brother.mp3&dl_series=Boston Blackie&dl_title=Crooked Carter Brother&dl_date=1947.06.18&dl_size=6.35 MB
Boston Blackie,https://radioechoes.com/?page=series&genre=OTR-Detective&series=Boston%20Blackie,Joe Nelson's Pet Show,1947.06.25,https://radioechoes.com/?page=play_download&mode=play&dl_mp3folder=B&dl_file=boston_blackie_1947-06-25_joe_nelsons_pet_show.mp3&dl_series=Boston Blackie&dl_title=Joe Nelson's Pet Show&dl_date=1947.06.25&dl_size=5.53 MB
Boston Blackie,https://radioechoes.com/?page=series&genre=OTR-Detective&series=Boston%20Blackie,Johnny Burns Woolens,1947.07.02,https://radioechoes.com/?page=play_download&mode=play&dl_mp3folder=B&dl_file=boston_blackie_1947-07-02_johnny_burns_woolens.mp3&dl_series=Boston Blackie&dl_title=Johnny Burns Woolens&dl_date=1947.07.02&dl_size=6.05 MB
Boston Blackie,https://radioechoes.com/?page=series&genre=OTR-Detective&series=Boston%20Blackie,Death Comes To The Harmonica Man,1947.07.09,https://radioechoes.com/?page=play_download&mode=play&dl_mp3folder=B&dl_file=boston_blackie_1947-07-09_death_comes_to_the_harmonica_man.mp3&dl_series=Boston Blackie&dl_title=Death Comes To The Harmonica Man&dl_date=1947.07.09&dl_size=6.38 MB
Boston Blackie,https://radioechoes.com/?page=series&genre=OTR-Detective&series=Boston%20Blackie,Construction Gang,1947.07.16,https://radioechoes.com/?page=play_download&mode=play&dl_mp3folder=B&dl_file=boston_blackie_1947-07-16_construction_gang.mp3&dl_series=Boston Blackie&dl_title=Construction Gang&dl_date=1947.07.16&dl_size=6.28 MB
Boston Blackie,https://radioechoes.com/?page=series&genre=OTR-Detective&series=Boston%20Blackie,Blackie In Wax,1947.07.23,https://radioechoes.com/?page=play_download&mode=play&dl_mp3folder=B&dl_file=boston_blackie_1947-07-23_blackie_in_wax.mp3&dl_series=Boston Blackie&dl_title=Blackie In Wax&dl_date=1947.07.23&dl_size=6.06 MB
Boston Blackie,https://radioechoes.com/?page=series&genre=OTR-Detective&series=Boston%20Blackie,Poetry In My Soul,1947.07.30,https://radioechoes.com/?page=play_download&mode=play&dl_mp3folder=B&dl_file=boston_blackie_1947-07-30_poetry_in_my_soul.mp3&dl_series=Boston Blackie&dl_title=Poetry In My Soul&dl_date=1947.07.30&dl_size=5.85 MB
Boston Blackie,https://radioechoes.com/?page=series&genre=OTR-Detective&series=Boston%20Blackie,The Butcher Boy Gang,1947.08.06,https://radioechoes.com/?page=play_download&mode=play&dl_mp3folder=B&dl_file=boston_blackie_1947-08-06_the_butcher_boy_gang.mp3&dl_series=Boston Blackie&dl_title=The Butcher Boy Gang&dl_date=1947.08.06&dl_size=6.42 MB
Boston Blackie,https://radioechoes.com/?page=series&genre=OTR-Detective&series=Boston%20Blackie,All In The Family,1947.08.13,https://radioechoes.com/?page=play_download&mode=play&dl_mp3folder=B&dl_file=boston_blackie_1947-08-13_all_in_the_family.mp3&dl_series=Boston Blackie&dl_title=All In The Family&dl_date=1947.08.13&dl_size=6.27 MB
Boston Blackie,https://radioechoes.com/?page=series&genre=OTR-Detective&series=Boston%20Blackie,Murder Of John Austin,1947.08.20,https://radioechoes.com/?page=play_download&mode=play&dl_mp3folder=B&dl_file=boston_blackie_1947-08-20_murder_of_john_austin.mp3&dl_series=Boston Blackie&dl_title=Murder Of John Austin&dl_date=1947.08.20&dl_size=6.01 MB
Boston Blackie,https://radioechoes.com/?page=series&genre=OTR-Detective&series=Boston%20Blackie,Bump In The Road,1947.08.27,https://radioechoes.com/?page=play_download&mode=play&dl_mp3folder=B&dl_file=boston_blackie_1947-08-27_bump_in_the_road.mp3&dl_series=Boston Blackie&dl_title=Bump In The Road&dl_date=1947.08.27&dl_size=6.58 MB
Boston Blackie,https://radioechoes.com/?page=series&genre=OTR-Detective&series=Boston%20Blackie,Fifty Dollar Shoeshine,1947.09.03,https://radioechoes.com/?page=play_download&mode=play&dl_mp3folder=B&dl_file=boston_blackie_1947-09-03_fifty_dollar_shoeshine.mp3&dl_series=Boston Blackie&dl_title=Fifty Dollar Shoeshine&dl_date=1947.09.03&dl_size=6.03 MB
Boston Blackie,https://radioechoes.com/?page=series&genre=OTR-Detective&series=Boston%20Blackie,Lighthouse Ghost,1947.09.10,https://radioechoes.com/?page=play_download&mode=play&dl_mp3folder=B&dl_file=boston_blackie_1947-09-10_lighthouse_ghost.mp3&dl_series=Boston Blackie&dl_title=Lighthouse Ghost&dl_date=1947.09.10&dl_size=6.11 MB
Boston Blackie,https://radioechoes.com/?page=series&genre=OTR-Detective&series=Boston%20Blackie,The Exploding Car,1947.09.17,https://radioechoes.com/?page=play_download&mode=play&dl_mp3folder=B&dl_file=boston_blackie_1947-09-17_the_exploding_car.mp3&dl_series=Boston Blackie&dl_title=The Exploding Car&dl_date=1947.09.17&dl_size=5.96 MB
Boston Blackie,https://radioechoes.com/?page=series&genre=OTR-Detective&series=Boston%20Blackie,Old 86 Is Missing,1947.09.24,https://radioechoes.com/?page=play_download&mode=play&dl_mp3folder=B&dl_file=boston_blackie_1947-09-24_old_86_is_missing.mp3&dl_series=Boston Blackie&dl_title=Old 86 Is Missing&dl_date=1947.09.24&dl_size=5.93 MB
Boston Blackie,https://radioechoes.com/?page=series&genre=OTR-Detective&series=Boston%20Blackie,The Death Wish,1947.10.01,https://radioechoes.com/?page=play_download&mode=play&dl_mp3folder=B&dl_file=boston_blackie_1947-10-01_the_death_wish.mp3&dl_series=Boston Blackie&dl_title=The Death Wish&dl_date=1947.10.01&dl_size=6.09 MB
Boston Blackie,https://radioechoes.com/?page=series&genre=OTR-Detective&series=Boston%20Blackie,Dead Aunt Sarah,1947.10.08,https://radioechoes.com/?page=play_download&mode=play&dl_mp3folder=B&dl_file=boston_blackie_1947-10-08_dead_aunt_sarah.mp3&dl_series=Boston Blackie&dl_title=Dead Aunt Sarah&dl_date=1947.10.08&dl_size=5.61 MB
Boston Blackie,https://radioechoes.com/?page=series&genre=OTR-Detective&series=Boston%20Blackie,Hired Killer,1947.10.15,https://radioechoes.com/?page=play_download&mode=play&dl_mp3folder=B&dl_file=boston_blackie_1947-10-15_hired_killer.mp3&dl_series=Boston Blackie&dl_title=Hired Killer&dl_date=1947.10.15&dl_size=6.03 MB
Boston Blackie,https://radioechoes.com/?page=series&genre=OTR-Detective&series=Boston%20Blackie,The Mid Air Diamond Theft,1947.10.22,https://radioechoes.com/?page=play_download&mode=play&dl_mp3folder=B&dl_file=boston_blackie_1947-10-22_the_mid_air_diamond_theft.mp3&dl_series=Boston Blackie&dl_title=The Mid Air Diamond Theft&dl_date=1947.10.22&dl_size=5.89 MB
Boston Blackie,https://radioechoes.com/?page=series&genre=OTR-Detective&series=Boston%20Blackie,Framed By A Fin,1947.10.29,https://radioechoes.com/?page=play_download&mode=play&dl_mp3folder=B&dl_file=boston_blackie_1947-10-29_framed_by_a_fin.mp3&dl_series=Boston Blackie&dl_title=Framed By A Fin&dl_date=1947.10.29&dl_size=6.01 MB
Boston Blackie,https://radioechoes.com/?page=series&genre=OTR-Detective&series=Boston%20Blackie,The Old Show Clue,1947.11.05,https://radioechoes.com/?page=play_download&mode=play&dl_mp3folder=B&dl_file=boston_blackie_1947-11-05_the_old_show_clue.mp3&dl_series=Boston Blackie&dl_title=The Old Show Clue&dl_date=1947.11.05&dl_size=6.1 MB
Boston Blackie,https://radioechoes.com/?page=series&genre=OTR-Detective&series=Boston%20Blackie,Murder Incorporated,1947.11.12,https://radioechoes.com/?page=play_download&mode=play&dl_mp3folder=B&dl_file=boston_blackie_1947-11-12_murder_incorporated.mp3&dl_series=Boston Blackie&dl_title=Murder Incorporated&dl_date=1947.11.12&dl_size=5.97 MB
Boston Blackie,https://radioechoes.com/?page=series&genre=OTR-Detective&series=Boston%20Blackie,The Armored Car Murder Case,1947.11.19,https://radioechoes.com/?page=play_download&mode=play&dl_mp3folder=B&dl_file=boston_blackie_1947-11-19_the_armored_car_murder_case.mp3&dl_series=Boston Blackie&dl_title=The Armored Car Murder Case&dl_date=1947.11.19&dl_size=6.06 MB
Boston Blackie,https://radioechoes.com/?page=series&genre=OTR-Detective&series=Boston%20Blackie,The Murdock Gang,1947.11.26,https://radioechoes.com/?page=play_download&mode=play&dl_mp3folder=B&dl_file=boston_blackie_1947-11-26_the_murdock_gang.mp3&dl_series=Boston Blackie&dl_title=The Murdock Gang&dl_date=1947.11.26&dl_size=5.42 MB
Boston Blackie,https://radioechoes.com/?page=series&genre=OTR-Detective&series=Boston%20Blackie,Murder By The Book,1947.12.03,https://radioechoes.com/?page=play_download&mode=play&dl_mp3folder=B&dl_file=boston_blackie_1947-12-03_murder_by_the_book.mp3&dl_series=Boston Blackie&dl_title=Murder By The Book&dl_date=1947.12.03&dl_size=5.39 MB
Boston Blackie,https://radioechoes.com/?page=series&genre=OTR-Detective&series=Boston%20Blackie,Steal Or Be Killed,1947.12.17,https://radioechoes.com/?page=play_download&mode=play&dl_mp3folder=B&dl_file=boston_blackie_1947-12-17_steal_or_be_killed.mp3&dl_series=Boston Blackie&dl_title=Steal Or Be Killed&dl_date=1947.12.17&dl_size=5.93 MB
Boston Blackie,https://radioechoes.com/?page=series&genre=OTR-Detective&series=Boston%20Blackie,Henry Tyler Returns,1947.12.24,https://radioechoes.com/?page=play_download&mode=play&dl_mp3folder=B&dl_file=boston_blackie_1947-12-24_henry_tyler_returns.mp3&dl_series=Boston Blackie&dl_title=Henry Tyler Returns&dl_date=1947.12.24&dl_size=5.98 MB
Boston Blackie,https://radioechoes.com/?page=series&genre=OTR-Detective&series=Boston%20Blackie,The Door Buzzer,1947.12.31,https://radioechoes.com/?page=play_download&mode=play&dl_mp3folder=B&dl_file=boston_blackie_1947-12-31_the_door_buzzer.mp3&dl_series=Boston Blackie&dl_title=The Door Buzzer&dl_date=1947.12.31&dl_size=5.95 MB
Boston Blackie,https://radioechoes.com/?page=series&genre=OTR-Detective&series=Boston%20Blackie,Riding Stable,1948.01.07,https://radioechoes.com/?page=play_download&mode=play&dl_mp3folder=B&dl_file=boston_blackie_1948-01-07_riding_stable.mp3&dl_series=Boston Blackie&dl_title=Riding Stable&dl_date=1948.01.07&dl_size=6.08 MB
Boston Blackie,https://radioechoes.com/?page=series&genre=OTR-Detective&series=Boston%20Blackie,Invention Worth A Killing,1948.01.14,https://radioechoes.com/?page=play_download&mode=play&dl_mp3folder=B&dl_file=boston_blackie_1948-01-14_invention_worth_a_killing.mp3&dl_series=Boston Blackie&dl_title=Invention Worth A Killing&dl_date=1948.01.14&dl_size=5.23 MB
Boston Blackie,https://radioechoes.com/?page=series&genre=OTR-Detective&series=Boston%20Blackie,The Kid's Killer,1948.01.21,https://radioechoes.com/?page=play_download&mode=play&dl_mp3folder=B&dl_file=boston_blackie_1948-01-21_the_kids_killer.mp3&dl_series=Boston Blackie&dl_title=The Kid's Killer&dl_date=1948.01.21&dl_size=5.59 MB
Boston Blackie,https://radioechoes.com/?page=series&genre=OTR-Detective&series=Boston%20Blackie,The Record Collector,1948.01.28,https://radioechoes.com/?page=play_download&mode=play&dl_mp3folder=B&dl_file=boston_blackie_1948-01-28_the_record_collector.mp3&dl_series=Boston Blackie&dl_title=The Record Collector&dl_date=1948.01.28&dl_size=5.91 MB
Boston Blackie,https://radioechoes.com/?page=series&genre=OTR-Detective&series=Boston%20Blackie,Blackie Loves Helen,1948.02.04,https://radioechoes.com/?page=play_download&mode=play&dl_mp3folder=B&dl_file=boston_blackie_1948-02-04_blackie_loves_helen.mp3&dl_series=Boston Blackie&dl_title=Blackie Loves Helen&dl_date=1948.02.04&dl_size=5.89 MB
Boston Blackie,https://radioechoes.com/?page=series&genre=OTR-Detective&series=Boston%20Blackie,Wind Blows West,1948.02.11,https://radioechoes.com/?page=play_download&mode=play&dl_mp3folder=B&dl_file=boston_blackie_1948-02-11_wind_blows_west.mp3&dl_series=Boston Blackie&dl_title=Wind Blows West&dl_date=1948.02.11&dl_size=5.93 MB
Boston Blackie,https://radioechoes.com/?page=series&genre=OTR-Detective&series=Boston%20Blackie,Five Deadly Bullets,1948.02.18,https://radioechoes.com/?page=play_download&mode=play&dl_mp3folder=B&dl_file=boston_blackie_1948-02-18_five_deadly_bullets.mp3&dl_series=Boston Blackie&dl_title=Five Deadly Bullets&dl_date=1948.02.18&dl_size=5.88 MB
Boston Blackie,https://radioechoes.com/?page=series&genre=OTR-Detective&series=Boston%20Blackie,The Twin Murders,1948.02.25,https://radioechoes.com/?page=play_download&mode=play&dl_mp3folder=B&dl_file=boston_blackie_1948-02-25_the_twin_murders.mp3&dl_series=Boston Blackie&dl_title=The Twin Murders&dl_date=1948.02.25&dl_size=5.62 MB
Boston Blackie,https://radioechoes.com/?page=series&genre=OTR-Detective&series=Boston%20Blackie,Cobbs Trucking Company,1948.03.03,https://radioechoes.com/?page=play_download&mode=play&dl_mp3folder=B&dl_file=boston_blackie_1948-03-03_cobbs_trucking_company.mp3&dl_series=Boston Blackie&dl_title=Cobbs Trucking Company&dl_date=1948.03.03&dl_size=5.22 MB
Boston Blackie,https://radioechoes.com/?page=series&genre=OTR-Detective&series=Boston%20Blackie,Fifty Thousand Dollars For Blackie,1948.03.10,https://radioechoes.com/?page=play_download&mode=play&dl_mp3folder=B&dl_file=boston_blackie_1948-03-10_fifty_thousand_dollars_for_blackie.mp3&dl_series=Boston Blackie&dl_title=Fifty Thousand Dollars For Blackie&dl_date=1948.03.10&dl_size=5.34 MB
Boston Blackie,https://radioechoes.com/?page=series&genre=OTR-Detective&series=Boston%20Blackie,William Larson Extortion Case,1948.03.17,https://radioechoes.com/?page=play_download&mode=play&dl_mp3folder=B&dl_file=boston_blackie_1948-03-17_william_larson_extortion_case.mp3&dl_series=Boston Blackie&dl_title=William Larson Extortion Case&dl_date=1948.03.17&dl_size=5.37 MB
Boston Blackie,https://radioechoes.com/?page=series&genre=OTR-Detective&series=Boston%20Blackie,Tiny The Mountainous Wrestler,1948.03.24,https://radioechoes.com/?page=play_download&mode=play&dl_mp3folder=B&dl_file=boston_blackie_1948-03-24_tiny_the_mountainous_wrestler.mp3&dl_series=Boston Blackie&dl_title=Tiny The Mountainous Wrestler&dl_date=1948.03.24&dl_size=5.4 MB
Boston Blackie,https://radioechoes.com/?page=series&genre=OTR-Detective&series=Boston%20Blackie,Tom Walton Escaped Killer,1948.03.31,https://radioechoes.com/?page=play_download&mode=play&dl_mp3folder=B&dl_file=boston_blackie_1948-03-31_tom_walton_escaped_killer.mp3&dl_series=Boston Blackie&dl_title=Tom Walton Escaped Killer&dl_date=1948.03.31&dl_size=5.31 MB
Boston Blackie,https://radioechoes.com/?page=series&genre=OTR-Detective&series=Boston%20Blackie,Who Killed Clyde Winston?,1948.04.07,https://radioechoes.com/?page=play_download&mode=play&dl_mp3folder=B&dl_file=boston_blackie_1948-04-07_who_killed_clyde_winston.mp3&dl_series=Boston Blackie&dl_title=Who Killed Clyde Winston?&dl_date=1948.04.07&dl_size=5.39 MB
Boston Blackie,https://radioechoes.com/?page=series&genre=OTR-Detective&series=Boston%20Blackie,Rondo The Magician,1948.04.14,https://radioechoes.com/?page=play_download&mode=play&dl_mp3folder=B&dl_file=boston_blackie_1948-04-14_rondo_the_magician.mp3&dl_series=Boston Blackie&dl_title=Rondo The Magician&dl_date=1948.04.14&dl_size=5.56 MB
Boston Blackie,https://radioechoes.com/?page=series&genre=OTR-Detective&series=Boston%20Blackie,Auto Insurance Scam,1948.04.21,https://radioechoes.com/?page=play_download&mode=play&dl_mp3folder=B&dl_file=boston_blackie_1948-04-21_auto_insurance_scam.mp3&dl_series=Boston Blackie&dl_title=Auto Insurance Scam&dl_date=1948.04.21&dl_size=5.28 MB
Boston Blackie,https://radioechoes.com/?page=series&genre=OTR-Detective&series=Boston%20Blackie,A Bomb Kills Joe Engles,1948.04.28,https://radioechoes.com/?page=play_download&mode=play&dl_mp3folder=B&dl_file=boston_blackie_1948-04-28_a_bomb_kills_joe_engles.mp3&dl_series=Boston Blackie&dl_title=A Bomb Kills Joe Engles&dl_date=1948.04.28&dl_size=5.4 MB
Boston Blackie,https://radioechoes.com/?page=series&genre=OTR-Detective&series=Boston%20Blackie,Jackie Meers Prison Break,1948.05.05,https://radioechoes.com/?page=play_download&mode=play&dl_mp3folder=B&dl_file=boston_blackie_1948-05-05_jackie_meers_prison_break.mp3&dl_series=Boston Blackie&dl_title=Jackie Meers Prison Break&dl_date=1948.05.05&dl_size=5.22 MB
Boston Blackie,https://radioechoes.com/?page=series&genre=OTR-Detective&series=Boston%20Blackie,The Harry Walker Case,1948.06.23,https://radioechoes.com/?page=play_download&mode=play&dl_mp3folder=B&dl_file=boston_blackie_1948-06-23_the_harry_walker_case.mp3&dl_series=Boston Blackie&dl_title=The Harry Walker Case&dl_date=1948.06.23&dl_size=6.45 MB
Boston Blackie,https://radioechoes.com/?page=series&genre=OTR-Detective&series=Boston%20Blackie,Professor Beasley Case,1948.06.30,https://radioechoes.com/?page=play_download&mode=play&dl_mp3folder=B&dl_file=boston_blackie_1948-06-30_professor_beasley_case.mp3&dl_series=Boston Blackie&dl_title=Professor Beasley Case&dl_date=1948.06.30&dl_size=6.02 MB
Boston Blackie,https://radioechoes.com/?page=series&genre=OTR-Detective&series=Boston%20Blackie,The Kingston Diamond Robbery,1948.07.07,https://radioechoes.com/?page=play_download&mode=play&dl_mp3folder=B&dl_file=boston_blackie_1948-07-07_the_kingston_diamond_robbery.mp3&dl_series=Boston Blackie&dl_title=The Kingston Diamond Robbery&dl_date=1948.07.07&dl_size=5.37 MB
Boston Blackie,https://radioechoes.com/?page=series&genre=OTR-Detective&series=Boston%20Blackie,The John Cummings Case,1948.07.14,https://radioechoes.com/?page=play_download&mode=play&dl_mp3folder=B&dl_file=boston_blackie_1948-07-14_the_john_cummings_case.mp3&dl_series=Boston Blackie&dl_title=The John Cummings Case&dl_date=1948.07.14&dl_size=6.37 MB
Boston Blackie,https://radioechoes.com/?page=series&genre=OTR-Detective&series=Boston%20Blackie,The Sweepstakes Case,1948.07.21,https://radioechoes.com/?page=play_download&mode=play&dl_mp3folder=B&dl_file=boston_blackie_1948-07-21_the_sweepstakes_case.mp3&dl_series=Boston Blackie&dl_title=The Sweepstakes Case&dl_date=1948.07.21&dl_size=6.1 MB
Boston Blackie,https://radioechoes.com/?page=series&genre=OTR-Detective&series=Boston%20Blackie,Alistair Disappears,1948.07.28,https://radioechoes.com/?page=play_download&mode=play&dl_mp3folder=B&dl_file=boston_blackie_1948-07-28_alistair_disappears.mp3&dl_series=Boston Blackie&dl_title=Alistair Disappears&dl_date=1948.07.28&dl_size=6.5 MB
Boston Blackie,https://radioechoes.com/?page=series&genre=OTR-Detective&series=Boston%20Blackie,Who Killed Davis?,1948.08.04,https://radioechoes.com/?page=play_download&mode=play&dl_mp3folder=B&dl_file=boston_blackie_1948-08-04_who_killed_davis.mp3&dl_series=Boston Blackie&dl_title=Who Killed Davis?&dl_date=1948.08.04&dl_size=6.29 MB
Boston Blackie,https://radioechoes.com/?page=series&genre=OTR-Detective&series=Boston%20Blackie,Rogers To Be Executed,1948.08.11,https://radioechoes.com/?page=play_download&mode=play&dl_mp3folder=B&dl_file=boston_blackie_1948-08-11_rogers_to_be_executed.mp3&dl_series=Boston Blackie&dl_title=Rogers To Be Executed&dl_date=1948.08.11&dl_size=13.21 MB
Boston Blackie,https://radioechoes.com/?page=series&genre=OTR-Detective&series=Boston%20Blackie,Trilling Maid Murdered,1948.08.18,https://radioechoes.com/?page=play_download&mode=play&dl_mp3folder=B&dl_file=boston_blackie_1948-08-18_trilling_maid_murdered.mp3&dl_series=Boston Blackie&dl_title=Trilling Maid Murdered&dl_date=1948.08.18&dl_size=6.83 MB
Boston Blackie,https://radioechoes.com/?page=series&genre=OTR-Detective&series=Boston%20Blackie,Wife Poisoned Over Phone,1948.08.25,https://radioechoes.com/?page=play_download&mode=play&dl_mp3folder=B&dl_file=boston_blackie_1948-08-25_wife_poisoned_over_phone.mp3&dl_series=Boston Blackie&dl_title=Wife Poisoned Over Phone&dl_date=1948.08.25&dl_size=6.85 MB
Boston Blackie,https://radioechoes.com/?page=series&genre=OTR-Detective&series=Boston%20Blackie,Reynolds And The 10 Cent Mistake,1948.09.01,https://radioechoes.com/?page=play_download&mode=play&dl_mp3folder=B&dl_file=boston_blackie_1948-09-01_reynolds_and_the_10_cent_mistake.mp3&dl_series=Boston Blackie&dl_title=Reynolds And The 10 Cent Mistake&dl_date=1948.09.01&dl_size=5.29 MB
Boston Blackie,https://radioechoes.com/?page=series&genre=OTR-Detective&series=Boston%20Blackie,Kingston's Office Building,1948.09.08,https://radioechoes.com/?page=play_download&mode=play&dl_mp3folder=B&dl_file=boston_blackie_1948-09-08_kingstons_office_building.mp3&dl_series=Boston Blackie&dl_title=Kingston's Office Building&dl_date=1948.09.08&dl_size=5.64 MB
Boston Blackie,https://radioechoes.com/?page=series&genre=OTR-Detective&series=Boston%20Blackie,Golf Instructor Carl Grady,1948.09.29,https://radioechoes.com/?page=play_download&mode=play&dl_mp3folder=B&dl_file=boston_blackie_1948-09-29_golf_instructor_carl_grady.mp3&dl_series=Boston Blackie&dl_title=Golf Instructor Carl Grady&dl_date=1948.09.29&dl_size=6.09 MB
Boston Blackie,https://radioechoes.com/?page=series&genre=OTR-Detective&series=Boston%20Blackie,Joe Gatling's One Dollar Inheritance,1948.10.06,https://radioechoes.com/?page=play_download&mode=play&dl_mp3folder=B&dl_file=boston_blackie_1948-10-06_joe_gatlings_one_dollar_inheritance.mp3&dl_series=Boston Blackie&dl_title=Joe Gatling's One Dollar Inheritance&dl_date=1948.10.06&dl_size=6.11 MB
Boston Blackie,https://radioechoes.com/?page=series&genre=OTR-Detective&series=Boston%20Blackie,Title Unknown,1948.10.06,https://radioechoes.com/?page=play_download&mode=play&dl_mp3folder=B&dl_file=boston_blackie_1948-10-06_title_unknown.mp3&dl_series=Boston Blackie&dl_title=Title Unknown&dl_date=1948.10.06&dl_size=6.11 MB
Boston Blackie,https://radioechoes.com/?page=series&genre=OTR-Detective&series=Boston%20Blackie,Killer Lightning,1948.12.08,https://radioechoes.com/?page=play_download&mode=play&dl_mp3folder=B&dl_file=boston_blackie_1948-12-08_killer_lightning.mp3&dl_series=Boston Blackie&dl_title=Killer Lightning&dl_date=1948.12.08&dl_size=5.72 MB
Boston Blackie,https://radioechoes.com/?page=series&genre=OTR-Detective&series=Boston%20Blackie,Rings For Santa,1948.12.22,https://radioechoes.com/?page=play_download&mode=play&dl_mp3folder=B&dl_file=boston_blackie_1948-12-22_rings_for_santa.mp3&dl_series=Boston Blackie&dl_title=Rings For Santa&dl_date=1948.12.22&dl_size=6.38 MB
Boston Blackie,https://radioechoes.com/?page=series&genre=OTR-Detective&series=Boston%20Blackie,Mystery Of The Four Floors,1949.01.05,https://radioechoes.com/?page=play_download&mode=play&dl_mp3folder=B&dl_file=boston_blackie_1949-01-05_mystery_of_the_four_floors.mp3&dl_series=Boston Blackie&dl_title=Mystery Of The Four Floors&dl_date=1949.01.05&dl_size=5.7 MB
Boston Blackie,https://radioechoes.com/?page=series&genre=OTR-Detective&series=Boston%20Blackie,Broken Clock Murder,1949.01.12,https://radioechoes.com/?page=play_download&mode=play&dl_mp3folder=B&dl_file=boston_blackie_1949-01-12_broken_clock_murder.mp3&dl_series=Boston Blackie&dl_title=Broken Clock Murder&dl_date=1949.01.12&dl_size=5.94 MB
Boston Blackie,https://radioechoes.com/?page=series&genre=OTR-Detective&series=Boston%20Blackie,A Boat The Viking Is On,1949.01.19,https://radioechoes.com/?page=play_download&mode=play&dl_mp3folder=B&dl_file=boston_blackie_1949-01-19_a_boat_the_viking_is_on.mp3&dl_series=Boston Blackie&dl_title=A Boat The Viking Is On&dl_date=1949.01.19&dl_size=5.89 MB
Boston Blackie,https://radioechoes.com/?page=series&genre=OTR-Detective&series=Boston%20Blackie,John Frawley While In Africa,1949.01.26,https://radioechoes.com/?page=play_download&mode=play&dl_mp3folder=B&dl_file=boston_blackie_1949-01-26_john_frawley_while_in_africa.mp3&dl_series=Boston Blackie&dl_title=John Frawley While In Africa&dl_date=1949.01.26&dl_size=5.96 MB
Boston Blackie,https://radioechoes.com/?page=series&genre=OTR-Detective&series=Boston%20Blackie,Marys Cousin's Song,1949.02.02,https://radioechoes.com/?page=play_download&mode=play&dl_mp3folder=B&dl_file=boston_blackie_1949-02-02_marys_cousins_song.mp3&dl_series=Boston Blackie&dl_title=Marys Cousin's Song&dl_date=1949.02.02&dl_size=6.71 MB
Boston Blackie,https://radioechoes.com/?page=series&genre=OTR-Detective&series=Boston%20Blackie,Fifty Thousand Dollars In Bonds,1949.02.09,https://radioechoes.com/?page=play_download&mode=play&dl_mp3folder=B&dl_file=boston_blackie_1949-02-09_fifty_thousand_dollars_in_bonds.mp3&dl_series=Boston Blackie&dl_title=Fifty Thousand Dollars In Bonds&dl_date=1949.02.09&dl_size=6.91 MB
Boston Blackie,https://radioechoes.com/?page=series&genre=OTR-Detective&series=Boston%20Blackie,Palmers Dock Racket,1949.02.16,https://radioechoes.com/?page=play_download&mode=play&dl_mp3folder=B&dl_file=boston_blackie_1949-02-16_palmers_dock_racket.mp3&dl_series=Boston Blackie&dl_title=Palmers Dock Racket&dl_date=1949.02.16&dl_size=6.89 MB
Boston Blackie,https://radioechoes.com/?page=series&genre=OTR-Detective&series=Boston%20Blackie,Archie Grant's Club,1949.02.23,https://radioechoes.com/?page=play_download&mode=play&dl_mp3folder=B&dl_file=boston_blackie_1949-02-23_archie_grants_club.mp3&dl_series=Boston Blackie&dl_title=Archie Grant's Club&dl_date=1949.02.23&dl_size=13.75 MB
Boston Blackie,https://radioechoes.com/?page=series&genre=OTR-Detective&series=Boston%20Blackie,Fake Accident Racket,1949.03.02,https://radioechoes.com/?page=play_download&mode=play&dl_mp3folder=B&dl_file=boston_blackie_1949-03-02_fake_accident_racket.mp3&dl_series=Boston Blackie&dl_title=Fake Accident Racket&dl_date=1949.03.02&dl_size=13.98 MB
Boston Blackie,https://radioechoes.com/?page=series&genre=OTR-Detective&series=Boston%20Blackie,Dolly Preston Calls For Help,1949.03.09,https://radioechoes.com/?page=play_download&mode=play&dl_mp3folder=B&dl_file=boston_blackie_1949-03-09_dolly_preston_calls_for_help.mp3&dl_series=Boston Blackie&dl_title=Dolly Preston Calls For Help&dl_date=1949.03.09&dl_size=6.01 MB
Boston Blackie,https://radioechoes.com/?page=series&genre=OTR-Detective&series=Boston%20Blackie,Kidnapped Murderer,1949.03.16,https://radioechoes.com/?page=play_download&mode=play&dl_mp3folder=B&dl_file=boston_blackie_1949-03-16_kidnapped_murderer.mp3&dl_series=Boston Blackie&dl_title=Kidnapped Murderer&dl_date=1949.03.16&dl_size=6.8 MB
Boston Blackie,https://radioechoes.com/?page=series&genre=OTR-Detective&series=Boston%20Blackie,A Man Stabbed On A Bus,1949.03.23,https://radioechoes.com/?page=play_download&mode=play&dl_mp3folder=B&dl_file=boston_blackie_1949-03-23_a_man_stabbed_on_a_bus.mp3&dl_series=Boston Blackie&dl_title=A Man Stabbed On A Bus&dl_date=1949.03.23&dl_size=6.49 MB
Boston Blackie,https://radioechoes.com/?page=series&genre=OTR-Detective&series=Boston%20Blackie,Amadon Pearls,1949.03.30,https://radioechoes.com/?page=play_download&mode=play&dl_mp3folder=B&dl_file=boston_blackie_1949-03-30_amadon_pearls.mp3&dl_series=Boston Blackie&dl_title=Amadon Pearls&dl_date=1949.03.30&dl_size=13.6 MB
Boston Blackie,https://radioechoes.com/?page=series&genre=OTR-Detective&series=Boston%20Blackie,Duke Murders Jo Jo,1949.04.06,https://radioechoes.com/?page=play_download&mode=play&dl_mp3folder=B&dl_file=boston_blackie_1949-04-06_duke_murders_jo_jo.mp3&dl_series=Boston Blackie&dl_title=Duke Murders Jo Jo&dl_date=1949.04.06&dl_size=6.54 MB
Boston Blackie,https://radioechoes.com/?page=series&genre=OTR-Detective&series=Boston%20Blackie,Second Hand Watch,1949.04.13,https://radioechoes.com/?page=play_download&mode=play&dl_mp3folder=B&dl_file=boston_blackie_1949-04-13_second_hand_watch.mp3&dl_series=Boston Blackie&dl_title=Second Hand Watch&dl_date=1949.04.13&dl_size=11.46 MB
Boston Blackie,https://radioechoes.com/?page=series&genre=OTR-Detective&series=Boston%20Blackie,Madame Zina,1949.04.20,https://radioechoes.com/?page=play_download&mode=play&dl_mp3folder=B&dl_file=boston_blackie_1949-04-20_madame_zina.mp3&dl_series=Boston Blackie&dl_title=Madame Zina&dl_date=1949.04.20&dl_size=13.72 MB
Boston Blackie,https://radioechoes.com/?page=series&genre=OTR-Detective&series=Boston%20Blackie,Dynamite Thomson Murdered,1949.04.27,https://radioechoes.com/?page=play_download&mode=play&dl_mp3folder=B&dl_file=boston_blackie_1949-04-27_dynamite_thomson_murdered.mp3&dl_series=Boston Blackie&dl_title=Dynamite Thomson Murdered&dl_date=1949.04.27&dl_size=6.29 MB
Boston Blackie,https://radioechoes.com/?page=series&genre=OTR-Detective&series=Boston%20Blackie,Joe Gates Murdered,1949.05.04,https://radioechoes.com/?page=play_download&mode=play&dl_mp3folder=B&dl_file=boston_blackie_1949-05-04_joe_gates_murdered.mp3&dl_series=Boston Blackie&dl_title=Joe Gates Murdered&dl_date=1949.05.04&dl_size=6.49 MB
Boston Blackie,https://radioechoes.com/?page=series&genre=OTR-Detective&series=Boston%20Blackie,Information On Senator,1949.05.11,https://radioechoes.com/?page=play_download&mode=play&dl_mp3folder=B&dl_file=boston_blackie_1949-05-11_information_on_senator.mp3&dl_series=Boston Blackie&dl_title=Information On Senator&dl_date=1949.05.11&dl_size=6.75 MB
Boston Blackie,https://radioechoes.com/?page=series&genre=OTR-Detective&series=Boston%20Blackie,Imperial Oil Company Racket,1949.05.18,https://radioechoes.com/?page=play_download&mode=play&dl_mp3folder=B&dl_file=boston_blackie_1949-05-18_imperial_oil_company_racket.mp3&dl_series=Boston Blackie&dl_title=Imperial Oil Company Racket&dl_date=1949.05.18&dl_size=13.62 MB
Boston Blackie,https://radioechoes.com/?page=series&genre=OTR-Detective&series=Boston%20Blackie,Canyon Dude Ranch,1949.05.25,https://radioechoes.com/?page=play_download&mode=play&dl_mp3folder=B&dl_file=boston_blackie_1949-05-25_canyon_dude_ranch.mp3&dl_series=Boston Blackie&dl_title=Canyon Dude Ranch&dl_date=1949.05.25&dl_size=6.85 MB
Boston Blackie,https://radioechoes.com/?page=series&genre=OTR-Detective&series=Boston%20Blackie,Pudgy And The Stolen Tire Racket,1949.06.01,https://radioechoes.com/?page=play_download&mode=play&dl_mp3folder=B&dl_file=boston_blackie_1949-06-01_pudgy_and_the_stolen_tire_racket.mp3&dl_series=Boston Blackie&dl_title=Pudgy And The Stolen Tire Racket&dl_date=1949.06.01&dl_size=6.69 MB
Boston Blackie,https://radioechoes.com/?page=series&genre=OTR-Detective&series=Boston%20Blackie,Ma Vie Perfume,1949.06.08,https://radioechoes.com/?page=play_download&mode=play&dl_mp3folder=B&dl_file=boston_blackie_1949-06-08_ma_vie_perfume.mp3&dl_series=Boston Blackie&dl_title=Ma Vie Perfume&dl_date=1949.06.08&dl_size=6.73 MB
Boston Blackie,https://radioechoes.com/?page=series&genre=OTR-Detective&series=Boston%20Blackie,Professor And Rufus Rob The Bank,1949.06.15,https://radioechoes.com/?page=play_download&mode=play&dl_mp3folder=B&dl_file=boston_blackie_1949-06-15_professor_and_rufus_rob_the_bank.mp3&dl_series=Boston Blackie&dl_title=Professor And Rufus Rob The Bank&dl_date=1949.06.15&dl_size=5.99 MB
Boston Blackie,https://radioechoes.com/?page=series&genre=OTR-Detective&series=Boston%20Blackie,Santa And The Stolen Rings,1949.07.25,https://radioechoes.com/?page=play_download&mode=play&dl_mp3folder=B&dl_file=boston_blackie_1949-07-25_santa_and_the_stolen_rings.mp3&dl_series=Boston Blackie&dl_title=Santa And The Stolen Rings&dl_date=1949.07.25&dl_size=5.59 MB
Boston Blackie,https://radioechoes.com/?page=series&genre=OTR-Detective&series=Boston%20Blackie,Golf Instructor Carl Grady,194x.xx.xx,https://radioechoes.com/?page=play_download&mode=play&dl_mp3folder=B&dl_file=boston_blackie_194x-xx-xx_golf_instructor_carl_grady.mp3&dl_series=Boston Blackie&dl_title=Golf Instructor Carl Grady&dl_date=194x.xx.xx&dl_size=6.08 MB
Boston Blackie,https://radioechoes.com/?page=series&genre=OTR-Detective&series=Boston%20Blackie,Society Charity Bizarre Racket,194x.xx.xx,https://radioechoes.com/?page=play_download&mode=play&dl_mp3folder=B&dl_file=boston_blackie_194x-xx-xx_society_charity_bizarre_racket.mp3&dl_series=Boston Blackie&dl_title=Society Charity Bizarre Racket&dl_date=194x.xx.xx&dl_size=5.95 MB
Dimension X,https://radioechoes.com/?page=series&genre=OTR-Sci-Fi&series=Dimension%20X,The Outer Limit,1950.04.08,https://radioechoes.com/?page=play_download&mode=play&dl_mp3folder=D&dl_file=dimension_x_1950-04-08_the_outer_limit.mp3&dl_series=Dimension X&dl_title=The Outer Limit&dl_date=1950.04.08&dl_size=6.42 MB
Dimension X,https://radioechoes.com/?page=series&genre=OTR-Sci-Fi&series=Dimension%20X,With Folded Hands,1950.04.15,https://radioechoes.com/?page=play_download&mode=play&dl_mp3folder=D&dl_file=dimension_x_1950-04-15_with_folded_hands.mp3&dl_series=Dimension X&dl_title=With Folded Hands&dl_date=1950.04.15&dl_size=6.77 MB
Dimension X,https://radioechoes.com/?page=series&genre=OTR-Sci-Fi&series=Dimension%20X,Report On The Barnhouse Effect,1950.04.22,https://radioechoes.com/?page=play_download&mode=play&dl_mp3folder=D&dl_file=dimension_x_1950-04-22_report_on_the_barnhouse_effect.mp3&dl_series=Dimension X&dl_title=Report On The Barnhouse Effect&dl_date=1950.04.22&dl_size=6.35 MB
Dimension X,https://radioechoes.com/?page=series&genre=OTR-Sci-Fi&series=Dimension%20X,No Contact,1950.04.29,https://radioechoes.com/?page=play_download&mode=play&dl_mp3folder=D&dl_file=dimension_x_1950-04-29_no_contact.mp3&dl_series=Dimension X&dl_title=No Contact&dl_date=1950.04.29&dl_size=5.61 MB
Dimension X,https://radioechoes.com/?page=series&genre=OTR-Sci-Fi&series=Dimension%20X,The Knock,1950.05.06,https://radioechoes.com/?page=play_download&mode=play&dl_mp3folder=D&dl_file=dimension_x_1950-05-06_the_knock.mp3&dl_series=Dimension X&dl_title=The Knock&dl_date=1950.05.06&dl_size=6.84 MB
Dimension X,https://radioechoes.com/?page=series&genre=OTR-Sci-Fi&series=Dimension%20X,Almost Human,1950.05.13,https://radioechoes.com/?page=play_download&mode=play&dl_mp3folder=D&dl_file=dimension_x_1950-05-13_almost_human.mp3&dl_series=Dimension X&dl_title=Almost Human&dl_date=1950.05.13&dl_size=7.47 MB
Dimension X,https://radioechoes.com/?page=series&genre=OTR-Sci-Fi&series=Dimension%20X,Lost Race,1950.05.20,https://radioechoes.com/?page=play_download&mode=play&dl_mp3folder=D&dl_file=dimension_x_1950-05-20_lost_race.mp3&dl_series=Dimension X&dl_title=Lost Race&dl_date=1950.05.20&dl_size=6.61 MB
Dimension X,https://radioechoes.com/?page=series&genre=OTR-Sci-Fi&series=Dimension%20X,To The Future,1950.05.27,https://radioechoes.com/?page=play_download&mode=play&dl_mp3folder=D&dl_file=dimension_x_1950-05-27_to_the_future.mp3&dl_series=Dimension X&dl_title=To The Future&dl_date=1950.05.27&dl_size=8.23 MB
Dimension X,https://radioechoes.com/?page=series&genre=OTR-Sci-Fi&series=Dimension%20X,The Embassy,1950.06.03,https://radioechoes.com/?page=play_download&mode=play&dl_mp3folder=D&dl_file=dimension_x_1950-06-03_the_embassy.mp3&dl_series=Dimension X&dl_title=The Embassy&dl_date=1950.06.03&dl_size=6.74 MB
Dimension X,https://radioechoes.com/?page=series&genre=OTR-Sci-Fi&series=Dimension%20X,The Green Hills Of Earth,1950.06.10,https://radioechoes.com/?page=play_download&mode=play&dl_mp3folder=D&dl_file=dimension_x_1950-06-10_the_green_hills_of_earth.mp3&dl_series=Dimension X&dl_title=The Green Hills Of Earth&dl_date=1950.06.10&dl_size=5.94 MB
Dimension X,https://radioechoes.com/?page=series&genre=OTR-Sci-Fi&series=Dimension%20X,There Will Come Soft Rains And Zero Hour,1950.06.17,https://radioechoes.com/?page=play_download&mode=play&dl_mp3folder=D&dl_file=dimension_x_1950-06-17_there_will_come_soft_rains_and_zero_hour.mp3&dl_series=Dimension X&dl_title=There Will Come Soft Rains And Zero Hour&dl_date=1950.06.17&dl_size=8.25 MB
Dimension X,https://radioechoes.com/?page=series&genre=OTR-Sci-Fi&series=Dimension%20X,Destination Moon,1950.06.24,https://radioechoes.com/?page=play_download&mode=play&dl_mp3folder=D&dl_file=dimension_x_1950-06-24_destination_moon.mp3&dl_series=Dimension X&dl_title=Destination Moon&dl_date=1950.06.24&dl_size=7.94 MB
Dimension X,https://radioechoes.com/?page=series&genre=OTR-Sci-Fi&series=Dimension%20X,A Logic Named Joe,1950.07.01,https://radioechoes.com/?page=play_download&mode=play&dl_mp3folder=D&dl_file=dimension_x_1950-07-01_a_logic_named_joe.mp3&dl_series=Dimension X&dl_title=A Logic Named Joe&dl_date=1950.07.01&dl_size=6.1 MB
Dimension X,https://radioechoes.com/?page=series&genre=OTR-Sci-Fi&series=Dimension%20X,Mars Is Heaven,1950.07.07,https://radioechoes.com/?page=play_download&mode=play&dl_mp3folder=D&dl_file=dimension_x_1950-07-07_mars_is_heaven.mp3&dl_series=Dimension X&dl_title=Mars Is Heaven&dl_date=1950.07.07&dl_size=6.72 MB
Dimension X,https://radioechoes.com/?page=series&genre=OTR-Sci-Fi&series=Dimension%20X,The Man In The Moon,1950.07.14,https://radioechoes.com/?page=play_download&mode=play&dl_mp3folder=D&dl_file=dimension_x_1950-07-14_the_man_in_the_moon.mp3&dl_series=Dimension X&dl_title=The Man In The Moon&dl_date=1950.07.14&dl_size=7.63 MB
Dimension X,https://radioechoes.com/?page=series&genre=OTR-Sci-Fi&series=Dimension%20X,Beyond Infinity,1950.07.21,https://radioechoes.com/?page=play_download&mode=play&dl_mp3folder=D&dl_file=dimension_x_1950-07-21_beyond_infinity.mp3&dl_series=Dimension X&dl_title=Beyond Infinity&dl_date=1950.07.21&dl_size=6.79 MB
Dimension X,https://radioechoes.com/?page=series&genre=OTR-Sci-Fi&series=Dimension%20X,The Potters Of Frisk,1950.07.28,https://radioechoes.com/?page=play_download&mode=play&dl_mp3folder=D&dl_file=dimension_x_1950-07-28_the_potters_of_frisk.mp3&dl_series=Dimension X&dl_title=The Potters Of Frisk&dl_date=1950.07.28&dl_size=5.76 MB
Dimension X,https://radioechoes.com/?page=series&genre=OTR-Sci-Fi&series=Dimension%20X,Perigi's Wonderful Dolls,1950.08.04,https://radioechoes.com/?page=play_download&mode=play&dl_mp3folder=D&dl_file=dimension_x_1950-08-04_perigis_wonderful_dolls.mp3&dl_series=Dimension X&dl_title=Perigi's Wonderful Dolls&dl_date=1950.08.04&dl_size=8.2 MB
Dimension X,https://radioechoes.com/?page=series&genre=OTR-Sci-Fi&series=Dimension%20X,The Castaways,1950.08.11,https://radioechoes.com/?page=play_download&mode=play&dl_mp3folder=D&dl_file=dimension_x_1950-08-11_the_castaways.mp3&dl_series=Dimension X&dl_title=The Castaways&dl_date=1950.08.11&dl_size=7.51 MB
Dimension X,https://radioechoes.com/?page=series&genre=OTR-Sci-Fi&series=Dimension%20X,The Martian Chronicles,1950.08.18,https://radioechoes.com/?page=play_download&mode=play&dl_mp3folder=D&dl_file=dimension_x_1950-08-18_the_martian_chronicles.mp3&dl_series=Dimension X&dl_title=The Martian Chronicles&dl_date=1950.08.18&dl_size=5.64 MB
Dimension X,https://radioechoes.com/?page=series&genre=OTR-Sci-Fi&series=Dimension%20X,The Parade,1950.08.25,https://radioechoes.com/?page=play_download&mode=play&dl_mp3folder=D&dl_file=dimension_x_1950-08-25_the_parade.mp3&dl_series=Dimension X&dl_title=The Parade&dl_date=1950.08.25&dl_size=7.01 MB
Dimension X,https://radioechoes.com/?page=series&genre=OTR-Sci-Fi&series=Dimension%20X,The Roads Must Roll,1950.09.01,https://radioechoes.com/?page=play_download&mode=play&dl_mp3folder=D&dl_file=dimension_x_1950-09-01_the_roads_must_roll.mp3&dl_series=Dimension X&dl_title=The Roads Must Roll&dl_date=1950.09.01&dl_size=8.47 MB
Dimension X,https://radioechoes.com/?page=series&genre=OTR-Sci-Fi&series=Dimension%20X,The Outer Limit,1950.09.08,https://radioechoes.com/?page=play_download&mode=play&dl_mp3folder=D&dl_file=dimension_x_1950-09-08_the_outer_limit.mp3&dl_series=Dimension X&dl_title=The Outer Limit&dl_date=1950.09.08&dl_size=6.42 MB
Dimension X,https://radioechoes.com/?page=series&genre=OTR-Sci-Fi&series=Dimension%20X,Hello Tomorrow,1950.09.15,https://radioechoes.com/?page=play_download&mode=play&dl_mp3folder=D&dl_file=dimension_x_1950-09-15_hello_tomorrow.mp3&dl_series=Dimension X&dl_title=Hello Tomorrow&dl_date=1950.09.15&dl_size=6.42 MB
Dimension X,https://radioechoes.com/?page=series&genre=OTR-Sci-Fi&series=Dimension%20X,Dr. Grimshaw's Sanitarium,1950.09.22,https://radioechoes.com/?page=play_download&mode=play&dl_mp3folder=D&dl_file=dimension_x_1950-09-22_dr-_grimshaws_sanitarium.mp3&dl_series=Dimension X&dl_title=Dr. Grimshaw's Sanitarium&dl_date=1950.09.22&dl_size=8.21 MB
Dimension X,https://radioechoes.com/?page=series&genre=OTR-Sci-Fi&series=Dimension%20X,And The Moon Be Still As Bright,1950.09.29,https://radioechoes.com/?page=play_download&mode=play&dl_mp3folder=D&dl_file=dimension_x_1950-09-29_and_the_moon_be_still_as_bright.mp3&dl_series=Dimension X&dl_title=And The Moon Be Still As Bright&dl_date=1950.09.29&dl_size=6.69 MB
Dimension X,https://radioechoes.com/?page=series&genre=OTR-Sci-Fi&series=Dimension%20X,No Contact,1950.10.28,https://radioechoes.com/?page=play_download&mode=play&dl_mp3folder=D&dl_file=dimension_x_1950-10-28_no_contact.mp3&dl_series=Dimension X&dl_title=No Contact&dl_date=1950.10.28&dl_size=6.57 MB
Dimension X,https://radioechoes.com/?page=series&genre=OTR-Sci-Fi&series=Dimension%20X,The Professor Was A Thief,1950.11.05,https://radioechoes.com/?page=play_download&mode=play&dl_mp3folder=D&dl_file=dimension_x_1950-11-05_the_professor_was_a_thief.mp3&dl_series=Dimension X&dl_title=The Professor Was A Thief&dl_date=1950.11.05&dl_size=6.67 MB
Dimension X,https://radioechoes.com/?page=series&genre=OTR-Sci-Fi&series=Dimension%20X,Shanghaied,1950.11.12,https://radioechoes.com/?page=play_download&mode=play&dl_mp3folder=D&dl_file=dimension_x_1950-11-12_shanghaied.mp3&dl_series=Dimension X&dl_title=Shanghaied&dl_date=1950.11.12&dl_size=6.6 MB
Dimension X,https://radioechoes.com/?page=series&genre=OTR-Sci-Fi&series=Dimension%20X,Competition,1950.11.19,https://radioechoes.com/?page=play_download&mode=play&dl_mp3folder=D&dl_file=dimension_x_1950-11-19_competition.mp3&dl_series=Dimension X&dl_title=Competition&dl_date=1950.11.19&dl_size=6.12 MB
Dimension X,https://radioechoes.com/?page=series&genre=OTR-Sci-Fi&series=Dimension%20X,Universe,1950.11.26,https://radioechoes.com/?page=play_download&mode=play&dl_mp3folder=D&dl_file=dimension_x_1950-11-26_universe.mp3&dl_series=Dimension X&dl_title=Universe&dl_date=1950.11.26&dl_size=6.63 MB
Dimension X,https://radioechoes.com/?page=series&genre=OTR-Sci-Fi&series=Dimension%20X,The Green Hills Of Earth,1950.12.24,https://radioechoes.com/?page=play_download&mode=play&dl_mp3folder=D&dl_file=dimension_x_1950-12-24_the_green_hills_of_earth.mp3&dl_series=Dimension X&dl_title=The Green Hills Of Earth&dl_date=1950.12.24&dl_size=5.74 MB
Dimension X,https://radioechoes.com/?page=series&genre=OTR-Sci-Fi&series=Dimension%20X,Mars Is Heaven,1951.01.07,https://radioechoes.com/?page=play_download&mode=play&dl_mp3folder=D&dl_file=dimension_x_1951-01-07_mars_is_heaven.mp3&dl_series=Dimension X&dl_title=Mars Is Heaven&dl_date=1951.01.07&dl_size=6.39 MB
Dimension X,https://radioechoes.com/?page=series&genre=OTR-Sci-Fi&series=Dimension%20X,Martian Death March,1951.01.14,https://radioechoes.com/?page=play_download&mode=play&dl_mp3folder=D&dl_file=dimension_x_1951-01-14_martian_death_march.mp3&dl_series=Dimension X&dl_title=Martian Death March&dl_date=1951.01.14&dl_size=5.22 MB
Dimension X,https://radioechoes.com/?page=series&genre=OTR-Sci-Fi&series=Dimension%20X,The Last Objective,1951.06.03,https://radioechoes.com/?page=play_download&mode=play&dl_mp3folder=D&dl_file=dimension_x_1951-06-03_the_last_objective.mp3&dl_series=Dimension X&dl_title=The Last Objective&dl_date=1951.06.03&dl_size=6.8 MB
Dimension X,https://radioechoes.com/?page=series&genre=OTR-Sci-Fi&series=Dimension%20X,Nightmare,1951.06.10,https://radioechoes.com/?page=play_download&mode=play&dl_mp3folder=D&dl_file=dimension_x_1951-06-10_nightmare.mp3&dl_series=Dimension X&dl_title=Nightmare&dl_date=1951.06.10&dl_size=5.39 MB
Dimension X,https://radioechoes.com/?page=series&genre=OTR-Sci-Fi&series=Dimension%20X,Pebble In The Sky,1951.06.17,https://radioechoes.com/?page=play_download&mode=play&dl_mp3folder=D&dl_file=dimension_x_1951-06-17_pebble_in_the_sky.mp3&dl_series=Dimension X&dl_title=Pebble In The Sky&dl_date=1951.06.17&dl_size=5.54 MB
Dimension X,https://radioechoes.com/?page=series&genre=OTR-Sci-Fi&series=Dimension%20X,Child's Play,1951.06.24,https://radioechoes.com/?page=play_download&mode=play&dl_mp3folder=D&dl_file=dimension_x_1951-06-24_childs_play.mp3&dl_series=Dimension X&dl_title=Child's Play&dl_date=1951.06.24&dl_size=6.48 MB
Dimension X,https://radioechoes.com/?page=series&genre=OTR-Sci-Fi&series=Dimension%20X,Time And Time Again,1951.07.12,https://radioechoes.com/?page=play_download&mode=play&dl_mp3folder=D&dl_file=dimension_x_1951-07-12_time_and_time_again.mp3&dl_series=Dimension X&dl_title=Time And Time Again&dl_date=1951.07.12&dl_size=5.24 MB
Dimension X,https://radioechoes.com/?page=series&genre=OTR-Sci-Fi&series=Dimension%20X,The Dwellers In Silence,1951.07.19,https://radioechoes.com/?page=play_download&mode=play&dl_mp3folder=D&dl_file=dimension_x_1951-07-19_the_dwellers_in_silence.mp3&dl_series=Dimension X&dl_title=The Dwellers In Silence&dl_date=1951.07.19&dl_size=6.68 MB
Dimension X,https://radioechoes.com/?page=series&genre=OTR-Sci-Fi&series=Dimension%20X,Courtesy,1951.07.26,https://radioechoes.com/?page=play_download&mode=play&dl_mp3folder=D&dl_file=dimension_x_1951-07-26_courtesy.mp3&dl_series=Dimension X&dl_title=Courtesy&dl_date=1951.07.26&dl_size=6.9 MB
Dimension X,https://radioechoes.com/?page=series&genre=OTR-Sci-Fi&series=Dimension%20X,Universe,1951.08.02,https://radioechoes.com/?page=play_download&mode=play&dl_mp3folder=D&dl_file=dimension_x_1951-08-02_universe.mp3&dl_series=Dimension X&dl_title=Universe&dl_date=1951.08.02&dl_size=6.43 MB
Dimension X,https://radioechoes.com/?page=series&genre=OTR-Sci-Fi&series=Dimension%20X,The Veldt,1951.08.09,https://radioechoes.com/?page=play_download&mode=play&dl_mp3folder=D&dl_file=dimension_x_1951-08-09_the_veldt.mp3&dl_series=Dimension X&dl_title=The Veldt&dl_date=1951.08.09&dl_size=6.64 MB
Dimension X,https://radioechoes.com/?page=series&genre=OTR-Sci-Fi&series=Dimension%20X,Vital Factor,1951.08.16,https://radioechoes.com/?page=play_download&mode=play&dl_mp3folder=D&dl_file=dimension_x_1951-08-16_vital_factor.mp3&dl_series=Dimension X&dl_title=Vital Factor&dl_date=1951.08.16&dl_size=6.66 MB
Dimension X,https://radioechoes.com/?page=series&genre=OTR-Sci-Fi&series=Dimension%20X,Untitled Story,1951.08.23,https://radioechoes.com/?page=play_download&mode=play&dl_mp3folder=D&dl_file=dimension_x_1951-08-23_untitled_story.mp3&dl_series=Dimension X&dl_title=Untitled Story&dl_date=1951.08.23&dl_size=7.26 MB
Dimension X,https://radioechoes.com/?page=series&genre=OTR-Sci-Fi&series=Dimension%20X,"Marionettes, Inc.",1951.08.30,"https://radioechoes.com/?page=play_download&mode=play&dl_mp3folder=D&dl_file=dimension_x_1951-08-30_marionettes_inc.mp3&dl_series=Dimension X&dl_title=Marionettes, Inc.&dl_date=1951.08.30&dl_size=6.43 MB"
Dimension X,https://radioechoes.com/?page=series&genre=OTR-Sci-Fi&series=Dimension%20X,First Contact,1951.09.08,https://radioechoes.com/?page=play_download&mode=play&dl_mp3folder=D&dl_file=dimension_x_1951-09-08_first_contact.mp3&dl_series=Dimension X&dl_title=First Contact&dl_date=1951.09.08&dl_size=5.18 MB
Dimension X,https://radioechoes.com/?page=series&genre=OTR-Sci-Fi&series=Dimension%20X,Kaleidoscope,1951.09.15,https://radioechoes.com/?page=play_download&mode=play&dl_mp3folder=D&dl_file=dimension_x_1951-09-15_kaleidoscope.mp3&dl_series=Dimension X&dl_title=Kaleidoscope&dl_date=1951.09.15&dl_size=8.36 MB
Dimension X,https://radioechoes.com/?page=series&genre=OTR-Sci-Fi&series=Dimension%20X,Requiem,1951.09.22,https://radioechoes.com/?page=play_download&mode=play&dl_mp3folder=D&dl_file=dimension_x_1951-09-22_requiem.mp3&dl_series=Dimension X&dl_title=Requiem&dl_date=1951.09.22&dl_size=7.41 MB
Dimension X,https://radioechoes.com/?page=series&genre=OTR-Sci-Fi&series=Dimension%20X,Nightfall,1951.09.29,https://radioechoes.com/?page=play_download&mode=play&dl_mp3folder=D&dl_file=dimension_x_1951-09-29_nightfall.mp3&dl_series=Dimension X&dl_title=Nightfall&dl_date=1951.09.29&dl_size=6.56 MB
X Minus One,https://radioechoes.com/?page=series&genre=OTR-Sci-Fi&series=X%20Minus%20One,And The Moon Be Still As Bright Audition,1955.04.22,https://radioechoes.com/?page=play_download&mode=play&dl_mp3folder=X&dl_file=x_minus_one_1955-04-22_and_the_moon_be_still_as_bright_audition.mp3&dl_series=X Minus One&dl_title=And The Moon Be Still As Bright Audition&dl_date=1955.04.22&dl_size=10.95 MB
X Minus One,https://radioechoes.com/?page=series&genre=OTR-Sci-Fi&series=X%20Minus%20One,No Contact,1955.04.24,https://radioechoes.com/?page=play_download&mode=play&dl_mp3folder=X&dl_file=x_minus_one_1955-04-24_no_contact.mp3&dl_series=X Minus One&dl_title=No Contact&dl_date=1955.04.24&dl_size=12.76 MB
X Minus One,https://radioechoes.com/?page=series&genre=OTR-Sci-Fi&series=X%20Minus%20One,The Parade,1955.05.01,https://radioechoes.com/?page=play_download&mode=play&dl_mp3folder=X&dl_file=x_minus_one_1955-05-01_the_parade.mp3&dl_series=X Minus One&dl_title=The Parade&dl_date=1955.05.01&dl_size=12.91 MB
X Minus One,https://radioechoes.com/?page=series&genre=OTR-Sci-Fi&series=X%20Minus%20One,Mars Is Heaven,1955.05.08,https://radioechoes.com/?page=play_download&mode=play&dl_mp3folder=X&dl_file=x_minus_one_1955-05-08_mars_is_heaven.mp3&dl_series=X Minus One&dl_title=Mars Is Heaven&dl_date=1955.05.08&dl_size=12.04 MB
X Minus One,https://radioechoes.com/?page=series&genre=OTR-Sci-Fi&series=X%20Minus%20One,Universe,1955.05.15,https://radioechoes.com/?page=play_download&mode=play&dl_mp3folder=X&dl_file=x_minus_one_1955-05-15_universe.mp3&dl_series=X Minus One&dl_title=Universe&dl_date=1955.05.15&dl_size=12.85 MB
X Minus One,https://radioechoes.com/?page=series&genre=OTR-Sci-Fi&series=X%20Minus%20One,Knock,1955.05.22,https://radioechoes.com/?page=play_download&mode=play&dl_mp3folder=X&dl_file=x_minus_one_1955-05-22_knock.mp3&dl_series=X Minus One&dl_title=Knock&dl_date=1955.05.22&dl_size=12.96 MB
X Minus One,https://radioechoes.com/?page=series&genre=OTR-Sci-Fi&series=X%20Minus%20One,The Man In The Moon,1955.05.29,https://radioechoes.com/?page=play_download&mode=play&dl_mp3folder=X&dl_file=x_minus_one_1955-05-29_the_man_in_the_moon.mp3&dl_series=X Minus One&dl_title=The Man In The Moon&dl_date=1955.05.29&dl_size=12.84 MB
X Minus One,https://radioechoes.com/?page=series&genre=OTR-Sci-Fi&series=X%20Minus%20One,Perigi's Wonderful Dolls,1955.06.05,https://radioechoes.com/?page=play_download&mode=play&dl_mp3folder=X&dl_file=x_minus_one_1955-06-05_perigis_wonderful_dolls.mp3&dl_series=X Minus One&dl_title=Perigi's Wonderful Dolls&dl_date=1955.06.05&dl_size=12.9 MB
X Minus One,https://radioechoes.com/?page=series&genre=OTR-Sci-Fi&series=X%20Minus%20One,The Green Hills Of Earth,1955.07.07,https://radioechoes.com/?page=play_download&mode=play&dl_mp3folder=X&dl_file=x_minus_one_1955-07-07_the_green_hills_of_earth.mp3&dl_series=X Minus One&dl_title=The Green Hills Of Earth&dl_date=1955.07.07&dl_size=11.03 MB
X Minus One,https://radioechoes.com/?page=series&genre=OTR-Sci-Fi&series=X%20Minus%20One,Dr. Grimshaw's Sanitarium,1955.07.14,https://radioechoes.com/?page=play_download&mode=play&dl_mp3folder=X&dl_file=x_minus_one_1955-07-14_dr_grimshaws_sanitarium.mp3&dl_series=X Minus One&dl_title=Dr. Grimshaw's Sanitarium&dl_date=1955.07.14&dl_size=10.68 MB
X Minus One,https://radioechoes.com/?page=series&genre=OTR-Sci-Fi&series=X%20Minus%20One,Nightmare,1955.07.21,https://radioechoes.com/?page=play_download&mode=play&dl_mp3folder=X&dl_file=x_minus_one_1955-07-21_nightmare.mp3&dl_series=X Minus One&dl_title=Nightmare&dl_date=1955.07.21&dl_size=11.03 MB
X Minus One,https://radioechoes.com/?page=series&genre=OTR-Sci-Fi&series=X%20Minus%20One,The Embassy,1955.07.28,https://radioechoes.com/?page=play_download&mode=play&dl_mp3folder=X&dl_file=x_minus_one_1955-07-28_the_embassy.mp3&dl_series=X Minus One&dl_title=The Embassy&dl_date=1955.07.28&dl_size=5.54 MB
X Minus One,https://radioechoes.com/?page=series&genre=OTR-Sci-Fi&series=X%20Minus%20One,The Veldt,1955.08.04,https://radioechoes.com/?page=play_download&mode=play&dl_mp3folder=X&dl_file=x_minus_one_1955-08-04_the_veldt.mp3&dl_series=X Minus One&dl_title=The Veldt&dl_date=1955.08.04&dl_size=10.9 MB
X Minus One,https://radioechoes.com/?page=series&genre=OTR-Sci-Fi&series=X%20Minus%20One,Almost Human,1955.08.11,https://radioechoes.com/?page=play_download&mode=play&dl_mp3folder=X&dl_file=x_minus_one_1955-08-11_almost_human.mp3&dl_series=X Minus One&dl_title=Almost Human&dl_date=1955.08.11&dl_size=10.88 MB
X Minus One,https://radioechoes.com/?page=series&genre=OTR-Sci-Fi&series=X%20Minus%20One,Courtesy,1955.08.18,https://radioechoes.com/?page=play_download&mode=play&dl_mp3folder=X&dl_file=x_minus_one_1955-08-18_courtesy.mp3&dl_series=X Minus One&dl_title=Courtesy&dl_date=1955.08.18&dl_size=11.08 MB
X Minus One,https://radioechoes.com/?page=series&genre=OTR-Sci-Fi&series=X%20Minus%20One,Cold Equation,1955.08.25,https://radioechoes.com/?page=play_download&mode=play&dl_mp3folder=X&dl_file=x_minus_one_1955-08-25_cold_equation.mp3&dl_series=X Minus One&dl_title=Cold Equation&dl_date=1955.08.25&dl_size=10.94 MB
X Minus One,https://radioechoes.com/?page=series&genre=OTR-Sci-Fi&series=X%20Minus%20One,Shanghaied,1955.09.01,https://radioechoes.com/?page=play_download&mode=play&dl_mp3folder=X&dl_file=x_minus_one_1955-09-01_shanghaied.mp3&dl_series=X Minus One&dl_title=Shanghaied&dl_date=1955.09.01&dl_size=10.46 MB
X Minus One,https://radioechoes.com/?page=series&genre=OTR-Sci-Fi&series=X%20Minus%20One,The Martian Death March,1955.09.08,https://radioechoes.com/?page=play_download&mode=play&dl_mp3folder=X&dl_file=x_minus_one_1955-09-08_the_martian_death_march.mp3&dl_series=X Minus One&dl_title=The Martian Death March&dl_date=1955.09.08&dl_size=10.69 MB
X Minus One,https://radioechoes.com/?page=series&genre=OTR-Sci-Fi&series=X%20Minus%20One,The Castaways,1955.09.15,https://radioechoes.com/?page=play_download&mode=play&dl_mp3folder=X&dl_file=x_minus_one_1955-09-15_the_castaways.mp3&dl_series=X Minus One&dl_title=The Castaways&dl_date=1955.09.15&dl_size=10.08 MB
X Minus One,https://radioechoes.com/?page=series&genre=OTR-Sci-Fi&series=X%20Minus%20One,And The Moon Be Still As Bright Replay,1955.09.22,https://radioechoes.com/?page=play_download&mode=play&dl_mp3folder=X&dl_file=x_minus_one_1955-09-22_and_the_moon_be_still_as_bright_replay.mp3&dl_series=X Minus One&dl_title=And The Moon Be Still As Bright Replay&dl_date=1955.09.22&dl_size=10.95 MB
X Minus One,https://radioechoes.com/?page=series&genre=OTR-Sci-Fi&series=X%20Minus%20One,First Contact,1955.10.06,https://radioechoes.com/?page=play_download&mode=play&dl_mp3folder=X&dl_file=x_minus_one_1955-10-06_first_contact.mp3&dl_series=X Minus One&dl_title=First Contact&dl_date=1955.10.06&dl_size=5.26 MB
X Minus One,https://radioechoes.com/?page=series&genre=OTR-Sci-Fi&series=X%20Minus%20One,Child's Play,1955.10.20,https://radioechoes.com/?page=play_download&mode=play&dl_mp3folder=X&dl_file=x_minus_one_1955-10-20_childs_play.mp3&dl_series=X Minus One&dl_title=Child's Play&dl_date=1955.10.20&dl_size=5.31 MB
X Minus One,https://radioechoes.com/?page=series&genre=OTR-Sci-Fi&series=X%20Minus%20One,Requiem,1955.10.27,https://radioechoes.com/?page=play_download&mode=play&dl_mp3folder=X&dl_file=x_minus_one_1955-10-27_requiem.mp3&dl_series=X Minus One&dl_title=Requiem&dl_date=1955.10.27&dl_size=10.83 MB
X Minus One,https://radioechoes.com/?page=series&genre=OTR-Sci-Fi&series=X%20Minus%20One,Hello Tomorrow,1955.11.03,https://radioechoes.com/?page=play_download&mode=play&dl_mp3folder=X&dl_file=x_minus_one_1955-11-03_hello_tomorrow.mp3&dl_series=X Minus One&dl_title=Hello Tomorrow&dl_date=1955.11.03&dl_size=10.73 MB
X Minus One,https://radioechoes.com/?page=series&genre=OTR-Sci-Fi&series=X%20Minus%20One,The Dwellers In Silence,1955.11.10,https://radioechoes.com/?page=play_download&mode=play&dl_mp3folder=X&dl_file=x_minus_one_1955-11-10_the_dwellers_in_silence.mp3&dl_series=X Minus One&dl_title=The Dwellers In Silence&dl_date=1955.11.10&dl_size=5.46 MB
X Minus One,https://radioechoes.com/?page=series&genre=OTR-Sci-Fi&series=X%20Minus%20One,The Outer Limit,1955.11.16,https://radioechoes.com/?page=play_download&mode=play&dl_mp3folder=X&dl_file=x_minus_one_1955-11-16_the_outer_limit.mp3&dl_series=X Minus One&dl_title=The Outer Limit&dl_date=1955.11.16&dl_size=12.83 MB
X Minus One,https://radioechoes.com/?page=series&genre=OTR-Sci-Fi&series=X%20Minus%20One,Zero Hour,1955.11.23,https://radioechoes.com/?page=play_download&mode=play&dl_mp3folder=X&dl_file=x_minus_one_1955-11-23_zero_hour.mp3&dl_series=X Minus One&dl_title=Zero Hour&dl_date=1955.11.23&dl_size=3.31 MB
X Minus One,https://radioechoes.com/?page=series&genre=OTR-Sci-Fi&series=X%20Minus%20One,The Vital Factor,1955.11.30,https://radioechoes.com/?page=play_download&mode=play&dl_mp3folder=X&dl_file=x_minus_one_1955-11-30_the_vital_factor.mp3&dl_series=X Minus One&dl_title=The Vital Factor&dl_date=1955.11.30&dl_size=13.26 MB
X Minus One,https://radioechoes.com/?page=series&genre=OTR-Sci-Fi&series=X%20Minus%20One,Nightfall,1955.12.07,https://radioechoes.com/?page=play_download&mode=play&dl_mp3folder=X&dl_file=x_minus_one_1955-12-07_nightfall.mp3&dl_series=X Minus One&dl_title=Nightfall&dl_date=1955.12.07&dl_size=13.17 MB
X Minus One,https://radioechoes.com/?page=series&genre=OTR-Sci-Fi&series=X%20Minus%20One,To The Future,1955.12.14,https://radioechoes.com/?page=play_download&mode=play&dl_mp3folder=X&dl_file=x_minus_one_1955-12-14_to_the_future.mp3&dl_series=X Minus One&dl_title=To The Future&dl_date=1955.12.14&dl_size=13.15 MB
X Minus One,https://radioechoes.com/?page=series&genre=OTR-Sci-Fi&series=X%20Minus%20One,"Marionettes, Inc.",1955.12.21,"https://radioechoes.com/?page=play_download&mode=play&dl_mp3folder=X&dl_file=x_minus_one_1955-12-21_marionettes_inc.mp3&dl_series=X Minus One&dl_title=Marionettes, Inc.&dl_date=1955.12.21&dl_size=13.28 MB"
X Minus One,https://radioechoes.com/?page=series&genre=OTR-Sci-Fi&series=X%20Minus%20One,A Logic Named Joe,1955.12.28,https://radioechoes.com/?page=play_download&mode=play&dl_mp3folder=X&dl_file=x_minus_one_1955-12-28_a_logic_named_joe.mp3&dl_series=X Minus One&dl_title=A Logic Named Joe&dl_date=1955.12.28&dl_size=12.37 MB
X Minus One,https://radioechoes.com/?page=series&genre=OTR-Sci-Fi&series=X%20Minus%20One,The Roads Must Roll,1956.01.04,https://radioechoes.com/?page=play_download&mode=play&dl_mp3folder=X&dl_file=x_minus_one_1956-01-04_the_roads_must_roll.mp3&dl_series=X Minus One&dl_title=The Roads Must Roll&dl_date=1956.01.04&dl_size=12.64 MB
X Minus One,https://radioechoes.com/?page=series&genre=OTR-Sci-Fi&series=X%20Minus%20One,Time And Time Again,1956.01.11,https://radioechoes.com/?page=play_download&mode=play&dl_mp3folder=X&dl_file=x_minus_one_1956-01-11_time_and_time_again.mp3&dl_series=X Minus One&dl_title=Time And Time Again&dl_date=1956.01.11&dl_size=12.92 MB
X Minus One,https://radioechoes.com/?page=series&genre=OTR-Sci-Fi&series=X%20Minus%20One,Perigi's Wonderful Dolls,1956.01.18,https://radioechoes.com/?page=play_download&mode=play&dl_mp3folder=X&dl_file=x_minus_one_1956-01-18_perigis_wonderful_dolls.mp3&dl_series=X Minus One&dl_title=Perigi's Wonderful Dolls&dl_date=1956.01.18&dl_size=12.9 MB
X Minus One,https://radioechoes.com/?page=series&genre=OTR-Sci-Fi&series=X%20Minus%20One,The Parade,1956.01.25,https://radioechoes.com/?page=play_download&mode=play&dl_mp3folder=X&dl_file=x_minus_one_1956-01-25_the_parade.mp3&dl_series=X Minus One&dl_title=The Parade&dl_date=1956.01.25&dl_size=12.9 MB
X Minus One,https://radioechoes.com/?page=series&genre=OTR-Sci-Fi&series=X%20Minus%20One,The Cave Of Night,1956.02.01,https://radioechoes.com/?page=play_download&mode=play&dl_mp3folder=X&dl_file=x_minus_one_1956-02-01_the_cave_of_night.mp3&dl_series=X Minus One&dl_title=The Cave Of Night&dl_date=1956.02.01&dl_size=12.92 MB
X Minus One,https://radioechoes.com/?page=series&genre=OTR-Sci-Fi&series=X%20Minus%20One,C Chute,1956.02.08,https://radioechoes.com/?page=play_download&mode=play&dl_mp3folder=X&dl_file=x_minus_one_1956-02-08_c_chute.mp3&dl_series=X Minus One&dl_title=C Chute&dl_date=1956.02.08&dl_size=13.12 MB
X Minus One,https://radioechoes.com/?page=series&genre=OTR-Sci-Fi&series=X%20Minus%20One,Skulking Permit,1956.02.15,https://radioechoes.com/?page=play_download&mode=play&dl_mp3folder=X&dl_file=x_minus_one_1956-02-15_skulking_permit.mp3&dl_series=X Minus One&dl_title=Skulking Permit&dl_date=1956.02.15&dl_size=13.21 MB
X Minus One,https://radioechoes.com/?page=series&genre=OTR-Sci-Fi&series=X%20Minus%20One,Junkyard,1956.02.22,https://radioechoes.com/?page=play_download&mode=play&dl_mp3folder=X&dl_file=x_minus_one_1956-02-22_junkyard.mp3&dl_series=X Minus One&dl_title=Junkyard&dl_date=1956.02.22&dl_size=12.76 MB
X Minus One,https://radioechoes.com/?page=series&genre=OTR-Sci-Fi&series=X%20Minus%20One,Hello Tomorrow,1956.02.29,https://radioechoes.com/?page=play_download&mode=play&dl_mp3folder=X&dl_file=x_minus_one_1956-02-29_hello_tomorrow.mp3&dl_series=X Minus One&dl_title=Hello Tomorrow&dl_date=1956.02.29&dl_size=11.06 MB
X Minus One,https://radioechoes.com/?page=series&genre=OTR-Sci-Fi&series=X%20Minus%20One,Gun For A Dinosaur,1956.03.07,https://radioechoes.com/?page=play_download&mode=play&dl_mp3folder=X&dl_file=x_minus_one_1956-03-07_gun_for_a_dinosaur.mp3&dl_series=X Minus One&dl_title=Gun For A Dinosaur&dl_date=1956.03.07&dl_size=12.8 MB
X Minus One,https://radioechoes.com/?page=series&genre=OTR-Sci-Fi&series=X%20Minus%20One,Tunnel Under The World,1956.03.14,https://radioechoes.com/?page=play_download&mode=play&dl_mp3folder=X&dl_file=x_minus_one_1956-03-14_tunnel_under_the_world.mp3&dl_series=X Minus One&dl_title=Tunnel Under The World&dl_date=1956.03.14&dl_size=12.76 MB
X Minus One,https://radioechoes.com/?page=series&genre=OTR-Sci-Fi&series=X%20Minus%20One,"$1,000 A Plate",1956.03.21,"https://radioechoes.com/?page=play_download&mode=play&dl_mp3folder=X&dl_file=x_minus_one_1956-03-21_1000_a_plate.mp3&dl_series=X Minus One&dl_title=$1,000 A Plate&dl_date=1956.03.21&dl_size=12.5 MB"
X Minus One,https://radioechoes.com/?page=series&genre=OTR-Sci-Fi&series=X%20Minus%20One,A Pail Of Air,1956.03.28,https://radioechoes.com/?page=play_download&mode=play&dl_mp3folder=X&dl_file=x_minus_one_1956-03-28_a_pail_of_air.mp3&dl_series=X Minus One&dl_title=A Pail Of Air&dl_date=1956.03.28&dl_size=12.84 MB
X Minus One,https://radioechoes.com/?page=series&genre=OTR-Sci-Fi&series=X%20Minus%20One,How To,1956.04.03,https://radioechoes.com/?page=play_download&mode=play&dl_mp3folder=X&dl_file=x_minus_one_1956-04-03_how_to.mp3&dl_series=X Minus One&dl_title=How To&dl_date=1956.04.03&dl_size=12.96 MB
X Minus One,https://radioechoes.com/?page=series&genre=OTR-Sci-Fi&series=X%20Minus%20One,Star Brite,1956.04.10,https://radioechoes.com/?page=play_download&mode=play&dl_mp3folder=X&dl_file=x_minus_one_1956-04-10_star_brite.mp3&dl_series=X Minus One&dl_title=Star Brite&dl_date=1956.04.10&dl_size=6.44 MB
X Minus One,https://radioechoes.com/?page=series&genre=OTR-Sci-Fi&series=X%20Minus%20One,Jaywalker,1956.04.17,https://radioechoes.com/?page=play_download&mode=play&dl_mp3folder=X&dl_file=x_minus_one_1956-04-17_jaywalker.mp3&dl_series=X Minus One&dl_title=Jaywalker&dl_date=1956.04.17&dl_size=6.6 MB
X Minus One,https://radioechoes.com/?page=series&genre=OTR-Sci-Fi&series=X%20Minus%20One,The Sense Of Wonder,1956.04.24,https://radioechoes.com/?page=play_download&mode=play&dl_mp3folder=X&dl_file=x_minus_one_1956-04-24_the_sense_of_wonder.mp3&dl_series=X Minus One&dl_title=The Sense Of Wonder&dl_date=1956.04.24&dl_size=6.34 MB
X Minus One,https://radioechoes.com/?page=series&genre=OTR-Sci-Fi&series=X%20Minus%20One,Sea Legs,1956.05.01,https://radioechoes.com/?page=play_download&mode=play&dl_mp3folder=X&dl_file=x_minus_one_1956-05-01_sea_legs.mp3&dl_series=X Minus One&dl_title=Sea Legs&dl_date=1956.05.01&dl_size=6.53 MB
X Minus One,https://radioechoes.com/?page=series&genre=OTR-Sci-Fi&series=X%20Minus%20One,The Seventh Order,1956.05.08,https://radioechoes.com/?page=play_download&mode=play&dl_mp3folder=X&dl_file=x_minus_one_1956-05-08_the_seventh_order.mp3&dl_series=X Minus One&dl_title=The Seventh Order&dl_date=1956.05.08&dl_size=6.66 MB
X Minus One,https://radioechoes.com/?page=series&genre=OTR-Sci-Fi&series=X%20Minus%20One,Hallucination Orbit,1956.05.15,https://radioechoes.com/?page=play_download&mode=play&dl_mp3folder=X&dl_file=x_minus_one_1956-05-15_hallucination_orbit.mp3&dl_series=X Minus One&dl_title=Hallucination Orbit&dl_date=1956.05.15&dl_size=6.57 MB
X Minus One,https://radioechoes.com/?page=series&genre=OTR-Sci-Fi&series=X%20Minus%20One,The Defenders,1956.05.22,https://radioechoes.com/?page=play_download&mode=play&dl_mp3folder=X&dl_file=x_minus_one_1956-05-22_the_defenders.mp3&dl_series=X Minus One&dl_title=The Defenders&dl_date=1956.05.22&dl_size=6.84 MB
X Minus One,https://radioechoes.com/?page=series&genre=OTR-Sci-Fi&series=X%20Minus%20One,Lulungameena,1956.05.29,https://radioechoes.com/?page=play_download&mode=play&dl_mp3folder=X&dl_file=x_minus_one_1956-05-29_lulungameena.mp3&dl_series=X Minus One&dl_title=Lulungameena&dl_date=1956.05.29&dl_size=6.18 MB
X Minus One,https://radioechoes.com/?page=series&genre=OTR-Sci-Fi&series=X%20Minus%20One,Project Mastodon,1956.06.05,https://radioechoes.com/?page=play_download&mode=play&dl_mp3folder=X&dl_file=x_minus_one_1956-06-05_project_mastodon.mp3&dl_series=X Minus One&dl_title=Project Mastodon&dl_date=1956.06.05&dl_size=10.65 MB
X Minus One,https://radioechoes.com/?page=series&genre=OTR-Sci-Fi&series=X%20Minus%20One,If You Was A Moklin,1956.06.12,https://radioechoes.com/?page=play_download&mode=play&dl_mp3folder=X&dl_file=x_minus_one_1956-06-12_if_you_was_a_moklin.mp3&dl_series=X Minus One&dl_title=If You Was A Moklin&dl_date=1956.06.12&dl_size=5.82 MB
X Minus One,https://radioechoes.com/?page=series&genre=OTR-Sci-Fi&series=X%20Minus%20One,Project Trojan,1956.06.19,https://radioechoes.com/?page=play_download&mode=play&dl_mp3folder=X&dl_file=x_minus_one_1956-06-19_project_trojan.mp3&dl_series=X Minus One&dl_title=Project Trojan&dl_date=1956.06.19&dl_size=5.17 MB
X Minus One,https://radioechoes.com/?page=series&genre=OTR-Sci-Fi&series=X%20Minus%20One,Wherever You May Be,1956.06.26,https://radioechoes.com/?page=play_download&mode=play&dl_mp3folder=X&dl_file=x_minus_one_1956-06-26_wherever_you_may_be.mp3&dl_series=X Minus One&dl_title=Wherever You May Be&dl_date=1956.06.26&dl_size=5.65 MB
X Minus One,https://radioechoes.com/?page=series&genre=OTR-Sci-Fi&series=X%20Minus%20One,Mr. Costello Hero,1956.07.03,https://radioechoes.com/?page=play_download&mode=play&dl_mp3folder=X&dl_file=x_minus_one_1956-07-03_mr-_costello_hero.mp3&dl_series=X Minus One&dl_title=Mr. Costello Hero&dl_date=1956.07.03&dl_size=13.03 MB
X Minus One,https://radioechoes.com/?page=series&genre=OTR-Sci-Fi&series=X%20Minus%20One,Bad Medicine,1956.07.10,https://radioechoes.com/?page=play_download&mode=play&dl_mp3folder=X&dl_file=x_minus_one_1956-07-10_bad_medicine.mp3&dl_series=X Minus One&dl_title=Bad Medicine&dl_date=1956.07.10&dl_size=5.45 MB
X Minus One,https://radioechoes.com/?page=series&genre=OTR-Sci-Fi&series=X%20Minus%20One,The Old Die Rich,1956.07.17,https://radioechoes.com/?page=play_download&mode=play&dl_mp3folder=X&dl_file=x_minus_one_1956-07-17_the_old_die_rich.mp3&dl_series=X Minus One&dl_title=The Old Die Rich&dl_date=1956.07.17&dl_size=12.8 MB
X Minus One,https://radioechoes.com/?page=series&genre=OTR-Sci-Fi&series=X%20Minus%20One,The Stars Are The Styx,1956.07.24,https://radioechoes.com/?page=play_download&mode=play&dl_mp3folder=X&dl_file=x_minus_one_1956-07-24_the_stars_are_the_styx.mp3&dl_series=X Minus One&dl_title=The Stars Are The Styx&dl_date=1956.07.24&dl_size=5.53 MB
X Minus One,https://radioechoes.com/?page=series&genre=OTR-Sci-Fi&series=X%20Minus%20One,Student Body,1956.07.31,https://radioechoes.com/?page=play_download&mode=play&dl_mp3folder=X&dl_file=x_minus_one_1956-07-31_student_body.mp3&dl_series=X Minus One&dl_title=Student Body&dl_date=1956.07.31&dl_size=5.96 MB
X Minus One,https://radioechoes.com/?page=series&genre=OTR-Sci-Fi&series=X%20Minus%20One,The Last Martian,1956.08.07,https://radioechoes.com/?page=play_download&mode=play&dl_mp3folder=X&dl_file=x_minus_one_1956-08-07_the_last_martian.mp3&dl_series=X Minus One&dl_title=The Last Martian&dl_date=1956.08.07&dl_size=6.34 MB
X Minus One,https://radioechoes.com/?page=series&genre=OTR-Sci-Fi&series=X%20Minus%20One,The Snowball Effect,1956.08.14,https://radioechoes.com/?page=play_download&mode=play&dl_mp3folder=X&dl_file=x_minus_one_1956-08-14_the_snowball_effect.mp3&dl_series=X Minus One&dl_title=The Snowball Effect&dl_date=1956.08.14&dl_size=10.98 MB
X Minus One,https://radioechoes.com/?page=series&genre=OTR-Sci-Fi&series=X%20Minus%20One,Surface Tension,1956.08.28,https://radioechoes.com/?page=play_download&mode=play&dl_mp3folder=X&dl_file=x_minus_one_1956-08-28_surface_tension.mp3&dl_series=X Minus One&dl_title=Surface Tension&dl_date=1956.08.28&dl_size=13.05 MB
X Minus One,https://radioechoes.com/?page=series&genre=OTR-Sci-Fi&series=X%20Minus%20One,Tunnel Under The World,1956.09.04,https://radioechoes.com/?page=play_download&mode=play&dl_mp3folder=X&dl_file=x_minus_one_1956-09-04_tunnel_under_the_world.mp3&dl_series=X Minus One&dl_title=Tunnel Under The World&dl_date=1956.09.04&dl_size=6.1 MB
X Minus One,https://radioechoes.com/?page=series&genre=OTR-Sci-Fi&series=X%20Minus%20One,The Lifeboat Mutiny,1956.09.11,https://radioechoes.com/?page=play_download&mode=play&dl_mp3folder=X&dl_file=x_minus_one_1956-09-11_the_lifeboat_mutiny.mp3&dl_series=X Minus One&dl_title=The Lifeboat Mutiny&dl_date=1956.09.11&dl_size=6.36 MB
X Minus One,https://radioechoes.com/?page=series&genre=OTR-Sci-Fi&series=X%20Minus%20One,The Map Makers,1956.09.26,https://radioechoes.com/?page=play_download&mode=play&dl_mp3folder=X&dl_file=x_minus_one_1956-09-26_the_map_makers.mp3&dl_series=X Minus One&dl_title=The Map Makers&dl_date=1956.09.26&dl_size=6.87 MB
X Minus One,https://radioechoes.com/?page=series&genre=OTR-Sci-Fi&series=X%20Minus%20One,Protective Mimicry,1956.10.03,https://radioechoes.com/?page=play_download&mode=play&dl_mp3folder=X&dl_file=x_minus_one_1956-10-03_protective_mimicry.mp3&dl_series=X Minus One&dl_title=Protective Mimicry&dl_date=1956.10.03&dl_size=13.32 MB
X Minus One,https://radioechoes.com/?page=series&genre=OTR-Sci-Fi&series=X%20Minus%20One,Colony,1956.10.10,https://radioechoes.com/?page=play_download&mode=play&dl_mp3folder=X&dl_file=x_minus_one_1956-10-10_colony.mp3&dl_series=X Minus One&dl_title=Colony&dl_date=1956.10.10&dl_size=6.56 MB
X Minus One,https://radioechoes.com/?page=series&genre=OTR-Sci-Fi&series=X%20Minus%20One,Soldier Boy,1956.10.17,https://radioechoes.com/?page=play_download&mode=play&dl_mp3folder=X&dl_file=x_minus_one_1956-10-17_soldier_boy.mp3&dl_series=X Minus One&dl_title=Soldier Boy&dl_date=1956.10.17&dl_size=13.22 MB
X Minus One,https://radioechoes.com/?page=series&genre=OTR-Sci-Fi&series=X%20Minus%20One,Pictures Don't Lie,1956.10.24,https://radioechoes.com/?page=play_download&mode=play&dl_mp3folder=X&dl_file=x_minus_one_1956-10-24_pictures_dont_lie.mp3&dl_series=X Minus One&dl_title=Pictures Don't Lie&dl_date=1956.10.24&dl_size=6.27 MB
X Minus One,https://radioechoes.com/?page=series&genre=OTR-Sci-Fi&series=X%20Minus%20One,Sam This Is You,1956.10.31,https://radioechoes.com/?page=play_download&mode=play&dl_mp3folder=X&dl_file=x_minus_one_1956-10-31_sam_this_is_you.mp3&dl_series=X Minus One&dl_title=Sam This Is You&dl_date=1956.10.31&dl_size=12.66 MB
X Minus One,https://radioechoes.com/?page=series&genre=OTR-Sci-Fi&series=X%20Minus%20One,Appointment In Tomorrow,1956.11.07,https://radioechoes.com/?page=play_download&mode=play&dl_mp3folder=X&dl_file=x_minus_one_1956-11-07_appointment_in_tomorrow.mp3&dl_series=X Minus One&dl_title=Appointment In Tomorrow&dl_date=1956.11.07&dl_size=12.55 MB
X Minus One,https://radioechoes.com/?page=series&genre=OTR-Sci-Fi&series=X%20Minus%20One,The Martian Death March Remake,1956.11.14,https://radioechoes.com/?page=play_download&mode=play&dl_mp3folder=X&dl_file=x_minus_one_1956-11-14_the_martian_death_march_remake.mp3&dl_series=X Minus One&dl_title=The Martian Death March Remake&dl_date=1956.11.14&dl_size=10.68 MB
X Minus One,https://radioechoes.com/?page=series&genre=OTR-Sci-Fi&series=X%20Minus%20One,Chain Of Command,1956.11.21,https://radioechoes.com/?page=play_download&mode=play&dl_mp3folder=X&dl_file=x_minus_one_1956-11-21_chain_of_command.mp3&dl_series=X Minus One&dl_title=Chain Of Command&dl_date=1956.11.21&dl_size=6.71 MB
X Minus One,https://radioechoes.com/?page=series&genre=OTR-Sci-Fi&series=X%20Minus%20One,The Castaways,1956.11.28,https://radioechoes.com/?page=play_download&mode=play&dl_mp3folder=X&dl_file=x_minus_one_1956-11-28_the_castaways.mp3&dl_series=X Minus One&dl_title=The Castaways&dl_date=1956.11.28&dl_size=10.04 MB
X Minus One,https://radioechoes.com/?page=series&genre=OTR-Sci-Fi&series=X%20Minus%20One,There Will Come Soft Rains And The Zero Hour,1956.12.05,https://radioechoes.com/?page=play_download&mode=play&dl_mp3folder=X&dl_file=x_minus_one_1956-12-05_there_will_come_soft_rains_and_the_zero_hour.mp3&dl_series=X Minus One&dl_title=There Will Come Soft Rains And The Zero Hour&dl_date=1956.12.05&dl_size=13.08 MB
X Minus One,https://radioechoes.com/?page=series&genre=OTR-Sci-Fi&series=X%20Minus%20One,Hostess,1956.12.12,https://radioechoes.com/?page=play_download&mode=play&dl_mp3folder=X&dl_file=x_minus_one_1956-12-12_hostess.mp3&dl_series=X Minus One&dl_title=Hostess&dl_date=1956.12.12&dl_size=12.87 MB
X Minus One,https://radioechoes.com/?page=series&genre=OTR-Sci-Fi&series=X%20Minus%20One,The Reluctant Heroes,1956.12.19,https://radioechoes.com/?page=play_download&mode=play&dl_mp3folder=X&dl_file=x_minus_one_1956-12-19_the_reluctant_heroes.mp3&dl_series=X Minus One&dl_title=The Reluctant Heroes&dl_date=1956.12.19&dl_size=13.07 MB
X Minus One,https://radioechoes.com/?page=series&genre=OTR-Sci-Fi&series=X%20Minus%20One,Honeymoon In Hell,1956.12.26,https://radioechoes.com/?page=play_download&mode=play&dl_mp3folder=X&dl_file=x_minus_one_1956-12-26_honeymoon_in_hell.mp3&dl_series=X Minus One&dl_title=Honeymoon In Hell&dl_date=1956.12.26&dl_size=13.21 MB
X Minus One,https://radioechoes.com/?page=series&genre=OTR-Sci-Fi&series=X%20Minus%20One,The Moon Is Green,1957.01.02,https://radioechoes.com/?page=play_download&mode=play&dl_mp3folder=X&dl_file=x_minus_one_1957-01-02_the_moon_is_green.mp3&dl_series=X Minus One&dl_title=The Moon Is Green&dl_date=1957.01.02&dl_size=6.53 MB
X Minus One,https://radioechoes.com/?page=series&genre=OTR-Sci-Fi&series=X%20Minus%20One,Saucer Of Loneliness,1957.01.09,https://radioechoes.com/?page=play_download&mode=play&dl_mp3folder=X&dl_file=x_minus_one_1957-01-09_saucer_of_loneliness.mp3&dl_series=X Minus One&dl_title=Saucer Of Loneliness&dl_date=1957.01.09&dl_size=6.64 MB
X Minus One,https://radioechoes.com/?page=series&genre=OTR-Sci-Fi&series=X%20Minus%20One,The Girls From Earth,1957.01.16,https://radioechoes.com/?page=play_download&mode=play&dl_mp3folder=X&dl_file=x_minus_one_1957-01-16_the_girls_from_earth.mp3&dl_series=X Minus One&dl_title=The Girls From Earth&dl_date=1957.01.16&dl_size=5.13 MB
X Minus One,https://radioechoes.com/?page=series&genre=OTR-Sci-Fi&series=X%20Minus%20One,Open Warfare,1957.01.23,https://radioechoes.com/?page=play_download&mode=play&dl_mp3folder=X&dl_file=x_minus_one_1957-01-23_open_warfare.mp3&dl_series=X Minus One&dl_title=Open Warfare&dl_date=1957.01.23&dl_size=4.89 MB
X Minus One,https://radioechoes.com/?page=series&genre=OTR-Sci-Fi&series=X%20Minus%20One,Caretaker,1957.01.30,https://radioechoes.com/?page=play_download&mode=play&dl_mp3folder=X&dl_file=x_minus_one_1957-01-30_caretaker.mp3&dl_series=X Minus One&dl_title=Caretaker&dl_date=1957.01.30&dl_size=4.95 MB
X Minus One,https://radioechoes.com/?page=series&genre=OTR-Sci-Fi&series=X%20Minus%20One,Venus Is A Man's World,1957.02.06,https://radioechoes.com/?page=play_download&mode=play&dl_mp3folder=X&dl_file=x_minus_one_1957-02-06_venus_is_a_mans_world.mp3&dl_series=X Minus One&dl_title=Venus Is A Man's World&dl_date=1957.02.06&dl_size=5.13 MB
X Minus One,https://radioechoes.com/?page=series&genre=OTR-Sci-Fi&series=X%20Minus%20One,The Trap,1957.02.13,https://radioechoes.com/?page=play_download&mode=play&dl_mp3folder=X&dl_file=x_minus_one_1957-02-13_the_trap.mp3&dl_series=X Minus One&dl_title=The Trap&dl_date=1957.02.13&dl_size=5.22 MB
X Minus One,https://radioechoes.com/?page=series&genre=OTR-Sci-Fi&series=X%20Minus%20One,Field Study,1957.02.20,https://radioechoes.com/?page=play_download&mode=play&dl_mp3folder=X&dl_file=x_minus_one_1957-02-20_field_study.mp3&dl_series=X Minus One&dl_title=Field Study&dl_date=1957.02.20&dl_size=5.1 MB
X Minus One,https://radioechoes.com/?page=series&genre=OTR-Sci-Fi&series=X%20Minus%20One,Real Gone,1957.02.27,https://radioechoes.com/?page=play_download&mode=play&dl_mp3folder=X&dl_file=x_minus_one_1957-02-27_real_gone.mp3&dl_series=X Minus One&dl_title=Real Gone&dl_date=1957.02.27&dl_size=4.8 MB
X Minus One,https://radioechoes.com/?page=series&genre=OTR-Sci-Fi&series=X%20Minus%20One,The Seventh Victim,1957.03.06,https://radioechoes.com/?page=play_download&mode=play&dl_mp3folder=X&dl_file=x_minus_one_1957-03-06_the_seventh_victim.mp3&dl_series=X Minus One&dl_title=The Seventh Victim&dl_date=1957.03.06&dl_size=4.79 MB
X Minus One,https://radioechoes.com/?page=series&genre=OTR-Sci-Fi&series=X%20Minus%20One,Lights On Precipice Peak,1957.03.13,https://radioechoes.com/?page=play_download&mode=play&dl_mp3folder=X&dl_file=x_minus_one_1957-03-13_lights_on_precipice_peak.mp3&dl_series=X Minus One&dl_title=Lights On Precipice Peak&dl_date=1957.03.13&dl_size=4.89 MB
X Minus One,https://radioechoes.com/?page=series&genre=OTR-Sci-Fi&series=X%20Minus%20One,Protection,1957.03.20,https://radioechoes.com/?page=play_download&mode=play&dl_mp3folder=X&dl_file=x_minus_one_1957-03-20_protection.mp3&dl_series=X Minus One&dl_title=Protection&dl_date=1957.03.20&dl_size=10.16 MB
X Minus One,https://radioechoes.com/?page=series&genre=OTR-Sci-Fi&series=X%20Minus%20One,At The Post,1957.03.27,https://radioechoes.com/?page=play_download&mode=play&dl_mp3folder=X&dl_file=x_minus_one_1957-03-27_at_the_post.mp3&dl_series=X Minus One&dl_title=At The Post&dl_date=1957.03.27&dl_size=10.06 MB
X Minus One,https://radioechoes.com/?page=series&genre=OTR-Sci-Fi&series=X%20Minus%20One,Martian Sam,1957.04.03,https://radioechoes.com/?page=play_download&mode=play&dl_mp3folder=X&dl_file=x_minus_one_1957-04-03_martian_sam.mp3&dl_series=X Minus One&dl_title=Martian Sam&dl_date=1957.04.03&dl_size=4.78 MB
X Minus One,https://radioechoes.com/?page=series&genre=OTR-Sci-Fi&series=X%20Minus%20One,Something For Nothing,1957.04.10,https://radioechoes.com/?page=play_download&mode=play&dl_mp3folder=X&dl_file=x_minus_one_1957-04-10_something_for_nothing.mp3&dl_series=X Minus One&dl_title=Something For Nothing&dl_date=1957.04.10&dl_size=4.89 MB
X Minus One,https://radioechoes.com/?page=series&genre=OTR-Sci-Fi&series=X%20Minus%20One,The Discovery Of Morneal Matheway,1957.04.17,https://radioechoes.com/?page=play_download&mode=play&dl_mp3folder=X&dl_file=x_minus_one_1957-04-17_the_discovery_of_morneal_matheway.mp3&dl_series=X Minus One&dl_title=The Discovery Of Morneal Matheway&dl_date=1957.04.17&dl_size=4.98 MB
X Minus One,https://radioechoes.com/?page=series&genre=OTR-Sci-Fi&series=X%20Minus%20One,Man's Best Friend,1957.04.24,https://radioechoes.com/?page=play_download&mode=play&dl_mp3folder=X&dl_file=x_minus_one_1957-04-24_mans_best_friend.mp3&dl_series=X Minus One&dl_title=Man's Best Friend&dl_date=1957.04.24&dl_size=10.18 MB
X Minus One,https://radioechoes.com/?page=series&genre=OTR-Sci-Fi&series=X%20Minus%20One,Inside Story,1957.06.20,https://radioechoes.com/?page=play_download&mode=play&dl_mp3folder=X&dl_file=x_minus_one_1957-06-20_inside_story.mp3&dl_series=X Minus One&dl_title=Inside Story&dl_date=1957.06.20&dl_size=9.65 MB
X Minus One,https://radioechoes.com/?page=series&genre=OTR-Sci-Fi&series=X%20Minus%20One,The Category Inventor,1957.06.27,https://radioechoes.com/?page=play_download&mode=play&dl_mp3folder=X&dl_file=x_minus_one_1957-06-27_the_category_inventor.mp3&dl_series=X Minus One&dl_title=The Category Inventor&dl_date=1957.06.27&dl_size=4.91 MB
X Minus One,https://radioechoes.com/?page=series&genre=OTR-Sci-Fi&series=X%20Minus%20One,Skulking Permit Remake,1957.07.04,https://radioechoes.com/?page=play_download&mode=play&dl_mp3folder=X&dl_file=x_minus_one_1957-07-04_skulking_permit_remake.mp3&dl_series=X Minus One&dl_title=Skulking Permit Remake&dl_date=1957.07.04&dl_size=10.05 MB
X Minus One,https://radioechoes.com/?page=series&genre=OTR-Sci-Fi&series=X%20Minus%20One,Early Model,1957.07.11,https://radioechoes.com/?page=play_download&mode=play&dl_mp3folder=X&dl_file=x_minus_one_1957-07-11_early_model.mp3&dl_series=X Minus One&dl_title=Early Model&dl_date=1957.07.11&dl_size=10.08 MB
X Minus One,https://radioechoes.com/?page=series&genre=OTR-Sci-Fi&series=X%20Minus%20One,The Merchants Of Venus,1957.07.18,https://radioechoes.com/?page=play_download&mode=play&dl_mp3folder=X&dl_file=x_minus_one_1957-07-18_the_merchants_of_venus.mp3&dl_series=X Minus One&dl_title=The Merchants Of Venus&dl_date=1957.07.18&dl_size=4.53 MB
X Minus One,https://radioechoes.com/?page=series&genre=OTR-Sci-Fi&series=X%20Minus%20One,The Haunted Corpse,1957.07.25,https://radioechoes.com/?page=play_download&mode=play&dl_mp3folder=X&dl_file=x_minus_one_1957-07-25_the_haunted_corpse.mp3&dl_series=X Minus One&dl_title=The Haunted Corpse&dl_date=1957.07.25&dl_size=4.25 MB
X Minus One,https://radioechoes.com/?page=series&genre=OTR-Sci-Fi&series=X%20Minus%20One,End As A World,1957.08.01,https://radioechoes.com/?page=play_download&mode=play&dl_mp3folder=X&dl_file=x_minus_one_1957-08-01_end_as_a_world.mp3&dl_series=X Minus One&dl_title=End As A World&dl_date=1957.08.01&dl_size=9.87 MB
X Minus One,https://radioechoes.com/?page=series&genre=OTR-Sci-Fi&series=X%20Minus%20One,The Scapegoat,1957.08.08,https://radioechoes.com/?page=play_download&mode=play&dl_mp3folder=X&dl_file=x_minus_one_1957-08-08_the_scapegoat.mp3&dl_series=X Minus One&dl_title=The Scapegoat&dl_date=1957.08.08&dl_size=4.6 MB
X Minus One,https://radioechoes.com/?page=series&genre=OTR-Sci-Fi&series=X%20Minus%20One,At The Post,1957.08.15,https://radioechoes.com/?page=play_download&mode=play&dl_mp3folder=X&dl_file=x_minus_one_1957-08-15_at_the_post.mp3&dl_series=X Minus One&dl_title=At The Post&dl_date=1957.08.15&dl_size=5.06 MB
X Minus One,https://radioechoes.com/?page=series&genre=OTR-Sci-Fi&series=X%20Minus%20One,Drop Dead,1957.08.22,https://radioechoes.com/?page=play_download&mode=play&dl_mp3folder=X&dl_file=x_minus_one_1957-08-22_drop_dead.mp3&dl_series=X Minus One&dl_title=Drop Dead&dl_date=1957.08.22&dl_size=4.15 MB
X Minus One,https://radioechoes.com/?page=series&genre=OTR-Sci-Fi&series=X%20Minus%20One,Volpla,1957.08.29,https://radioechoes.com/?page=play_download&mode=play&dl_mp3folder=X&dl_file=x_minus_one_1957-08-29_volpla.mp3&dl_series=X Minus One&dl_title=Volpla&dl_date=1957.08.29&dl_size=4.2 MB
X Minus One,https://radioechoes.com/?page=series&genre=OTR-Sci-Fi&series=X%20Minus%20One,Saucer Of Loneliness,1957.09.05,https://radioechoes.com/?page=play_download&mode=play&dl_mp3folder=X&dl_file=x_minus_one_1957-09-05_saucer_of_loneliness.mp3&dl_series=X Minus One&dl_title=Saucer Of Loneliness&dl_date=1957.09.05&dl_size=13.07 MB
X Minus One,https://radioechoes.com/?page=series&genre=OTR-Sci-Fi&series=X%20Minus%20One,The Old Die Rich Remake,1957.09.12,https://radioechoes.com/?page=play_download&mode=play&dl_mp3folder=X&dl_file=x_minus_one_1957-09-12_the_old_die_rich_remake.mp3&dl_series=X Minus One&dl_title=The Old Die Rich Remake&dl_date=1957.09.12&dl_size=12.48 MB
X Minus One,https://radioechoes.com/?page=series&genre=OTR-Sci-Fi&series=X%20Minus%20One,Tyslana,1957.09.19,https://radioechoes.com/?page=play_download&mode=play&dl_mp3folder=X&dl_file=x_minus_one_1957-09-19_tyslana.mp3&dl_series=X Minus One&dl_title=Tyslana&dl_date=1957.09.19&dl_size=4.6 MB
X Minus One,https://radioechoes.com/?page=series&genre=OTR-Sci-Fi&series=X%20Minus%20One,The Native Problem,1957.09.26,https://radioechoes.com/?page=play_download&mode=play&dl_mp3folder=X&dl_file=x_minus_one_1957-09-26_the_native_problem.mp3&dl_series=X Minus One&dl_title=The Native Problem&dl_date=1957.09.26&dl_size=9.4 MB
X Minus One,https://radioechoes.com/?page=series&genre=OTR-Sci-Fi&series=X%20Minus%20One,A Wind Is Rising,1957.10.03,https://radioechoes.com/?page=play_download&mode=play&dl_mp3folder=X&dl_file=x_minus_one_1957-10-03_a_wind_is_rising.mp3&dl_series=X Minus One&dl_title=A Wind Is Rising&dl_date=1957.10.03&dl_size=9.69 MB
X Minus One,https://radioechoes.com/?page=series&genre=OTR-Sci-Fi&series=X%20Minus%20One,Death Wish,1957.10.10,https://radioechoes.com/?page=play_download&mode=play&dl_mp3folder=X&dl_file=x_minus_one_1957-10-10_death_wish.mp3&dl_series=X Minus One&dl_title=Death Wish&dl_date=1957.10.10&dl_size=9.79 MB
X Minus One,https://radioechoes.com/?page=series&genre=OTR-Sci-Fi&series=X%20Minus%20One,Point Of Departure,1957.10.17,https://radioechoes.com/?page=play_download&mode=play&dl_mp3folder=X&dl_file=x_minus_one_1957-10-17_point_of_departure.mp3&dl_series=X Minus One&dl_title=Point Of Departure&dl_date=1957.10.17&dl_size=9.19 MB
X Minus One,https://radioechoes.com/?page=series&genre=OTR-Sci-Fi&series=X%20Minus%20One,The Light,1957.10.24,https://radioechoes.com/?page=play_download&mode=play&dl_mp3folder=X&dl_file=x_minus_one_1957-10-24_the_light.mp3&dl_series=X Minus One&dl_title=The Light&dl_date=1957.10.24&dl_size=9.14 MB
X Minus One,https://radioechoes.com/?page=series&genre=OTR-Sci-Fi&series=X%20Minus%20One,Lulu,1957.10.31,https://radioechoes.com/?page=play_download&mode=play&dl_mp3folder=X&dl_file=x_minus_one_1957-10-31_lulu.mp3&dl_series=X Minus One&dl_title=Lulu&dl_date=1957.10.31&dl_size=9.89 MB
X Minus One,https://radioechoes.com/?page=series&genre=OTR-Sci-Fi&series=X%20Minus%20One,Coffin Cure,1957.11.21,https://radioechoes.com/?page=play_download&mode=play&dl_mp3folder=X&dl_file=x_minus_one_1957-11-21_coffin_cure.mp3&dl_series=X Minus One&dl_title=Coffin Cure&dl_date=1957.11.21&dl_size=9.85 MB
X Minus One,https://radioechoes.com/?page=series&genre=OTR-Sci-Fi&series=X%20Minus%20One,Shock Troop,1957.11.28,https://radioechoes.com/?page=play_download&mode=play&dl_mp3folder=X&dl_file=x_minus_one_1957-11-28_shock_troop.mp3&dl_series=X Minus One&dl_title=Shock Troop&dl_date=1957.11.28&dl_size=4.39 MB
X Minus One,https://radioechoes.com/?page=series&genre=OTR-Sci-Fi&series=X%20Minus%20One,The Haunted Corpse,1957.12.12,https://radioechoes.com/?page=play_download&mode=play&dl_mp3folder=X&dl_file=x_minus_one_1957-12-12_the_haunted_corpse.mp3&dl_series=X Minus One&dl_title=The Haunted Corpse&dl_date=1957.12.12&dl_size=4.65 MB
X Minus One,https://radioechoes.com/?page=series&genre=OTR-Sci-Fi&series=X%20Minus%20One,Double Dare,1957.12.19,https://radioechoes.com/?page=play_download&mode=play&dl_mp3folder=X&dl_file=x_minus_one_1957-12-19_double_dare.mp3&dl_series=X Minus One&dl_title=Double Dare&dl_date=1957.12.19&dl_size=9.14 MB
X Minus One,https://radioechoes.com/?page=series&genre=OTR-Sci-Fi&series=X%20Minus%20One,Target One,1957.12.26,https://radioechoes.com/?page=play_download&mode=play&dl_mp3folder=X&dl_file=x_minus_one_1957-12-26_target_one.mp3&dl_series=X Minus One&dl_title=Target One&dl_date=1957.12.26&dl_size=9.58 MB
X Minus One,https://radioechoes.com/?page=series&genre=OTR-Sci-Fi&series=X%20Minus%20One,Prime Difference,1958.01.02,https://radioechoes.com/?page=play_download&mode=play&dl_mp3folder=X&dl_file=x_minus_one_1958-01-02_prime_difference.mp3&dl_series=X Minus One&dl_title=Prime Difference&dl_date=1958.01.02&dl_size=9.02 MB
X Minus One,https://radioechoes.com/?page=series&genre=OTR-Sci-Fi&series=X%20Minus%20One,Gray Flannel Armor,1958.01.09,https://radioechoes.com/?page=play_download&mode=play&dl_mp3folder=X&dl_file=x_minus_one_1958-01-09_gray_flannel_armor.mp3&dl_series=X Minus One&dl_title=Gray Flannel Armor&dl_date=1958.01.09&dl_size=9.8 MB
X Minus One,https://radioechoes.com/?page=series&genre=OTR-Sci-Fi&series=X%20Minus%20One,The Iron Chancellor,1973.01.27,https://radioechoes.com/?page=play_download&mode=play&dl_mp3folder=X&dl_file=x_minus_one_1973-01-27_the_iron_chancellor.mp3&dl_series=X Minus One&dl_title=The Iron Chancellor&dl_date=1973.01.27&dl_size=6 MB
X Minus One,https://radioechoes.com/?page=series&genre=OTR-Sci-Fi&series=X%20Minus%20One,Competition,19xx.xx.xx,https://radioechoes.com/?page=play_download&mode=play&dl_mp3folder=X&dl_file=x_minus_one_19xx-xx-xx_competition.mp3&dl_series=X Minus One&dl_title=Competition&dl_date=19xx.xx.xx&dl_size=6.47 MB
